YEAR,MONTH,DAY,DAY_OF_WEEK,ORG_AIRPORT,DEST_AIRPORT,SCHEDULED_DEPARTURE,DEPARTURE_TIME,DEPARTURE_DELAY,SCHEDULED_ARRIVAL,ARRIVAL_TIME,ARRIVAL_DELAY
2025,1,1,3,JFK,ATL,600,556,-4,832,839,7
2025,1,1,3,JFK,ATL,630,622,-8,910,855,-15
2025,1,1,3,JFK,ATL,829,932,63,1111,1159,48
2025,1,1,3,JFK,ATL,1100,1055,-5,1341,1325,-16
2025,1,1,3,JFK,ATL,1259,1257,-2,1529,1537,8
2025,1,1,3,JFK,ATL,1315,1350,35,1553,1637,44
2025,1,1,3,JFK,ATL,1559,1621,22,1842,1906,24
2025,1,1,3,JFK,ATL,1751,1851,60,2036,2138,62
2025,1,1,3,JFK,ATL,1753,1755,2,2035,2103,28
2025,1,1,3,JFK,ATL,2115,2116,1,2359,2345,-14
2025,1,1,3,JFK,AUS,700,659,-1,1034,1024,-10
2025,1,1,3,JFK,AUS,1100,1812,432,1426,2215,469
2025,1,1,3,JFK,AUS,1740,1738,-2,2115,2130,15
2025,1,1,3,JFK,AUS,1752,1748,-4,2120,2142,22
2025,1,1,3,JFK,BNA,630,627,-3,815,804,-11
2025,1,1,3,JFK,BNA,1221,1243,22,1403,1427,24
2025,1,1,3,JFK,BNA,1229,1221,-8,1403,1356,-7
2025,1,1,3,JFK,BNA,1529,1523,-6,1715,1717,2
2025,1,1,3,JFK,BNA,1850,1846,-4,2040,2041,1
2025,1,1,3,JFK,BOS,800,819,19,918,922,4
2025,1,1,3,JFK,BOS,959,952,-7,1115,1054,-21
2025,1,1,3,JFK,BOS,1050,1045,-5,1203,1143,-20
2025,1,1,3,JFK,BOS,1300,1258,-2,1415,1404,-11
2025,1,1,3,JFK,BOS,1300,1301,1,1415,1413,-2
2025,1,1,3,JFK,BOS,1445,1438,-7,1559,1551,-8
2025,1,1,3,JFK,BOS,1740,1738,-2,1853,1903,10
2025,1,1,3,JFK,BOS,1800,1756,-4,1915,1932,17
2025,1,1,3,JFK,BOS,2000,2005,5,2125,2118,-7
2025,1,1,3,JFK,BOS,2259,2345,46,18,58,40
2025,1,1,3,JFK,BQN,1517,1529,12,2009,2022,13
2025,1,1,3,JFK,BQN,2015,2008,-7,112,101,-11
2025,1,1,3,JFK,BTV,1630,1623,-7,1759,1746,-13
2025,1,1,3,JFK,BUF,1429,1428,-1,1601,1552,-9
2025,1,1,3,JFK,BUF,2030,2037,7,2209,2202,-7
2025,1,1,3,JFK,CHS,945,940,-5,1205,1149,-16
2025,1,1,3,JFK,CHS,1105,1058,-7,1327,1314,-13
2025,1,1,3,JFK,CHS,1415,1437,22,1633,1704,31
2025,1,1,3,JFK,CHS,1740,1802,22,2008,2047,39
2025,1,1,3,JFK,CLE,840,910,30,1035,1045,10
2025,1,1,3,JFK,CLE,1605,1556,-9,1805,1802,-3
2025,1,1,3,JFK,CLT,616,613,-3,825,803,-22
2025,1,1,3,JFK,CLT,1037,1032,-5,1247,1230,-17
2025,1,1,3,JFK,CLT,1455,1448,-7,1705,1700,-5
2025,1,1,3,JFK,CLT,1930,1929,-1,2143,2139,-4
2025,1,1,3,JFK,CLT,1935,1932,-3,2157,2156,-1
2025,1,1,3,JFK,CMH,1200,1200,0,1355,1354,-1
2025,1,1,3,JFK,CMH,1635,1631,-4,1832,1826,-6
2025,1,1,3,JFK,CMH,1655,1708,13,1855,1905,10
2025,1,1,3,JFK,DCA,800,754,-6,924,912,-12
2025,1,1,3,JFK,DCA,1450,1449,-1,1619,1639,20
2025,1,1,3,JFK,DCA,1459,1453,-6,1624,1635,11
2025,1,1,3,JFK,DCA,1929,2011,42,2101,2136,35
2025,1,1,3,JFK,DCA,2059,2057,-2,2240,2221,-19
2025,1,1,3,JFK,DEN,700,656,-4,935,912,-23
2025,1,1,3,JFK,DEN,810,807,-3,1101,1034,-27
2025,1,1,3,JFK,DEN,1545,1545,0,1816,1827,11
2025,1,1,3,JFK,DEN,2059,2056,-3,2336,2326,-10
2025,1,1,3,JFK,DFW,805,801,-4,1124,1120,-4
2025,1,1,3,JFK,DFW,830,1141,191,1150,1501,191
2025,1,1,3,JFK,DFW,1430,1423,-7,1742,1736,-6
2025,1,1,3,JFK,DFW,1556,1554,-2,1910,1911,1
2025,1,1,3,JFK,DFW,1750,1820,30,2107,2227,80
2025,1,1,3,JFK,EGE,730,736,6,1017,1013,-4
2025,1,1,3,JFK,FLL,501,500,-1,804,755,-9
2025,1,1,3,JFK,FLL,600,554,-6,904,931,27
2025,1,1,3,JFK,FLL,659,655,-4,1009,1015,6
2025,1,1,3,JFK,FLL,730,725,-5,1048,1033,-15
2025,1,1,3,JFK,FLL,900,903,3,1208,1202,-6
2025,1,1,3,JFK,FLL,1030,1043,13,1337,1346,9
2025,1,1,3,JFK,FLL,1115,1108,-7,1422,1429,7
2025,1,1,3,JFK,FLL,1329,1330,1,1640,1646,6
2025,1,1,3,JFK,FLL,1712,1732,20,2022,2100,38
2025,1,1,3,JFK,FLL,1725,1724,-1,2036,2035,-1
2025,1,1,3,JFK,FLL,1930,1933,3,2242,2253,11
2025,1,1,3,JFK,FLL,1950,2010,20,2305,2317,12
2025,1,1,3,JFK,FLL,2145,2225,40,58,129,31
2025,1,1,3,JFK,HNL,955,950,-5,1613,1613,0
2025,1,1,3,JFK,HNL,1000,955,-5,1615,1633,18
2025,1,1,3,JFK,IAH,800,759,-1,1110,1125,15
2025,1,1,3,JFK,IND,1820,1816,-4,2047,2049,2
2025,1,1,3,JFK,JAX,800,752,-8,1042,1025,-17
2025,1,1,3,JFK,JAX,935,927,-8,1220,1203,-17
2025,1,1,3,JFK,JAX,1459,1501,2,1740,1744,4
2025,1,1,3,JFK,JAX,1959,1954,-5,2248,2244,-4
2025,1,1,3,JFK,JAX,2015,2014,-1,2303,2302,-1
2025,1,1,3,JFK,LAS,710,705,-5,1009,947,-22
2025,1,1,3,JFK,LAS,745,743,-2,1040,1018,-22
2025,1,1,3,JFK,LAS,759,758,-1,1100,1057,-3
2025,1,1,3,JFK,LAS,959,952,-7,1249,1235,-14
2025,1,1,3,JFK,LAS,1130,1126,-4,1427,1402,-25
2025,1,1,3,JFK,LAS,1655,1715,20,1951,2002,11
2025,1,1,3,JFK,LAS,1800,1752,-8,2048,2057,9
2025,1,1,3,JFK,LAS,2053,2207,74,2359,36,37
2025,1,1,3,JFK,LAS,2054,2048,-6,2359,2336,-23
2025,1,1,3,JFK,LAX,545,541,-4,910,845,-25
2025,1,1,3,JFK,LAX,600,554,-6,922,912,-10
2025,1,1,3,JFK,LAX,659,656,-3,1020,1013,-7
2025,1,1,3,JFK,LAX,710,707,-3,1030,1048,18
2025,1,1,3,JFK,LAX,800,751,-9,1122,1049,-33
2025,1,1,3,JFK,LAX,815,859,44,1140,1230,50
2025,1,1,3,JFK,LAX,905,937,32,1224,1240,16
2025,1,1,3,JFK,LAX,959,1002,3,1318,1323,5
2025,1,1,3,JFK,LAX,1030,1025,-5,1341,1400,19
2025,1,1,3,JFK,LAX,1100,1051,-9,1422,1353,-29
2025,1,1,3,JFK,LAX,1100,1053,-7,1417,1404,-13
2025,1,1,3,JFK,LAX,1255,1245,-10,1614,1553,-21
2025,1,1,3,JFK,LAX,1300,1300,0,1612,1600,-12
2025,1,1,3,JFK,LAX,1529,1717,108,1850,2125,155
2025,1,1,3,JFK,LAX,1534,1529,-5,1857,1829,-28
2025,1,1,3,JFK,LAX,1540,1539,-1,1859,1903,4
2025,1,1,3,JFK,LAX,1629,1625,-4,1953,1931,-22
2025,1,1,3,JFK,LAX,1729,1722,-7,2053,2038,-15
2025,1,1,3,JFK,LAX,1750,1748,-2,2108,2119,11
2025,1,1,3,JFK,LAX,1815,1905,50,2143,2302,79
2025,1,1,3,JFK,LAX,1915,1906,-9,2241,2228,-13
2025,1,1,3,JFK,LAX,1950,1952,2,2313,2304,-9
2025,1,1,3,JFK,LAX,2011,2010,-1,2339,2328,-11
2025,1,1,3,JFK,LAX,2100,2052,-8,29,27,-2
2025,1,1,3,JFK,LAX,2129,2127,-2,54,44,-10
2025,1,1,3,JFK,MCO,501,459,-2,801,810,9
2025,1,1,3,JFK,MCO,700,658,-2,1005,953,-12
2025,1,1,3,JFK,MCO,730,956,146,1034,1306,152
2025,1,1,3,JFK,MCO,949,946,-3,1254,1237,-17
2025,1,1,3,JFK,MCO,959,955,-4,1259,1308,9
2025,1,1,3,JFK,MCO,1200,1209,9,1458,1525,27
2025,1,1,3,JFK,MCO,1210,1210,0,1505,1505,0
2025,1,1,3,JFK,MCO,1300,1258,-2,1559,1622,23
2025,1,1,3,JFK,MCO,1500,1456,-4,1802,1756,-6
2025,1,1,3,JFK,MCO,1545,1541,-4,1847,1905,18
2025,1,1,3,JFK,MCO,1559,1557,-2,1904,1916,12
2025,1,1,3,JFK,MCO,1705,1706,1,2010,2037,27
2025,1,1,3,JFK,MCO,1755,1827,32,2103,2146,43
2025,1,1,3,JFK,MCO,1930,1934,4,2233,2254,21
2025,1,1,3,JFK,MCO,2045,2041,-4,2353,2352,-1
2025,1,1,3,JFK,MIA,525,523,-2,845,832,-13
2025,1,1,3,JFK,MIA,630,625,-5,950,922,-28
2025,1,1,3,JFK,MIA,700,659,-1,1022,1026,4
2025,1,1,3,JFK,MIA,744,742,-2,1105,1043,-22
2025,1,1,3,JFK,MIA,900,855,-5,1217,1152,-25
2025,1,1,3,JFK,MIA,930,923,-7,1243,1242,-1
2025,1,1,3,JFK,MIA,1100,1103,3,1423,1402,-21
2025,1,1,3,JFK,MIA,1230,1225,-5,1548,1525,-23
2025,1,1,3,JFK,MIA,1320,1342,22,1640,1650,10
2025,1,1,3,JFK,MIA,1350,1349,-1,1700,1707,7
2025,1,1,3,JFK,MIA,1538,1535,-3,1904,1933,29
2025,1,1,3,JFK,MIA,1645,1644,-1,2002,2016,14
2025,1,1,3,JFK,MIA,1730,1727,-3,2048,2053,5
2025,1,1,3,JFK,MIA,1822,1821,-1,2145,2203,18
2025,1,1,3,JFK,MIA,1955,1956,1,2323,2317,-6
2025,1,1,3,JFK,MKE,1820,1901,41,2010,2058,48
2025,1,1,3,JFK,MSP,705,659,-6,925,910,-15
2025,1,1,3,JFK,MSP,1200,1504,184,1411,1655,164
2025,1,1,3,JFK,MSP,1745,2108,203,2007,2253,166
2025,1,1,3,JFK,MSY,810,929,79,1059,1200,61
2025,1,1,3,JFK,MSY,830,822,-8,1112,1113,1
2025,1,1,3,JFK,MSY,1443,1453,10,1715,1730,15
2025,1,1,3,JFK,MSY,1610,1607,-3,1851,1900,9
2025,1,1,3,JFK,ORD,730,723,-7,926,856,-30
2025,1,1,3,JFK,ORD,900,857,-3,1046,1036,-10
2025,1,1,3,JFK,ORD,1051,1141,50,1245,1315,30
2025,1,1,3,JFK,ORD,1554,1552,-2,1742,1728,-14
2025,1,1,3,JFK,ORD,1929,1932,3,2130,2118,-12
2025,1,1,3,JFK,ORF,1620,1617,-3,1754,1747,-7
2025,1,1,3,JFK,ORH,1335,1325,-10,1437,1417,-20
2025,1,1,3,JFK,PBI,705,657,-8,1009,948,-21
2025,1,1,3,JFK,PBI,859,855,-4,1209,1156,-13
2025,1,1,3,JFK,PBI,1125,1234,69,1430,1546,76
2025,1,1,3,JFK,PBI,1346,1411,25,1655,1719,24
2025,1,1,3,JFK,PBI,1454,1506,12,1800,1843,43
2025,1,1,3,JFK,PBI,1550,1548,-2,1853,1858,5
2025,1,1,3,JFK,PBI,1559,1752,113,1905,2117,132
2025,1,1,3,JFK,PBI,1945,1943,-2,2251,2301,10
2025,1,1,3,JFK,PDX,1729,1724,-5,2110,2032,-38
2025,1,1,3,JFK,PDX,2005,2016,11,2335,2328,-7
2025,1,1,3,JFK,PHX,600,553,-7,942,932,-10
2025,1,1,3,JFK,PHX,630,626,-4,1012,1010,-2
2025,1,1,3,JFK,PHX,735,733,-2,1128,1102,-26
2025,1,1,3,JFK,PHX,1255,1258,3,1634,1705,31
2025,1,1,3,JFK,PHX,1640,1650,10,2019,2048,29
2025,1,1,3,JFK,PHX,1855,1851,-4,2238,2239,1
2025,1,1,3,JFK,PIT,1259,1249,-10,1442,1439,-3
2025,1,1,3,JFK,PIT,1419,1415,-4,1612,1547,-25
2025,1,1,3,JFK,PIT,1459,1451,-8,1638,1624,-14
2025,1,1,3,JFK,PSE,2210,2203,-7,259,256,-3
2025,1,1,3,JFK,PSP,1130,1127,-3,1437,1425,-12
2025,1,1,3,JFK,RDU,815,814,-1,1008,1001,-7
2025,1,1,3,JFK,RDU,1030,1024,-6,1222,1204,-18
2025,1,1,3,JFK,RDU,1125,1117,-8,1322,1303,-19
2025,1,1,3,JFK,RDU,1429,1424,-5,1619,1606,-13
2025,1,1,3,JFK,RDU,1510,1506,-4,1702,1704,2
2025,1,1,3,JFK,RDU,2159,2219,20,2351,8,17
2025,1,1,3,JFK,RNO,1845,1906,21,2159,2232,33
2025,1,1,3,JFK,ROC,920,1004,44,1049,1145,56
2025,1,1,3,JFK,ROC,2000,2016,16,2133,2129,-4
2025,1,1,3,JFK,RSW,630,624,-6,949,929,-20
2025,1,1,3,JFK,RSW,730,725,-5,1056,1045,-11
2025,1,1,3,JFK,RSW,1045,1037,-8,1404,1405,1
2025,1,1,3,JFK,RSW,1302,1302,0,1620,1627,7
2025,1,1,3,JFK,RSW,1543,1535,-8,1859,1900,1
2025,1,1,3,JFK,RSW,2059,2051,-8,26,22,-4
2025,1,1,3,JFK,SAN,644,716,32,953,1028,35
2025,1,1,3,JFK,SAN,840,917,37,1211,1220,9
2025,1,1,3,JFK,SAN,930,923,-7,1254,1225,-29
2025,1,1,3,JFK,SAN,1559,1555,-4,1913,1922,9
2025,1,1,3,JFK,SAN,1600,1555,-5,1922,1925,3
2025,1,1,3,JFK,SAN,1633,1631,-2,1956,1941,-15
2025,1,1,3,JFK,SAN,2025,2021,-4,2359,2339,-20
2025,1,1,3,JFK,SAT,1029,1031,2,1405,1417,12
2025,1,1,3,JFK,SAV,900,858,-2,1127,1110,-17
2025,1,1,3,JFK,SAV,1715,1719,4,1944,2002,18
2025,1,1,3,JFK,SAV,1740,1736,-4,2020,2023,3
2025,1,1,3,JFK,SEA,700,653,-7,1025,938,-47
2025,1,1,3,JFK,SEA,700,657,-3,1030,1008,-22
2025,1,1,3,JFK,SEA,1130,1126,-4,1454,1418,-36
2025,1,1,3,JFK,SEA,1529,1522,-7,1854,1825,-29
2025,1,1,3,JFK,SEA,1611,1614,3,1945,1919,-26
2025,1,1,3,JFK,SEA,1830,1820,-10,2209,2146,-23
2025,1,1,3,JFK,SEA,1850,1907,17,2224,2222,-2
2025,1,1,3,JFK,SFO,600,557,-3,940,925,-15
2025,1,1,3,JFK,SFO,645,637,-8,1030,1028,-2
2025,1,1,3,JFK,SFO,705,702,-3,1052,1028,-24
2025,1,1,3,JFK,SFO,900,900,0,1241,1234,-7
2025,1,1,3,JFK,SFO,930,923,-7,1314,1243,-31
2025,1,1,3,JFK,SFO,1000,955,-5,1344,1321,-23
2025,1,1,3,JFK,SFO,1100,1053,-7,1439,1407,-32
2025,1,1,3,JFK,SFO,1300,1253,-7,1637,1625,-12
2025,1,1,3,JFK,SFO,1455,1504,9,1836,1831,-5
2025,1,1,3,JFK,SFO,1540,1533,-7,1917,1928,11
2025,1,1,3,JFK,SFO,1630,1621,-9,2012,1958,-14
2025,1,1,3,JFK,SFO,1715,1714,-1,2059,2048,-11
2025,1,1,3,JFK,SFO,1830,1823,-7,2213,2212,-1
2025,1,1,3,JFK,SFO,2020,2012,-8,2359,11,12
2025,1,1,3,JFK,SFO,2040,2056,16,24,33,9
2025,1,1,3,JFK,SJU,600,605,5,1057,1049,-8
2025,1,1,3,JFK,SJU,600,620,20,1048,1053,5
2025,1,1,3,JFK,SJU,700,657,-3,1200,1137,-23
2025,1,1,3,JFK,SJU,800,756,-4,1252,1235,-17
2025,1,1,3,JFK,SJU,1123,1327,124,1620,1906,166
2025,1,1,3,JFK,SJU,1130,1127,-3,1626,1608,-18
2025,1,1,3,JFK,SJU,1200,1205,5,1649,1649,0
2025,1,1,3,JFK,SJU,1548,1559,11,2034,2103,29
2025,1,1,3,JFK,SJU,1740,1755,15,2244,2317,33
2025,1,1,3,JFK,SJU,1900,1935,35,2351,39,48
2025,1,1,3,JFK,SJU,2059,2102,3,154,205,11
2025,1,1,3,JFK,SJU,2115,2136,21,218,222,4
2025,1,1,3,JFK,SJU,2155,2246,51,245,330,45
2025,1,1,3,JFK,SJU,2350,4,14,437,441,4
2025,1,1,3,JFK,SLC,655,658,3,1018,954,-24
2025,1,1,3,JFK,SLC,735,731,-4,1101,1034,-27
2025,1,1,3,JFK,SLC,1108,1104,-4,1436,1408,-28
2025,1,1,3,JFK,SLC,1529,1524,-5,1902,1838,-24
2025,1,1,3,JFK,SLC,1745,1742,-3,2117,2106,-11
2025,1,1,3,JFK,SLC,1830,1836,6,2154,2159,5
2025,1,1,3,JFK,SLC,1955,1957,2,2334,2301,-33
2025,1,1,3,JFK,SRQ,800,945,105,1118,1327,129
2025,1,1,3,JFK,STT,835,823,-12,1340,1303,-37
2025,1,1,3,JFK,STT,840,910,30,1339,1355,16
2025,1,1,3,JFK,SYR,939,951,12,1058,1102,4
2025,1,1,3,JFK,SYR,1530,1524,-6,1659,1640,-19
2025,1,1,3,JFK,SYR,1729,1729,0,1848,1853,5
2025,1,1,3,JFK,TPA,740,739,-1,1046,1042,-4
2025,1,1,3,JFK,TPA,1003,955,-8,1309,1258,-11
2025,1,1,3,JFK,TPA,1135,1142,7,1439,1442,3
2025,1,1,3,JFK,TPA,1210,1215,5,1516,1525,9
2025,1,1,3,JFK,TPA,1530,1523,-7,1838,1845,7
2025,1,1,3,JFK,TPA,1930,1939,9,2239,2251,12
2025,1,1,3,JFK,TPA,1955,1953,-2,2311,2306,-5
2025,1,2,4,JFK,ATL,600,556,-4,832,831,-1
2025,1,2,4,JFK,ATL,630,629,-1,910,900,-10
2025,1,2,4,JFK,ATL,829,829,0,1111,1104,-7
2025,1,2,4,JFK,ATL,1100,1055,-5,1341,1321,-20
2025,1,2,4,JFK,ATL,1259,1254,-5,1529,1524,-5
2025,1,2,4,JFK,ATL,1315,1333,18,1553,1609,16
2025,1,2,4,JFK,ATL,1559,1607,8,1839,1834,-5
2025,1,2,4,JFK,ATL,1751,1802,11,2036,2033,-3
2025,1,2,4,JFK,ATL,1753,1818,25,2035,2052,17
2025,1,2,4,JFK,ATL,1900,1859,-1,2145,2133,-12
2025,1,2,4,JFK,ATL,2100,2230,90,2340,47,67
2025,1,2,4,JFK,ATL,2115,2115,0,2359,2342,-17
2025,1,2,4,JFK,AUS,700,655,-5,1034,1019,-15
2025,1,2,4,JFK,AUS,1100,1057,-3,1426,1425,-1
2025,1,2,4,JFK,AUS,1224,1218,-6,1555,1552,-3
2025,1,2,4,JFK,AUS,1740,1740,0,2115,2108,-7
2025,1,2,4,JFK,AUS,1752,1746,-6,2120,2057,-23
2025,1,2,4,JFK,BNA,630,637,7,815,802,-13
2025,1,2,4,JFK,BNA,1221,1255,34,1403,1427,24
2025,1,2,4,JFK,BNA,1229,1223,-6,1403,1352,-11
2025,1,2,4,JFK,BNA,1529,1523,-6,1715,1705,-10
2025,1,2,4,JFK,BNA,1850,1848,-2,2040,2131,51
2025,1,2,4,JFK,BOS,800,753,-7,918,853,-25
2025,1,2,4,JFK,BOS,959,951,-8,1115,1103,-12
2025,1,2,4,JFK,BOS,1050,1047,-3,1203,1147,-16
2025,1,2,4,JFK,BOS,1300,1256,-4,1415,1404,-11
2025,1,2,4,JFK,BOS,1300,1258,-2,1415,1427,12
2025,1,2,4,JFK,BOS,1445,1501,16,1559,1621,22
2025,1,2,4,JFK,BOS,1740,1734,-6,1853,1918,25
2025,1,2,4,JFK,BOS,1800,1753,-7,1915,1926,11
2025,1,2,4,JFK,BOS,2100,2057,-3,2223,2222,-1
2025,1,2,4,JFK,BOS,2259,2308,9,18,13,-5
2025,1,2,4,JFK,BQN,1517,1522,5,2009,2007,-2
2025,1,2,4,JFK,BQN,2015,2012,-3,112,111,-1
2025,1,2,4,JFK,BTV,1219,1348,89,1345,1511,86
2025,1,2,4,JFK,BTV,1945,1959,14,2129,2138,9
2025,1,2,4,JFK,BUF,910,906,-4,1042,1027,-15
2025,1,2,4,JFK,BUF,1304,1409,65,1443,1546,63
2025,1,2,4,JFK,BUF,1429,1454,25,1601,1626,25
2025,1,2,4,JFK,BUF,2030,2030,0,2209,2158,-11
2025,1,2,4,JFK,BZN,700,656,-4,1002,944,-18
2025,1,2,4,JFK,BZN,930,925,-5,1247,1220,-27
2025,1,2,4,JFK,CHS,935,928,-7,1158,1144,-14
2025,1,2,4,JFK,CHS,945,944,-1,1205,1210,5
2025,1,2,4,JFK,CHS,1415,1413,-2,1633,1650,17
2025,1,2,4,JFK,CHS,1740,1815,35,2008,2040,32
2025,1,2,4,JFK,CLE,840,831,-9,1035,1036,1
2025,1,2,4,JFK,CLE,857,1000,63,1100,1208,68
2025,1,2,4,JFK,CLE,1436,1544,68,1637,1739,62
2025,1,2,4,JFK,CLT,610,609,-1,819,815,-4
2025,1,2,4,JFK,CLT,745,742,-3,955,947,-8
2025,1,2,4,JFK,CLT,1037,1034,-3,1248,1227,-21
2025,1,2,4,JFK,CLT,1455,1448,-7,1705,1651,-14
2025,1,2,4,JFK,CLT,1930,1929,-1,2141,2139,-2
2025,1,2,4,JFK,CLT,1935,2051,76,2157,2255,58
2025,1,2,4,JFK,CMH,1013,1009,-4,1213,1202,-11
2025,1,2,4,JFK,CMH,1200,1155,-5,1355,1346,-9
2025,1,2,4,JFK,CMH,1635,1630,-5,1832,1828,-4
2025,1,2,4,JFK,CMH,1655,1748,53,1855,1945,50
2025,1,2,4,JFK,CVG,930,928,-2,1149,1145,-4
2025,1,2,4,JFK,CVG,1105,1107,2,1323,1322,-1
2025,1,2,4,JFK,DCA,800,753,-7,924,906,-18
2025,1,2,4,JFK,DCA,1450,1447,-3,1619,1619,0
2025,1,2,4,JFK,DCA,1459,1451,-8,1624,1612,-12
2025,1,2,4,JFK,DCA,1929,1923,-6,2101,2038,-23
2025,1,2,4,JFK,DCA,2059,2053,-6,2240,2229,-11
2025,1,2,4,JFK,DEN,810,805,-5,1101,1054,-7
2025,1,2,4,JFK,DEN,1129,1125,-4,1405,1349,-16
2025,1,2,4,JFK,DEN,1545,1541,-4,1816,1815,-1
2025,1,2,4,JFK,DEN,1929,1926,-3,2213,2206,-7
2025,1,2,4,JFK,DEN,2059,2105,6,2336,2343,7
2025,1,2,4,JFK,DFW,805,801,-4,1124,1056,-28
2025,1,2,4,JFK,DFW,830,830,0,1150,1135,-15
2025,1,2,4,JFK,DFW,1430,1425,-5,1742,1732,-10
2025,1,2,4,JFK,DFW,1556,1631,35,1910,1943,33
2025,1,2,4,JFK,DFW,1750,1801,11,2107,2112,5
2025,1,2,4,JFK,EGE,730,722,-8,1017,1003,-14
2025,1,2,4,JFK,FLL,501,510,9,804,807,3
2025,1,2,4,JFK,FLL,600,556,-4,904,856,-8
2025,1,2,4,JFK,FLL,659,655,-4,1009,1013,4
2025,1,2,4,JFK,FLL,730,727,-3,1048,1039,-9
2025,1,2,4,JFK,FLL,900,858,-2,1208,1220,12
2025,1,2,4,JFK,FLL,1030,1127,57,1337,1448,71
2025,1,2,4,JFK,FLL,1115,1111,-4,1422,1422,0
2025,1,2,4,JFK,FLL,1329,1343,14,1640,1706,26
2025,1,2,4,JFK,FLL,1527,1525,-2,1844,1927,43
2025,1,2,4,JFK,FLL,1712,1727,15,2022,2034,12
2025,1,2,4,JFK,FLL,1725,1723,-2,2036,2054,18
2025,1,2,4,JFK,FLL,1930,1930,0,2242,2238,-4
2025,1,2,4,JFK,FLL,1950,2011,21,2305,2336,31
2025,1,2,4,JFK,FLL,2145,2209,24,58,112,14
2025,1,2,4,JFK,HNL,955,1052,57,1613,1653,40
2025,1,2,4,JFK,HNL,1000,1012,12,1615,1615,0
2025,1,2,4,JFK,IAH,800,752,-8,1110,1116,6
2025,1,2,4,JFK,IND,955,952,-3,1220,1207,-13
2025,1,2,4,JFK,IND,1559,1552,-7,1821,1813,-8
2025,1,2,4,JFK,IND,1820,1816,-4,2047,2038,-9
2025,1,2,4,JFK,JAX,800,807,7,1042,1053,11
2025,1,2,4,JFK,JAX,1459,1457,-2,1740,1739,-1
2025,1,2,4,JFK,JAX,1959,1956,-3,2248,2254,6
2025,1,2,4,JFK,JAX,2015,2021,6,2303,2314,11
2025,1,2,4,JFK,LAS,710,709,-1,1009,1004,-5
2025,1,2,4,JFK,LAS,745,744,-1,1040,1037,-3
2025,1,2,4,JFK,LAS,759,810,11,1100,1112,12
2025,1,2,4,JFK,LAS,959,948,-11,1249,1231,-18
2025,1,2,4,JFK,LAS,1130,1126,-4,1427,1420,-7
2025,1,2,4,JFK,LAS,1655,1652,-3,1951,2017,26
2025,1,2,4,JFK,LAS,1800,1757,-3,2048,2033,-15
2025,1,2,4,JFK,LAS,2053,2058,5,2359,2347,-12
2025,1,2,4,JFK,LAS,2054,2051,-3,2359,2400,1
2025,1,2,4,JFK,LAX,545,539,-6,910,841,-29
2025,1,2,4,JFK,LAX,600,554,-6,922,915,-7
2025,1,2,4,JFK,LAX,659,652,-7,1020,1022,2
2025,1,2,4,JFK,LAX,700,658,-2,1021,1012,-9
2025,1,2,4,JFK,LAX,710,709,-1,1030,1017,-13
2025,1,2,4,JFK,LAX,800,756,-4,1122,1113,-9
2025,1,2,4,JFK,LAX,815,814,-1,1140,1126,-14
2025,1,2,4,JFK,LAX,905,858,-7,1224,1207,-17
2025,1,2,4,JFK,LAX,959,949,-10,1318,1304,-14
2025,1,2,4,JFK,LAX,1030,1024,-6,1341,1336,-5
2025,1,2,4,JFK,LAX,1100,1049,-11,1417,1356,-21
2025,1,2,4,JFK,LAX,1100,1053,-7,1422,1354,-28
2025,1,2,4,JFK,LAX,1255,1252,-3,1614,1557,-17
2025,1,2,4,JFK,LAX,1300,1402,62,1612,1721,69
2025,1,2,4,JFK,LAX,1529,1528,-1,1850,1844,-6
2025,1,2,4,JFK,LAX,1534,1529,-5,1857,1837,-20
2025,1,2,4,JFK,LAX,1540,1534,-6,1859,1849,-10
2025,1,2,4,JFK,LAX,1629,1621,-8,1953,1923,-30
2025,1,2,4,JFK,LAX,1705,1657,-8,2030,2028,-2
2025,1,2,4,JFK,LAX,1729,1722,-7,2053,2025,-28
2025,1,2,4,JFK,LAX,1750,1746,-4,2108,2101,-7
2025,1,2,4,JFK,LAX,1815,2113,178,2140,17,157
2025,1,2,4,JFK,LAX,1915,1910,-5,2241,2312,31
2025,1,2,4,JFK,LAX,1950,1944,-6,2313,2319,6
2025,1,2,4,JFK,LAX,1955,1957,2,2328,2325,-3
2025,1,2,4,JFK,LAX,2011,2010,-1,2339,2345,6
2025,1,2,4,JFK,LAX,2100,2052,-8,29,3,-26
2025,1,2,4,JFK,LAX,2129,2131,2,54,52,-2
2025,1,2,4,JFK,MCO,501,640,99,801,948,107
2025,1,2,4,JFK,MCO,700,659,-1,1005,1009,4
2025,1,2,4,JFK,MCO,730,728,-2,1034,1039,5
2025,1,2,4,JFK,MCO,949,950,1,1254,1251,-3
2025,1,2,4,JFK,MCO,959,956,-3,1259,1301,2
2025,1,2,4,JFK,MCO,1200,1201,1,1458,1458,0
2025,1,2,4,JFK,MCO,1210,1210,0,1505,1504,-1
2025,1,2,4,JFK,MCO,1300,1300,0,1559,1552,-7
2025,1,2,4,JFK,MCO,1500,1459,-1,1802,1807,5
2025,1,2,4,JFK,MCO,1545,1543,-2,1847,1852,5
2025,1,2,4,JFK,MCO,1559,1605,6,1904,1909,5
2025,1,2,4,JFK,MCO,1705,1710,5,2010,2029,19
2025,1,2,4,JFK,MCO,1755,1926,91,2103,2259,116
2025,1,2,4,JFK,MCO,1930,1923,-7,2233,2242,9
2025,1,2,4,JFK,MCO,1955,1953,-2,2310,2324,14
2025,1,2,4,JFK,MCO,2045,2047,2,2353,2348,-5
2025,1,2,4,JFK,MIA,525,521,-4,845,834,-11
2025,1,2,4,JFK,MIA,630,625,-5,950,944,-6
2025,1,2,4,JFK,MIA,700,655,-5,1022,1039,17
2025,1,2,4,JFK,MIA,744,742,-2,1105,1116,11
2025,1,2,4,JFK,MIA,900,857,-3,1217,1234,17
2025,1,2,4,JFK,MIA,930,957,27,1243,1327,44
2025,1,2,4,JFK,MIA,1100,1111,11,1423,1454,31
2025,1,2,4,JFK,MIA,1230,1227,-3,1548,1548,0
2025,1,2,4,JFK,MIA,1320,1317,-3,1640,1649,9
2025,1,2,4,JFK,MIA,1350,1425,35,1700,1737,37
2025,1,2,4,JFK,MIA,1538,1550,12,1904,1914,10
2025,1,2,4,JFK,MIA,1645,1731,46,2002,2045,43
2025,1,2,4,JFK,MIA,1730,1727,-3,2048,2025,-23
2025,1,2,4,JFK,MIA,1822,1816,-6,2145,2124,-21
2025,1,2,4,JFK,MIA,1955,2018,23,2323,2350,27
2025,1,2,4,JFK,MKE,1820,1906,46,2010,2052,42
2025,1,2,4,JFK,MSP,705,705,0,925,916,-9
2025,1,2,4,JFK,MSP,1200,1156,-4,1411,1350,-21
2025,1,2,4,JFK,MSP,1745,1742,-3,2007,2000,-7
2025,1,2,4,JFK,MSY,810,809,-1,1059,1030,-29
2025,1,2,4,JFK,MSY,830,825,-5,1112,1114,2
2025,1,2,4,JFK,MSY,1443,1442,-1,1715,1704,-11
2025,1,2,4,JFK,MSY,1610,1604,-6,1851,1832,-19
2025,1,2,4,JFK,ORD,730,729,-1,926,910,-16
2025,1,2,4,JFK,ORD,900,859,-1,1046,1023,-23
2025,1,2,4,JFK,ORD,1051,1056,5,1245,1229,-16
2025,1,2,4,JFK,ORD,1535,1528,-7,1738,1724,-14
2025,1,2,4,JFK,ORD,1554,1620,26,1742,1802,20
2025,1,2,4,JFK,ORD,1929,1927,-2,2130,2136,6
2025,1,2,4,JFK,ORF,1200,1155,-5,1324,1312,-12
2025,1,2,4,JFK,ORH,1335,1335,0,1437,1504,27
2025,1,2,4,JFK,PBI,705,701,-4,1009,1014,5
2025,1,2,4,JFK,PBI,859,856,-3,1209,1206,-3
2025,1,2,4,JFK,PBI,1125,1121,-4,1430,1443,13
2025,1,2,4,JFK,PBI,1346,1345,-1,1655,1706,11
2025,1,2,4,JFK,PBI,1454,1500,6,1800,1810,10
2025,1,2,4,JFK,PBI,1550,1600,10,1853,1913,20
2025,1,2,4,JFK,PBI,1559,1555,-4,1905,1919,14
2025,1,2,4,JFK,PBI,1945,1944,-1,2251,2257,6
2025,1,2,4,JFK,PDX,1729,1730,1,2110,2053,-17
2025,1,2,4,JFK,PDX,2005,2000,-5,2335,2351,16
2025,1,2,4,JFK,PHX,600,559,-1,942,932,-10
2025,1,2,4,JFK,PHX,630,626,-4,1012,1013,1
2025,1,2,4,JFK,PHX,735,736,1,1128,1119,-9
2025,1,2,4,JFK,PHX,1255,1253,-2,1634,1618,-16
2025,1,2,4,JFK,PHX,1635,1634,-1,2016,2008,-8
2025,1,2,4,JFK,PHX,1640,1727,47,2019,2046,27
2025,1,2,4,JFK,PHX,1855,1846,-9,2238,2220,-18
2025,1,2,4,JFK,PHX,2040,2046,6,39,6,-33
2025,1,2,4,JFK,PIT,1259,1301,2,1442,1438,-4
2025,1,2,4,JFK,PIT,1419,1504,45,1612,1653,41
2025,1,2,4,JFK,PIT,1459,1450,-9,1638,1632,-6
2025,1,2,4,JFK,PIT,1940,1934,-6,2143,2130,-13
2025,1,2,4,JFK,PSE,2210,2207,-3,259,255,-4
2025,1,2,4,JFK,PSP,1130,1125,-5,1437,1421,-16
2025,1,2,4,JFK,PWM,950,946,-4,1119,1110,-9
2025,1,2,4,JFK,RDU,815,825,10,1008,1008,0
2025,1,2,4,JFK,RDU,1030,1028,-2,1222,1213,-9
2025,1,2,4,JFK,RDU,1125,1123,-2,1322,1327,5
2025,1,2,4,JFK,RDU,1429,1433,4,1619,1633,14
2025,1,2,4,JFK,RDU,1510,1524,14,1702,1730,28
2025,1,2,4,JFK,RDU,2159,2303,64,2351,39,48
2025,1,2,4,JFK,RIC,1605,1607,2,1750,1754,4
2025,1,2,4,JFK,RNO,1845,1848,3,2159,2226,27
2025,1,2,4,JFK,ROC,920,910,-10,1049,1025,-24
2025,1,2,4,JFK,ROC,2000,2005,5,2133,2133,0
2025,1,2,4,JFK,RSW,630,638,8,949,952,3
2025,1,2,4,JFK,RSW,735,726,-9,1053,1044,-9
2025,1,2,4,JFK,RSW,1045,1116,31,1404,1437,33
2025,1,2,4,JFK,RSW,1302,1302,0,1620,1631,11
2025,1,2,4,JFK,RSW,1543,1536,-7,1859,1900,1
2025,1,2,4,JFK,RSW,2059,2045,-14,26,9,-17
2025,1,2,4,JFK,SAN,644,642,-2,953,1007,14
2025,1,2,4,JFK,SAN,840,844,4,1211,1203,-8
2025,1,2,4,JFK,SAN,930,927,-3,1254,1241,-13
2025,1,2,4,JFK,SAN,1559,1554,-5,1913,1903,-10
2025,1,2,4,JFK,SAN,1600,1556,-4,1922,1857,-25
2025,1,2,4,JFK,SAN,1633,1629,-4,1956,1940,-16
2025,1,2,4,JFK,SAT,1029,1021,-8,1405,1356,-9
2025,1,2,4,JFK,SAV,740,739,-1,1017,1009,-8
2025,1,2,4,JFK,SAV,900,857,-3,1127,1118,-9
2025,1,2,4,JFK,SAV,1715,1754,39,1944,2022,38
2025,1,2,4,JFK,SAV,1740,2007,147,2020,2257,157
2025,1,2,4,JFK,SEA,700,654,-6,1030,1024,-6
2025,1,2,4,JFK,SEA,700,655,-5,1025,1011,-14
2025,1,2,4,JFK,SEA,1130,1138,8,1455,1508,13
2025,1,2,4,JFK,SEA,1529,1530,1,1854,1847,-7
2025,1,2,4,JFK,SEA,1611,1612,1,1945,1934,-11
2025,1,2,4,JFK,SEA,1830,1824,-6,2209,2148,-21
2025,1,2,4,JFK,SEA,1850,1846,-4,2224,2217,-7
2025,1,2,4,JFK,SFO,600,559,-1,940,946,6
2025,1,2,4,JFK,SFO,645,641,-4,1030,1016,-14
2025,1,2,4,JFK,SFO,705,658,-7,1052,1025,-27
2025,1,2,4,JFK,SFO,900,858,-2,1241,1219,-22
2025,1,2,4,JFK,SFO,930,917,-13,1314,1253,-21
2025,1,2,4,JFK,SFO,1000,959,-1,1344,1335,-9
2025,1,2,4,JFK,SFO,1100,1055,-5,1439,1418,-21
2025,1,2,4,JFK,SFO,1300,1250,-10,1637,1618,-19
2025,1,2,4,JFK,SFO,1330,1324,-6,1708,1653,-15
2025,1,2,4,JFK,SFO,1455,1453,-2,1836,1811,-25
2025,1,2,4,JFK,SFO,1630,1626,-4,2012,1957,-15
2025,1,2,4,JFK,SFO,1715,1715,0,2059,2031,-28
2025,1,2,4,JFK,SFO,1830,1827,-3,2213,2207,-6
2025,1,2,4,JFK,SFO,1905,1901,-4,2251,2239,-12
2025,1,2,4,JFK,SFO,2020,2003,-17,2359,15,16
2025,1,2,4,JFK,SFO,2040,2055,15,24,36,12
2025,1,2,4,JFK,SJU,600,553,-7,1048,1030,-18
2025,1,2,4,JFK,SJU,600,604,4,1057,1043,-14
2025,1,2,4,JFK,SJU,700,659,-1,1200,1154,-6
2025,1,2,4,JFK,SJU,800,755,-5,1252,1238,-14
2025,1,2,4,JFK,SJU,1123,1129,6,1620,1618,-2
2025,1,2,4,JFK,SJU,1130,1125,-5,1626,1601,-25
2025,1,2,4,JFK,SJU,1200,1150,-10,1649,1644,-5
2025,1,2,4,JFK,SJU,1548,1545,-3,2034,2029,-5
2025,1,2,4,JFK,SJU,1740,1835,55,2244,2320,36
2025,1,2,4,JFK,SJU,1900,1854,-6,2351,2354,3
2025,1,2,4,JFK,SJU,2059,2147,48,154,226,32
2025,1,2,4,JFK,SJU,2115,2200,45,218,243,25
2025,1,2,4,JFK,SJU,2155,2200,5,245,236,-9
2025,1,2,4,JFK,SJU,2350,2345,-5,437,423,-14
2025,1,2,4,JFK,SLC,655,653,-2,1018,1030,12
2025,1,2,4,JFK,SLC,735,732,-3,1101,1054,-7
2025,1,2,4,JFK,SLC,1108,1103,-5,1436,1410,-26
2025,1,2,4,JFK,SLC,1529,1607,38,1902,1925,23
2025,1,2,4,JFK,SLC,1745,1743,-2,2117,2113,-4
2025,1,2,4,JFK,SLC,1830,1826,-4,2154,2145,-9
2025,1,2,4,JFK,SLC,1955,2004,9,2334,2328,-6
2025,1,2,4,JFK,SNA,912,919,7,1231,1333,62
2025,1,2,4,JFK,SRQ,800,812,12,1118,1134,16
2025,1,2,4,JFK,STT,835,827,-8,1340,1327,-13
2025,1,2,4,JFK,STT,840,837,-3,1339,1328,-11
2025,1,2,4,JFK,SYR,939,950,11,1058,1105,7
2025,1,2,4,JFK,SYR,1621,1642,21,1746,1808,22
2025,1,2,4,JFK,SYR,1729,1816,47,1848,1948,60
2025,1,2,4,JFK,SYR,2105,2100,-5,2234,2223,-11
2025,1,2,4,JFK,TPA,630,638,8,933,947,14
2025,1,2,4,JFK,TPA,750,747,-3,1056,1045,-11
2025,1,2,4,JFK,TPA,1003,1003,0,1309,1322,13
2025,1,2,4,JFK,TPA,1135,1139,4,1439,1435,-4
2025,1,2,4,JFK,TPA,1210,1216,6,1516,1529,13
2025,1,2,4,JFK,TPA,1530,1547,17,1838,1927,49
2025,1,2,4,JFK,TPA,1930,1947,17,2239,2305,26
2025,1,2,4,JFK,TPA,1955,1955,0,2311,2304,-7
2025,1,3,5,JFK,ATL,600,558,-2,832,831,-1
2025,1,3,5,JFK,ATL,630,625,-5,910,845,-25
2025,1,3,5,JFK,ATL,829,830,1,1111,1101,-10
2025,1,3,5,JFK,ATL,1100,1055,-5,1341,1347,6
2025,1,3,5,JFK,ATL,1259,1258,-1,1529,1517,-12
2025,1,3,5,JFK,ATL,1315,1342,27,1553,1602,9
2025,1,3,5,JFK,ATL,1559,1556,-3,1835,1810,-25
2025,1,3,5,JFK,ATL,1751,1750,-1,2036,2007,-29
2025,1,3,5,JFK,ATL,1753,1759,6,2035,2032,-3
2025,1,3,5,JFK,ATL,2100,2117,17,2340,2326,-14
2025,1,3,5,JFK,ATL,2115,2134,19,2359,2355,-4
2025,1,3,5,JFK,AUS,700,704,4,1034,1019,-15
2025,1,3,5,JFK,AUS,1100,1054,-6,1426,1406,-20
2025,1,3,5,JFK,AUS,1224,1222,-2,1555,1530,-25
2025,1,3,5,JFK,AUS,1740,1743,3,2115,2052,-23
2025,1,3,5,JFK,AUS,1752,1747,-5,2120,2053,-27
2025,1,3,5,JFK,BNA,630,627,-3,815,748,-27
2025,1,3,5,JFK,BNA,1221,1213,-8,1403,1352,-11
2025,1,3,5,JFK,BNA,1229,1326,57,1403,1457,54
2025,1,3,5,JFK,BNA,1529,1523,-6,1715,1656,-19
2025,1,3,5,JFK,BNA,1850,1840,-10,2040,2021,-19
2025,1,3,5,JFK,BOS,800,754,-6,918,849,-29
2025,1,3,5,JFK,BOS,959,956,-3,1115,1108,-7
2025,1,3,5,JFK,BOS,1050,1049,-1,1203,1143,-20
2025,1,3,5,JFK,BOS,1300,1255,-5,1415,1401,-14
2025,1,3,5,JFK,BOS,1300,1256,-4,1415,1407,-8
2025,1,3,5,JFK,BOS,1445,1444,-1,1559,1549,-10
2025,1,3,5,JFK,BOS,1740,1731,-9,1853,1833,-20
2025,1,3,5,JFK,BOS,1800,1810,10,1915,1931,16
2025,1,3,5,JFK,BOS,2100,2055,-5,2223,2225,2
2025,1,3,5,JFK,BOS,2259,9,70,18,112,54
2025,1,3,5,JFK,BQN,1517,1553,36,2009,2058,49
2025,1,3,5,JFK,BQN,2015,2028,13,112,118,6
2025,1,3,5,JFK,BTV,1219,1212,-7,1345,1321,-24
2025,1,3,5,JFK,BTV,1945,1939,-6,2129,2058,-31
2025,1,3,5,JFK,BUF,910,900,-10,1042,1021,-21
2025,1,3,5,JFK,BUF,1304,1437,93,1443,1559,76
2025,1,3,5,JFK,BUF,1429,1426,-3,1601,1602,1
2025,1,3,5,JFK,BUF,2030,2021,-9,2209,2154,-15
2025,1,3,5,JFK,BZN,930,915,-15,1247,1253,6
2025,1,3,5,JFK,CHS,935,927,-8,1158,1156,-2
2025,1,3,5,JFK,CHS,945,954,9,1205,1201,-4
2025,1,3,5,JFK,CHS,1415,1412,-3,1633,1626,-7
2025,1,3,5,JFK,CHS,1740,1732,-8,2008,2019,11
2025,1,3,5,JFK,CLE,840,833,-7,1035,1055,20
2025,1,3,5,JFK,CLE,857,851,-6,1100,1041,-19
2025,1,3,5,JFK,CLE,1436,1428,-8,1637,1621,-16
2025,1,3,5,JFK,CLT,610,607,-3,819,800,-19
2025,1,3,5,JFK,CLT,745,741,-4,955,930,-25
2025,1,3,5,JFK,CLT,1037,1034,-3,1248,1225,-23
2025,1,3,5,JFK,CLT,1455,1450,-5,1705,1646,-19
2025,1,3,5,JFK,CLT,1930,2106,96,2141,2310,89
2025,1,3,5,JFK,CLT,1935,2021,46,2157,2211,14
2025,1,3,5,JFK,CMH,1013,1005,-8,1213,1152,-21
2025,1,3,5,JFK,CMH,1200,1229,29,1355,1420,25
2025,1,3,5,JFK,CMH,1635,1632,-3,1832,1810,-22
2025,1,3,5,JFK,CMH,1655,1655,0,1855,1838,-17
2025,1,3,5,JFK,CVG,930,924,-6,1149,1138,-11
2025,1,3,5,JFK,CVG,1105,1058,-7,1323,1313,-10
2025,1,3,5,JFK,DCA,800,759,-1,924,912,-12
2025,1,3,5,JFK,DCA,1450,1443,-7,1619,1558,-21
2025,1,3,5,JFK,DCA,1459,1504,5,1624,1626,2
2025,1,3,5,JFK,DCA,1929,1930,1,2101,2035,-26
2025,1,3,5,JFK,DCA,2059,2049,-10,2240,2211,-29
2025,1,3,5,JFK,DEN,700,656,-4,935,939,4
2025,1,3,5,JFK,DEN,810,809,-1,1101,1114,13
2025,1,3,5,JFK,DEN,1545,1540,-5,1816,1834,18
2025,1,3,5,JFK,DEN,1929,1928,-1,2213,2156,-17
2025,1,3,5,JFK,DEN,2059,2055,-4,2336,2315,-21
2025,1,3,5,JFK,DFW,805,802,-3,1124,1118,-6
2025,1,3,5,JFK,DFW,830,828,-2,1150,1126,-24
2025,1,3,5,JFK,DFW,1430,1432,2,1742,1729,-13
2025,1,3,5,JFK,DFW,1556,1555,-1,1910,1846,-24
2025,1,3,5,JFK,DFW,1750,2118,208,2107,4,177
2025,1,3,5,JFK,EGE,730,848,78,1017,1212,115
2025,1,3,5,JFK,FLL,501,453,-8,804,752,-12
2025,1,3,5,JFK,FLL,600,551,-9,904,902,-2
2025,1,3,5,JFK,FLL,659,654,-5,1009,1003,-6
2025,1,3,5,JFK,FLL,730,730,0,1048,1033,-15
2025,1,3,5,JFK,FLL,900,905,5,1208,1207,-1
2025,1,3,5,JFK,FLL,1030,1031,1,1337,1341,4
2025,1,3,5,JFK,FLL,1115,1106,-9,1422,1418,-4
2025,1,3,5,JFK,FLL,1329,1321,-8,1640,1614,-26
2025,1,3,5,JFK,FLL,1527,1518,-9,1844,1815,-29
2025,1,3,5,JFK,FLL,1712,1708,-4,2022,2010,-12
2025,1,3,5,JFK,FLL,1725,1725,0,2036,2036,0
2025,1,3,5,JFK,FLL,1930,1924,-6,2242,2217,-25
2025,1,3,5,JFK,FLL,1950,1943,-7,2305,2229,-36
2025,1,3,5,JFK,FLL,2145,2326,101,58,218,80
2025,1,3,5,JFK,HNL,955,949,-6,1613,1614,1
2025,1,3,5,JFK,HNL,1000,1039,39,1615,1619,4
2025,1,3,5,JFK,IAH,800,758,-2,1110,1056,-14
2025,1,3,5,JFK,IND,955,956,1,1220,1206,-14
2025,1,3,5,JFK,IND,1559,1551,-8,1821,1800,-21
2025,1,3,5,JFK,IND,1820,1821,1,2047,2024,-23
2025,1,3,5,JFK,JAX,800,756,-4,1042,1029,-13
2025,1,3,5,JFK,JAX,1459,1507,8,1740,1734,-6
2025,1,3,5,JFK,JAX,1959,2030,31,2248,2251,3
2025,1,3,5,JFK,JAX,2015,2021,6,2303,2247,-16
2025,1,3,5,JFK,LAS,710,707,-3,1009,1003,-6
2025,1,3,5,JFK,LAS,745,744,-1,1040,1032,-8
2025,1,3,5,JFK,LAS,759,757,-2,1100,1103,3
2025,1,3,5,JFK,LAS,959,950,-9,1249,1231,-18
2025,1,3,5,JFK,LAS,1130,1130,0,1427,1417,-10
2025,1,3,5,JFK,LAS,1655,1648,-7,1951,1926,-25
2025,1,3,5,JFK,LAS,1800,1852,52,2048,2213,85
2025,1,3,5,JFK,LAS,2053,2045,-8,2359,2328,-31
2025,1,3,5,JFK,LAS,2054,2121,27,2359,20,21
2025,1,3,5,JFK,LAX,545,544,-1,910,902,-8
2025,1,3,5,JFK,LAX,600,553,-7,922,908,-14
2025,1,3,5,JFK,LAX,659,652,-7,1020,1003,-17
2025,1,3,5,JFK,LAX,700,654,-6,1021,1025,4
2025,1,3,5,JFK,LAX,710,707,-3,1030,1018,-12
2025,1,3,5,JFK,LAX,800,754,-6,1122,1113,-9
2025,1,3,5,JFK,LAX,815,808,-7,1140,1122,-18
2025,1,3,5,JFK,LAX,905,859,-6,1224,1218,-6
2025,1,3,5,JFK,LAX,959,1014,15,1318,1323,5
2025,1,3,5,JFK,LAX,1030,1030,0,1341,1340,-1
2025,1,3,5,JFK,LAX,1100,1051,-9,1422,1402,-20
2025,1,3,5,JFK,LAX,1100,1055,-5,1417,1411,-6
2025,1,3,5,JFK,LAX,1255,1251,-4,1614,1612,-2
2025,1,3,5,JFK,LAX,1300,1252,-8,1612,1608,-4
2025,1,3,5,JFK,LAX,1529,1519,-10,1850,1825,-25
2025,1,3,5,JFK,LAX,1534,1526,-8,1857,1845,-12
2025,1,3,5,JFK,LAX,1540,1536,-4,1859,1844,-15
2025,1,3,5,JFK,LAX,1629,1624,-5,1953,1945,-8
2025,1,3,5,JFK,LAX,1705,1712,7,2030,2012,-18
2025,1,3,5,JFK,LAX,1729,1723,-6,2053,2029,-24
2025,1,3,5,JFK,LAX,1750,1751,1,2108,2106,-2
2025,1,3,5,JFK,LAX,1815,1812,-3,2140,2124,-16
2025,1,3,5,JFK,LAX,1915,2133,138,2241,105,144
2025,1,3,5,JFK,LAX,1950,2014,24,2313,2337,24
2025,1,3,5,JFK,LAX,1955,2000,5,2328,2322,-6
2025,1,3,5,JFK,LAX,2011,2040,29,2339,2356,17
2025,1,3,5,JFK,LAX,2100,2105,5,29,35,6
2025,1,3,5,JFK,LAX,2129,2122,-7,54,54,0
2025,1,3,5,JFK,MCO,501,459,-2,801,813,12
2025,1,3,5,JFK,MCO,700,654,-6,1005,955,-10
2025,1,3,5,JFK,MCO,730,728,-2,1034,1028,-6
2025,1,3,5,JFK,MCO,949,945,-4,1254,1239,-15
2025,1,3,5,JFK,MCO,959,959,0,1259,1248,-11
2025,1,3,5,JFK,MCO,1200,1237,37,1458,1522,24
2025,1,3,5,JFK,MCO,1210,1207,-3,1505,1453,-12
2025,1,3,5,JFK,MCO,1300,1309,9,1559,1600,1
2025,1,3,5,JFK,MCO,1500,1517,17,1802,1805,3
2025,1,3,5,JFK,MCO,1545,1619,34,1847,1918,31
2025,1,3,5,JFK,MCO,1559,1557,-2,1904,1850,-14
2025,1,3,5,JFK,MCO,1705,1808,63,2010,2116,66
2025,1,3,5,JFK,MCO,1755,1755,0,2103,2047,-16
2025,1,3,5,JFK,MCO,1930,1923,-7,2233,2210,-23
2025,1,3,5,JFK,MCO,1955,2006,11,2310,2257,-13
2025,1,3,5,JFK,MCO,2045,2043,-2,2353,2325,-28
2025,1,3,5,JFK,MIA,525,519,-6,845,836,-9
2025,1,3,5,JFK,MIA,630,630,0,950,947,-3
2025,1,3,5,JFK,MIA,700,700,0,1022,1027,5
2025,1,3,5,JFK,MIA,744,747,3,1105,1113,8
2025,1,3,5,JFK,MIA,900,2206,786,1217,129,792
2025,1,3,5,JFK,MIA,930,957,27,1243,1319,36
2025,1,3,5,JFK,MIA,1100,1104,4,1423,1425,2
2025,1,3,5,JFK,MIA,1230,1228,-2,1548,1520,-28
2025,1,3,5,JFK,MIA,1320,1317,-3,1640,1631,-9
2025,1,3,5,JFK,MIA,1350,1405,15,1700,1711,11
2025,1,3,5,JFK,MIA,1538,1532,-6,1904,1902,-2
2025,1,3,5,JFK,MIA,1645,1751,66,2002,2053,51
2025,1,3,5,JFK,MIA,1730,1836,66,2048,2139,51
2025,1,3,5,JFK,MIA,1822,1849,27,2145,2208,23
2025,1,3,5,JFK,MIA,1955,2004,9,2323,2310,-13
2025,1,3,5,JFK,MKE,1820,1900,40,2010,2029,19
2025,1,3,5,JFK,MSP,705,701,-4,925,900,-25
2025,1,3,5,JFK,MSP,1200,1156,-4,1411,1348,-23
2025,1,3,5,JFK,MSP,1745,1803,18,2007,2008,1
2025,1,3,5,JFK,MSY,810,802,-8,1059,1020,-39
2025,1,3,5,JFK,MSY,830,826,-4,1112,1054,-18
2025,1,3,5,JFK,MSY,1443,1435,-8,1715,1641,-34
2025,1,3,5,JFK,MSY,1610,1603,-7,1851,1813,-38
2025,1,3,5,JFK,ORD,730,730,0,926,910,-16
2025,1,3,5,JFK,ORD,900,854,-6,1046,1025,-21
2025,1,3,5,JFK,ORD,1051,1051,0,1245,1228,-17
2025,1,3,5,JFK,ORD,1535,1530,-5,1738,1658,-40
2025,1,3,5,JFK,ORD,1554,1549,-5,1742,1714,-28
2025,1,3,5,JFK,ORD,1929,2309,220,2130,46,196
2025,1,3,5,JFK,ORF,1200,1152,-8,1324,1315,-9
2025,1,3,5,JFK,ORF,2140,2130,-10,2310,2302,-8
2025,1,3,5,JFK,ORH,1335,1420,45,1437,1519,42
2025,1,3,5,JFK,PBI,705,706,1,1009,1008,-1
2025,1,3,5,JFK,PBI,859,856,-3,1209,1157,-12
2025,1,3,5,JFK,PBI,1125,1126,1,1430,1424,-6
2025,1,3,5,JFK,PBI,1346,1345,-1,1655,1646,-9
2025,1,3,5,JFK,PBI,1454,1451,-3,1800,1746,-14
2025,1,3,5,JFK,PBI,1550,1541,-9,1853,1829,-24
2025,1,3,5,JFK,PBI,1559,1610,11,1905,1910,5
2025,1,3,5,JFK,PBI,1945,2000,15,2251,2252,1
2025,1,3,5,JFK,PDX,1729,1731,2,2110,2033,-37
2025,1,3,5,JFK,PDX,2005,2024,19,2335,2330,-5
2025,1,3,5,JFK,PHX,600,552,-8,942,923,-19
2025,1,3,5,JFK,PHX,630,626,-4,1012,954,-18
2025,1,3,5,JFK,PHX,735,732,-3,1128,1059,-29
2025,1,3,5,JFK,PHX,1255,1303,8,1634,1638,4
2025,1,3,5,JFK,PHX,1640,1713,33,2019,2031,12
2025,1,3,5,JFK,PHX,1855,1850,-5,2238,2220,-18
2025,1,3,5,JFK,PHX,2040,2204,84,39,140,61
2025,1,3,5,JFK,PIT,1259,1252,-7,1442,1424,-18
2025,1,3,5,JFK,PIT,1419,1426,7,1612,1604,-8
2025,1,3,5,JFK,PIT,1459,1452,-7,1638,1624,-14
2025,1,3,5,JFK,PIT,1940,1937,-3,2143,2056,-47
2025,1,3,5,JFK,PSE,2210,2224,14,259,327,28
2025,1,3,5,JFK,PSP,1130,1127,-3,1437,1428,-9
2025,1,3,5,JFK,PWM,950,943,-7,1119,1057,-22
2025,1,3,5,JFK,RDU,815,824,9,1008,1009,1
2025,1,3,5,JFK,RDU,1030,1116,46,1222,1255,33
2025,1,3,5,JFK,RDU,1125,1124,-1,1322,1316,-6
2025,1,3,5,JFK,RDU,1429,1429,0,1619,1626,7
2025,1,3,5,JFK,RDU,1510,1500,-10,1702,1636,-26
2025,1,3,5,JFK,RDU,2159,2211,12,2351,2355,4
2025,1,3,5,JFK,RIC,1605,1557,-8,1750,1742,-8
2025,1,3,5,JFK,RNO,1845,1912,27,2159,2221,22
2025,1,3,5,JFK,ROC,920,922,2,1049,1030,-19
2025,1,3,5,JFK,ROC,2000,2010,10,2133,2133,0
2025,1,3,5,JFK,RSW,630,625,-5,949,935,-14
2025,1,3,5,JFK,RSW,735,733,-2,1053,1036,-17
2025,1,3,5,JFK,RSW,1045,1040,-5,1404,1346,-18
2025,1,3,5,JFK,RSW,1302,1306,4,1620,1607,-13
2025,1,3,5,JFK,RSW,1543,1536,-7,1859,1836,-23
2025,1,3,5,JFK,RSW,2059,2252,113,26,154,88
2025,1,3,5,JFK,SAN,644,652,8,953,1014,21
2025,1,3,5,JFK,SAN,840,835,-5,1211,1207,-4
2025,1,3,5,JFK,SAN,930,925,-5,1254,1238,-16
2025,1,3,5,JFK,SAN,1559,1654,55,1913,2021,68
2025,1,3,5,JFK,SAN,1600,1552,-8,1922,1853,-29
2025,1,3,5,JFK,SAN,1633,1833,120,1956,2210,134
2025,1,3,5,JFK,SAN,2025,2021,-4,2359,2338,-21
2025,1,3,5,JFK,SAT,1029,1028,-1,1405,1346,-19
2025,1,3,5,JFK,SAV,740,734,-6,1017,1012,-5
2025,1,3,5,JFK,SAV,900,858,-2,1127,1122,-5
2025,1,3,5,JFK,SAV,1715,1756,41,1944,2026,42
2025,1,3,5,JFK,SAV,1740,1732,-8,2020,1940,-40
2025,1,3,5,JFK,SEA,700,712,12,1030,1035,5
2025,1,3,5,JFK,SEA,700,715,15,1025,1025,0
2025,1,3,5,JFK,SEA,1130,1125,-5,1454,1446,-8
2025,1,3,5,JFK,SEA,1529,1738,129,1854,2035,101
2025,1,3,5,JFK,SEA,1611,1610,-1,1945,1916,-29
2025,1,3,5,JFK,SEA,1830,1825,-5,2209,2134,-35
2025,1,3,5,JFK,SEA,1850,1850,0,2224,2203,-21
2025,1,3,5,JFK,SFO,600,555,-5,940,933,-7
2025,1,3,5,JFK,SFO,645,631,-14,1030,1021,-9
2025,1,3,5,JFK,SFO,705,704,-1,1052,1039,-13
2025,1,3,5,JFK,SFO,900,852,-8,1241,1255,14
2025,1,3,5,JFK,SFO,930,940,10,1314,1318,4
2025,1,3,5,JFK,SFO,1000,1000,0,1344,1332,-12
2025,1,3,5,JFK,SFO,1100,1114,14,1439,1446,7
2025,1,3,5,JFK,SFO,1300,1252,-8,1637,1645,8
2025,1,3,5,JFK,SFO,1330,1328,-2,1708,1706,-2
2025,1,3,5,JFK,SFO,1455,1457,2,1836,1829,-7
2025,1,3,5,JFK,SFO,1630,1621,-9,2012,2005,-7
2025,1,3,5,JFK,SFO,1715,1709,-6,2059,2044,-15
2025,1,3,5,JFK,SFO,1830,2026,116,2213,12,119
2025,1,3,5,JFK,SFO,1905,1902,-3,2251,2242,-9
2025,1,3,5,JFK,SFO,2020,2023,3,2359,10,11
2025,1,3,5,JFK,SFO,2040,2151,71,24,130,66
2025,1,3,5,JFK,SJU,600,555,-5,1057,1053,-4
2025,1,3,5,JFK,SJU,600,603,3,1048,1052,4
2025,1,3,5,JFK,SJU,700,657,-3,1200,1135,-25
2025,1,3,5,JFK,SJU,800,807,7,1252,1302,10
2025,1,3,5,JFK,SJU,1123,1126,3,1620,1621,1
2025,1,3,5,JFK,SJU,1130,1123,-7,1626,1618,-8
2025,1,3,5,JFK,SJU,1200,1158,-2,1649,1656,7
2025,1,3,5,JFK,SJU,1548,1547,-1,2034,2033,-1
2025,1,3,5,JFK,SJU,1740,1733,-7,2244,2227,-17
2025,1,3,5,JFK,SJU,1900,1916,16,2351,2358,7
2025,1,3,5,JFK,SJU,2059,2121,22,154,229,35
2025,1,3,5,JFK,SJU,2115,2110,-5,218,204,-14
2025,1,3,5,JFK,SJU,2155,2200,5,245,309,24
2025,1,3,5,JFK,SJU,2350,29,39,437,506,29
2025,1,3,5,JFK,SLC,655,650,-5,1018,1001,-17
2025,1,3,5,JFK,SLC,735,732,-3,1101,1043,-18
2025,1,3,5,JFK,SLC,1108,1106,-2,1436,1416,-20
2025,1,3,5,JFK,SLC,1529,1528,-1,1902,1842,-20
2025,1,3,5,JFK,SLC,1745,1843,58,2117,2149,32
2025,1,3,5,JFK,SLC,1830,1828,-2,2154,2152,-2
2025,1,3,5,JFK,SLC,1955,1953,-2,2334,2317,-17
2025,1,3,5,JFK,SNA,912,903,-9,1231,1209,-22
2025,1,3,5,JFK,SRQ,800,757,-3,1118,1116,-2
2025,1,3,5,JFK,STT,835,822,-13,1340,1336,-4
2025,1,3,5,JFK,STT,840,834,-6,1339,1331,-8
2025,1,3,5,JFK,SYR,939,929,-10,1058,1045,-13
2025,1,3,5,JFK,SYR,1621,1619,-2,1746,1736,-10
2025,1,3,5,JFK,SYR,1729,1754,25,1848,1912,24
2025,1,3,5,JFK,SYR,2105,2104,-1,2234,2239,5
2025,1,3,5,JFK,TPA,630,628,-2,933,934,1
2025,1,3,5,JFK,TPA,750,743,-7,1056,1046,-10
2025,1,3,5,JFK,TPA,1000,949,-11,1306,1242,-24
2025,1,3,5,JFK,TPA,1135,1128,-7,1439,1401,-38
2025,1,3,5,JFK,TPA,1210,1209,-1,1516,1454,-22
2025,1,3,5,JFK,TPA,1530,1526,-4,1838,1819,-19
2025,1,3,5,JFK,TPA,1930,1952,22,2239,2240,1
2025,1,3,5,JFK,TPA,1955,2017,22,2311,2319,8
2025,1,4,6,JFK,ATL,600,559,-1,832,820,-12
2025,1,4,6,JFK,ATL,630,643,13,910,910,0
2025,1,4,6,JFK,ATL,735,729,-6,1016,938,-38
2025,1,4,6,JFK,ATL,1100,1130,30,1341,1404,23
2025,1,4,6,JFK,ATL,1259,1257,-2,1535,1525,-10
2025,1,4,6,JFK,ATL,1315,1359,44,1553,1609,16
2025,1,4,6,JFK,ATL,1615,1644,29,1845,1905,20
2025,1,4,6,JFK,ATL,1753,1902,69,2035,2134,59
2025,1,4,6,JFK,ATL,2035,2034,-1,2311,2307,-4
2025,1,4,6,JFK,ATL,2115,2158,43,2359,107,68
2025,1,4,6,JFK,AUS,700,658,-2,1034,1006,-28
2025,1,4,6,JFK,AUS,1224,1230,6,1555,1540,-15
2025,1,4,6,JFK,AUS,1752,1749,-3,2120,2056,-24
2025,1,4,6,JFK,AUS,2016,2012,-4,2358,2341,-17
2025,1,4,6,JFK,BNA,630,622,-8,815,754,-21
2025,1,4,6,JFK,BNA,1221,1219,-2,1403,1347,-16
2025,1,4,6,JFK,BNA,1229,1220,-9,1403,1351,-12
2025,1,4,6,JFK,BNA,1529,1522,-7,1715,1704,-11
2025,1,4,6,JFK,BNA,1850,1840,-10,2040,2037,-3
2025,1,4,6,JFK,BOS,800,806,6,918,916,-2
2025,1,4,6,JFK,BOS,959,954,-5,1115,1108,-7
2025,1,4,6,JFK,BOS,1050,1053,3,1203,1154,-9
2025,1,4,6,JFK,BOS,1300,1300,0,1415,1417,2
2025,1,4,6,JFK,BOS,1300,1329,29,1415,1426,11
2025,1,4,6,JFK,BOS,1445,1508,23,1559,1610,11
2025,1,4,6,JFK,BOS,1730,1721,-9,1847,1827,-20
2025,1,4,6,JFK,BOS,1800,1843,43,1915,2010,55
2025,1,4,6,JFK,BOS,2100,2100,0,2223,2237,14
2025,1,4,6,JFK,BOS,2259,2333,34,18,44,26
2025,1,4,6,JFK,BQN,1517,1539,22,2009,2027,18
2025,1,4,6,JFK,BQN,2015,2045,30,112,153,41
2025,1,4,6,JFK,BTV,1050,1047,-3,1216,1157,-19
2025,1,4,6,JFK,BTV,2059,2049,-10,2236,2221,-15
2025,1,4,6,JFK,BUF,910,955,45,1042,1126,44
2025,1,4,6,JFK,BUF,1304,1258,-6,1443,1425,-18
2025,1,4,6,JFK,BUF,1429,1449,20,1601,1605,4
2025,1,4,6,JFK,BUF,2030,2031,1,2209,2207,-2
2025,1,4,6,JFK,BZN,930,927,-3,1247,1237,-10
2025,1,4,6,JFK,CHS,935,1019,44,1158,1227,29
2025,1,4,6,JFK,CHS,945,942,-3,1205,1210,5
2025,1,4,6,JFK,CHS,1415,1634,139,1633,1835,122
2025,1,4,6,JFK,CHS,1740,1730,-10,2008,1939,-29
2025,1,4,6,JFK,CLE,840,830,-10,1035,1017,-18
2025,1,4,6,JFK,CLE,857,849,-8,1100,1048,-12
2025,1,4,6,JFK,CLE,1436,1432,-4,1637,1617,-20
2025,1,4,6,JFK,CLE,2050,2048,-2,2253,2254,1
2025,1,4,6,JFK,CLT,619,612,-7,828,758,-30
2025,1,4,6,JFK,CLT,840,833,-7,1057,1040,-17
2025,1,4,6,JFK,CLT,1450,1541,51,1702,1745,43
2025,1,4,6,JFK,CLT,1930,2010,40,2143,2222,39
2025,1,4,6,JFK,CLT,2010,2006,-4,2228,2232,4
2025,1,4,6,JFK,CMH,1140,1132,-8,1335,1320,-15
2025,1,4,6,JFK,CMH,1445,1443,-2,1645,1640,-5
2025,1,4,6,JFK,CMH,1659,1654,-5,1902,1846,-16
2025,1,4,6,JFK,CMH,1903,1856,-7,2109,2106,-3
2025,1,4,6,JFK,CMH,1935,1932,-3,2144,2205,21
2025,1,4,6,JFK,CVG,930,924,-6,1149,1138,-11
2025,1,4,6,JFK,CVG,1105,1056,-9,1323,1257,-26
2025,1,4,6,JFK,DCA,800,806,6,924,948,24
2025,1,4,6,JFK,DCA,1459,1537,38,1624,1646,22
2025,1,4,6,JFK,DCA,1520,1520,0,1649,1717,28
2025,1,4,6,JFK,DCA,1929,1920,-9,2101,2047,-14
2025,1,4,6,JFK,DCA,2059,2101,2,2240,2229,-11
2025,1,4,6,JFK,DEN,700,715,15,935,1005,30
2025,1,4,6,JFK,DEN,810,805,-5,1050,1051,1
2025,1,4,6,JFK,DEN,1615,1700,45,1844,1938,54
2025,1,4,6,JFK,DEN,1815,1814,-1,2057,2103,6
2025,1,4,6,JFK,DEN,2059,2054,-5,2336,37,61
2025,1,4,6,JFK,DFW,1430,1425,-5,1742,1714,-28
2025,1,4,6,JFK,DFW,1729,1731,2,2044,2044,0
2025,1,4,6,JFK,DFW,1859,2257,238,2219,222,243
2025,1,4,6,JFK,EGE,730,750,20,1017,1028,11
2025,1,4,6,JFK,FLL,501,447,-14,804,739,-25
2025,1,4,6,JFK,FLL,600,552,-8,904,838,-26
2025,1,4,6,JFK,FLL,659,705,6,1009,1007,-2
2025,1,4,6,JFK,FLL,730,721,-9,1048,1020,-28
2025,1,4,6,JFK,FLL,829,835,6,1139,1131,-8
2025,1,4,6,JFK,FLL,959,958,-1,1308,1301,-7
2025,1,4,6,JFK,FLL,1115,1115,0,1429,1421,-8
2025,1,4,6,JFK,FLL,1329,1408,39,1640,1700,20
2025,1,4,6,JFK,FLL,1525,1535,10,1842,1844,2
2025,1,4,6,JFK,FLL,1712,1724,12,2022,2028,6
2025,1,4,6,JFK,FLL,1748,1831,43,2056,2132,36
2025,1,4,6,JFK,FLL,1915,1929,14,2225,2249,24
2025,1,4,6,JFK,FLL,1930,1958,28,2242,2313,31
2025,1,4,6,JFK,FLL,2145,2220,35,58,148,50
2025,1,4,6,JFK,HNL,955,947,-8,1613,1555,-18
2025,1,4,6,JFK,HNL,1000,1004,4,1615,1626,11
2025,1,4,6,JFK,IAH,800,803,3,1110,1105,-5
2025,1,4,6,JFK,IND,955,946,-9,1220,1218,-2
2025,1,4,6,JFK,IND,1559,1552,-7,1821,1815,-6
2025,1,4,6,JFK,IND,1820,1812,-8,2047,2046,-1
2025,1,4,6,JFK,JAX,800,801,1,1042,1039,-3
2025,1,4,6,JFK,JAX,1416,1410,-6,1704,1626,-38
2025,1,4,6,JFK,JAX,1459,1525,26,1740,1807,27
2025,1,4,6,JFK,JAX,2015,4,229,2303,229,206
2025,1,4,6,JFK,JAX,2045,2033,-12,2330,2315,-15
2025,1,4,6,JFK,LAS,715,714,-1,1014,1014,0
2025,1,4,6,JFK,LAS,759,755,-4,1100,1040,-20
2025,1,4,6,JFK,LAS,959,955,-4,1249,1259,10
2025,1,4,6,JFK,LAS,1130,1127,-3,1427,1407,-20
2025,1,4,6,JFK,LAS,1655,1652,-3,1951,1949,-2
2025,1,4,6,JFK,LAS,1930,1930,0,2226,2248,22
2025,1,4,6,JFK,LAS,2053,2220,87,2359,134,95
2025,1,4,6,JFK,LAS,2140,2129,-11,39,42,3
2025,1,4,6,JFK,LAX,600,557,-3,922,912,-10
2025,1,4,6,JFK,LAX,700,653,-7,1026,1016,-10
2025,1,4,6,JFK,LAX,700,656,-4,1021,1024,3
2025,1,4,6,JFK,LAX,800,756,-4,1122,1125,3
2025,1,4,6,JFK,LAX,815,809,-6,1140,1130,-10
2025,1,4,6,JFK,LAX,1029,1023,-6,1345,1338,-7
2025,1,4,6,JFK,LAX,1059,1059,0,1416,1411,-5
2025,1,4,6,JFK,LAX,1100,1053,-7,1422,1410,-12
2025,1,4,6,JFK,LAX,1255,1256,1,1614,1605,-9
2025,1,4,6,JFK,LAX,1300,1255,-5,1612,1605,-7
2025,1,4,6,JFK,LAX,1530,1529,-1,1853,1852,-1
2025,1,4,6,JFK,LAX,1534,1548,14,1857,1859,2
2025,1,4,6,JFK,LAX,1545,1539,-6,1904,1907,3
2025,1,4,6,JFK,LAX,1629,1624,-5,1953,1950,-3
2025,1,4,6,JFK,LAX,1659,1656,-3,2022,2028,6
2025,1,4,6,JFK,LAX,1705,1954,169,2030,2321,171
2025,1,4,6,JFK,LAX,1730,1737,7,2053,2106,13
2025,1,4,6,JFK,LAX,1750,1755,5,2108,2116,8
2025,1,4,6,JFK,LAX,1815,1823,8,2140,2156,16
2025,1,4,6,JFK,LAX,1915,1929,14,2241,2305,24
2025,1,4,6,JFK,LAX,1950,1948,-2,2313,2318,5
2025,1,4,6,JFK,LAX,1955,1954,-1,2328,2333,5
2025,1,4,6,JFK,LAX,2011,2107,56,2339,56,77
2025,1,4,6,JFK,LAX,2100,2054,-6,29,30,1
2025,1,4,6,JFK,LAX,2129,2127,-2,54,122,28
2025,1,4,6,JFK,MCO,501,455,-6,801,728,-33
2025,1,4,6,JFK,MCO,700,702,2,1005,1016,11
2025,1,4,6,JFK,MCO,800,752,-8,1103,1038,-25
2025,1,4,6,JFK,MCO,949,944,-5,1254,1241,-13
2025,1,4,6,JFK,MCO,959,1044,45,1259,1331,32
2025,1,4,6,JFK,MCO,1200,1153,-7,1458,1504,6
2025,1,4,6,JFK,MCO,1210,1209,-1,1505,1550,45
2025,1,4,6,JFK,MCO,1300,1333,33,1559,1622,23
2025,1,4,6,JFK,MCO,1500,1521,21,1802,1824,22
2025,1,4,6,JFK,MCO,1545,1624,39,1847,1918,31
2025,1,4,6,JFK,MCO,1559,1559,0,1904,1901,-3
2025,1,4,6,JFK,MCO,1705,1810,65,2010,2059,49
2025,1,4,6,JFK,MCO,1715,1711,-4,2022,2004,-18
2025,1,4,6,JFK,MCO,1955,2045,50,2310,2342,32
2025,1,4,6,JFK,MCO,2000,2014,14,2308,2325,17
2025,1,4,6,JFK,MCO,2045,2222,97,2353,136,103
2025,1,4,6,JFK,MIA,525,523,-2,845,838,-7
2025,1,4,6,JFK,MIA,700,702,2,1022,1014,-8
2025,1,4,6,JFK,MIA,744,739,-5,1105,1101,-4
2025,1,4,6,JFK,MIA,900,857,-3,1217,1203,-14
2025,1,4,6,JFK,MIA,900,857,-3,1228,1231,3
2025,1,4,6,JFK,MIA,930,1041,71,1243,1336,53
2025,1,4,6,JFK,MIA,1200,1156,-4,1519,1537,18
2025,1,4,6,JFK,MIA,1230,1240,10,1548,1551,3
2025,1,4,6,JFK,MIA,1320,1319,-1,1640,1641,1
2025,1,4,6,JFK,MIA,1350,1558,128,1700,1851,111
2025,1,4,6,JFK,MIA,1645,1812,87,2002,2135,93
2025,1,4,6,JFK,MIA,1730,1749,19,2052,2052,0
2025,1,4,6,JFK,MIA,1829,1838,9,2152,2156,4
2025,1,4,6,JFK,MIA,1959,2038,39,2327,2354,27
2025,1,4,6,JFK,MKE,1820,1815,-5,2010,2012,2
2025,1,4,6,JFK,MSP,629,634,5,844,837,-7
2025,1,4,6,JFK,MSP,1759,1759,0,2021,2025,4
2025,1,4,6,JFK,MSY,730,729,-1,1014,934,-40
2025,1,4,6,JFK,MSY,830,925,55,1112,1136,24
2025,1,4,6,JFK,MSY,1443,1508,25,1715,1725,10
2025,1,4,6,JFK,MSY,1610,1604,-6,1851,1830,-21
2025,1,4,6,JFK,ORD,730,733,3,926,914,-12
2025,1,4,6,JFK,ORD,900,859,-1,1046,1023,-23
2025,1,4,6,JFK,ORD,1051,1044,-7,1245,1210,-35
2025,1,4,6,JFK,ORD,1535,1607,32,1738,1748,10
2025,1,4,6,JFK,ORD,1554,1552,-2,1750,1733,-17
2025,1,4,6,JFK,ORD,1929,1926,-3,2130,2155,25
2025,1,4,6,JFK,ORF,1200,1146,-14,1324,1311,-13
2025,1,4,6,JFK,ORF,2140,2132,-8,2310,2318,8
2025,1,4,6,JFK,ORH,1335,1325,-10,1437,1428,-9
2025,1,4,6,JFK,PBI,705,703,-2,1009,954,-15
2025,1,4,6,JFK,PBI,859,854,-5,1209,1137,-32
2025,1,4,6,JFK,PBI,1125,1228,63,1430,1555,85
2025,1,4,6,JFK,PBI,1346,1451,65,1655,1804,69
2025,1,4,6,JFK,PBI,1454,1620,86,1800,1913,73
2025,1,4,6,JFK,PBI,1545,1724,99,1853,2040,107
2025,1,4,6,JFK,PBI,1657,1909,132,2000,2230,150
2025,1,4,6,JFK,PBI,1945,1943,-2,2251,2328,37
2025,1,4,6,JFK,PDX,1729,1735,6,2110,2053,-17
2025,1,4,6,JFK,PDX,2005,2028,23,2335,2400,25
2025,1,4,6,JFK,PHX,600,554,-6,942,929,-13
2025,1,4,6,JFK,PHX,735,730,-5,1122,1116,-6
2025,1,4,6,JFK,PHX,1255,1248,-7,1634,1618,-16
2025,1,4,6,JFK,PHX,1640,1636,-4,2019,2022,3
2025,1,4,6,JFK,PHX,1856,1912,16,2239,2347,68
2025,1,4,6,JFK,PHX,2040,2038,-2,39,22,-17
2025,1,4,6,JFK,PIT,1259,1251,-8,1442,1426,-16
2025,1,4,6,JFK,PIT,1420,1418,-2,1613,1622,9
2025,1,4,6,JFK,PIT,1459,1454,-5,1638,1629,-9
2025,1,4,6,JFK,PIT,1755,1743,-12,1934,1912,-22
2025,1,4,6,JFK,PIT,1940,1939,-1,2143,2128,-15
2025,1,4,6,JFK,PSE,2210,2212,2,259,319,20
2025,1,4,6,JFK,PSP,940,935,-5,1300,1306,6
2025,1,4,6,JFK,PSP,1130,1127,-3,1437,1440,3
2025,1,4,6,JFK,PWM,950,946,-4,1119,1115,-4
2025,1,4,6,JFK,RDU,815,840,25,1008,1018,10
2025,1,4,6,JFK,RDU,1029,1020,-9,1221,1208,-13
2025,1,4,6,JFK,RDU,1125,1115,-10,1322,1250,-32
2025,1,4,6,JFK,RDU,1429,1608,99,1619,1739,80
2025,1,4,6,JFK,RDU,1510,1504,-6,1702,1648,-14
2025,1,4,6,JFK,RDU,2159,2309,70,2351,55,64
2025,1,4,6,JFK,RIC,1605,1600,-5,1750,1743,-7
2025,1,4,6,JFK,RNO,1845,1852,7,2159,2215,16
2025,1,4,6,JFK,ROC,920,1005,45,1049,1132,43
2025,1,4,6,JFK,ROC,2000,2020,20,2133,2204,31
2025,1,4,6,JFK,RSW,630,635,5,949,931,-18
2025,1,4,6,JFK,RSW,710,709,-1,1035,1019,-16
2025,1,4,6,JFK,RSW,1045,1038,-7,1404,1330,-34
2025,1,4,6,JFK,RSW,1155,1138,-17,1517,1443,-34
2025,1,4,6,JFK,RSW,1302,1411,69,1620,1714,54
2025,1,4,6,JFK,RSW,2059,2052,-7,26,14,-12
2025,1,4,6,JFK,SAN,644,640,-4,953,958,5
2025,1,4,6,JFK,SAN,840,856,16,1158,1153,-5
2025,1,4,6,JFK,SAN,930,932,2,1254,1246,-8
2025,1,4,6,JFK,SAN,1600,1552,-8,1922,1911,-11
2025,1,4,6,JFK,SAN,1600,1559,-1,1914,1911,-3
2025,1,4,6,JFK,SAN,1630,1650,20,1953,2008,15
2025,1,4,6,JFK,SAN,2025,2034,9,2359,6,7
2025,1,4,6,JFK,SAT,830,826,-4,1210,1136,-34
2025,1,4,6,JFK,SAV,740,736,-4,1017,955,-22
2025,1,4,6,JFK,SAV,900,858,-2,1127,1122,-5
2025,1,4,6,JFK,SAV,1715,1754,39,1944,2019,35
2025,1,4,6,JFK,SAV,1740,1737,-3,2020,2023,3
2025,1,4,6,JFK,SEA,700,655,-5,1025,1003,-22
2025,1,4,6,JFK,SEA,700,657,-3,1030,1010,-20
2025,1,4,6,JFK,SEA,1130,1133,3,1455,1437,-18
2025,1,4,6,JFK,SEA,1529,1525,-4,1854,1851,-3
2025,1,4,6,JFK,SEA,1622,1621,-1,1956,1913,-43
2025,1,4,6,JFK,SEA,1830,1824,-6,2209,2217,8
2025,1,4,6,JFK,SEA,1850,1944,54,2224,2317,53
2025,1,4,6,JFK,SFO,630,624,-6,1012,1000,-12
2025,1,4,6,JFK,SFO,915,913,-2,1304,1238,-26
2025,1,4,6,JFK,SFO,930,932,2,1314,1306,-8
2025,1,4,6,JFK,SFO,945,943,-2,1317,1315,-2
2025,1,4,6,JFK,SFO,1045,1042,-3,1424,1407,-17
2025,1,4,6,JFK,SFO,1300,1249,-11,1637,1619,-18
2025,1,4,6,JFK,SFO,1515,1511,-4,1855,1847,-8
2025,1,4,6,JFK,SFO,1630,1627,-3,2012,1956,-16
2025,1,4,6,JFK,SFO,1659,1746,47,2044,2133,49
2025,1,4,6,JFK,SFO,1700,1658,-2,2039,2036,-3
2025,1,4,6,JFK,SFO,1715,1715,0,2059,2117,18
2025,1,4,6,JFK,SFO,1830,1923,53,2213,2327,74
2025,1,4,6,JFK,SFO,1905,1859,-6,2251,2237,-14
2025,1,4,6,JFK,SFO,2000,1958,-2,2342,2356,14
2025,1,4,6,JFK,SFO,2040,2040,0,24,46,22
2025,1,4,6,JFK,SJU,559,601,2,1047,1044,-3
2025,1,4,6,JFK,SJU,600,551,-9,1057,1045,-12
2025,1,4,6,JFK,SJU,700,700,0,1200,1145,-15
2025,1,4,6,JFK,SJU,740,735,-5,1229,1240,11
2025,1,4,6,JFK,SJU,1123,1117,-6,1620,1644,24
2025,1,4,6,JFK,SJU,1130,1129,-1,1626,1714,48
2025,1,4,6,JFK,SJU,1200,1154,-6,1649,1707,18
2025,1,4,6,JFK,SJU,1548,1602,14,2034,2044,10
2025,1,4,6,JFK,SJU,1820,1839,19,2323,2336,13
2025,1,4,6,JFK,SJU,1900,1907,7,2351,2358,7
2025,1,4,6,JFK,SJU,2059,2239,100,154,336,102
2025,1,4,6,JFK,SJU,2115,2112,-3,218,245,27
2025,1,4,6,JFK,SJU,2155,2154,-1,245,305,20
2025,1,4,6,JFK,SJU,2350,2346,-4,437,442,5
2025,1,4,6,JFK,SLC,645,650,5,1008,1045,37
2025,1,4,6,JFK,SLC,1108,1105,-3,1436,1415,-21
2025,1,4,6,JFK,SLC,1120,1130,10,1439,1440,1
2025,1,4,6,JFK,SLC,1530,1549,19,1904,1907,3
2025,1,4,6,JFK,SLC,1740,1736,-4,2112,2057,-15
2025,1,4,6,JFK,SLC,1829,1924,55,2153,2258,65
2025,1,4,6,JFK,SLC,1955,1955,0,2334,2330,-4
2025,1,4,6,JFK,SNA,912,904,-8,1231,1236,5
2025,1,4,6,JFK,SRQ,809,825,16,1127,1138,11
2025,1,4,6,JFK,STT,835,825,-10,1340,1312,-28
2025,1,4,6,JFK,STT,840,840,0,1339,1336,-3
2025,1,4,6,JFK,SYR,1621,1615,-6,1746,1732,-14
2025,1,4,6,JFK,SYR,1729,1905,96,1848,2026,98
2025,1,4,6,JFK,SYR,2112,2100,-12,2241,2232,-9
2025,1,4,6,JFK,TPA,630,627,-3,933,910,-23
2025,1,4,6,JFK,TPA,810,808,-2,1125,1108,-17
2025,1,4,6,JFK,TPA,1003,958,-5,1309,1302,-7
2025,1,4,6,JFK,TPA,1135,1133,-2,1439,1430,-9
2025,1,4,6,JFK,TPA,1210,1234,24,1516,1530,14
2025,1,4,6,JFK,TPA,1530,1559,29,1838,1859,21
2025,1,4,6,JFK,TPA,1930,2108,98,2239,17,98
2025,1,4,6,JFK,TPA,2056,2110,14,8,21,13
2025,1,5,7,JFK,ATL,600,600,0,836,822,-14
2025,1,5,7,JFK,ATL,630,628,-2,910,853,-17
2025,1,5,7,JFK,ATL,835,843,8,1122,1110,-12
2025,1,5,7,JFK,ATL,1100,1131,31,1341,1404,23
2025,1,5,7,JFK,ATL,1224,1247,23,1459,1522,23
2025,1,5,7,JFK,ATL,1315,1409,54,1553,1644,51
2025,1,5,7,JFK,ATL,1335,1428,53,1610,1700,50
2025,1,5,7,JFK,ATL,1753,2003,130,2035,2233,118
2025,1,5,7,JFK,ATL,1820,1821,1,2059,2054,-5
2025,1,5,7,JFK,ATL,2010,2024,14,2300,2309,9
2025,1,5,7,JFK,ATL,2115,2251,96,2359,118,79
2025,1,5,7,JFK,AUS,700,701,1,1034,1030,-4
2025,1,5,7,JFK,AUS,1100,1056,-4,1426,1510,44
2025,1,5,7,JFK,AUS,1224,1217,-7,1555,1556,1
2025,1,5,7,JFK,AUS,1752,1751,-1,2120,2131,11
2025,1,5,7,JFK,AUS,1853,1853,0,2228,2303,35
2025,1,5,7,JFK,BNA,630,629,-1,815,822,7
2025,1,5,7,JFK,BNA,1221,1214,-7,1409,1357,-12
2025,1,5,7,JFK,BNA,1230,1225,-5,1406,1411,5
2025,1,5,7,JFK,BNA,1500,1454,-6,1646,1654,8
2025,1,5,7,JFK,BNA,1529,1553,24,1715,1800,45
2025,1,5,7,JFK,BOS,600,557,-3,722,702,-20
2025,1,5,7,JFK,BOS,800,813,13,918,920,2
2025,1,5,7,JFK,BOS,900,906,6,1017,1021,4
2025,1,5,7,JFK,BOS,950,946,-4,1106,1049,-17
2025,1,5,7,JFK,BOS,1050,1051,1,1203,1155,-8
2025,1,5,7,JFK,BOS,1300,1256,-4,1415,1402,-13
2025,1,5,7,JFK,BOS,1430,1627,117,1546,1735,109
2025,1,5,7,JFK,BOS,1445,1528,43,1559,1639,40
2025,1,5,7,JFK,BOS,1735,1731,-4,1859,1839,-20
2025,1,5,7,JFK,BOS,1740,1850,70,1853,2029,96
2025,1,5,7,JFK,BOS,1800,2008,128,1915,2119,124
2025,1,5,7,JFK,BOS,2059,2056,-3,2230,2222,-8
2025,1,5,7,JFK,BOS,2130,2125,-5,2243,2237,-6
2025,1,5,7,JFK,BOS,2259,2,63,18,112,54
2025,1,5,7,JFK,BQN,1517,1650,93,2009,2136,87
2025,1,5,7,JFK,BQN,2015,2037,22,112,120,8
2025,1,5,7,JFK,BUF,910,931,21,1042,1144,62
2025,1,5,7,JFK,BUF,1429,1454,25,1601,1632,31
2025,1,5,7,JFK,BUF,2030,2217,107,2209,2351,102
2025,1,5,7,JFK,BZN,700,715,15,1002,1051,49
2025,1,5,7,JFK,BZN,930,922,-8,1247,1237,-10
2025,1,5,7,JFK,CHS,945,944,-1,1205,1146,-19
2025,1,5,7,JFK,CHS,959,952,-7,1219,1202,-17
2025,1,5,7,JFK,CHS,1359,1455,56,1619,1720,61
2025,1,5,7,JFK,CHS,1415,1640,145,1633,1915,162
2025,1,5,7,JFK,CLE,809,756,-13,1004,956,-8
2025,1,5,7,JFK,CLE,1254,1355,61,1444,1601,77
2025,1,5,7,JFK,CLT,610,608,-2,819,758,-21
2025,1,5,7,JFK,CLT,745,743,-2,955,955,0
2025,1,5,7,JFK,CLT,820,812,-8,1036,1010,-26
2025,1,5,7,JFK,CLT,1037,1033,-4,1248,1224,-24
2025,1,5,7,JFK,CLT,1225,1221,-4,1434,1424,-10
2025,1,5,7,JFK,CLT,1455,1456,1,1705,1716,11
2025,1,5,7,JFK,CLT,1930,1930,0,2141,2143,2
2025,1,5,7,JFK,CMH,935,931,-4,1134,1114,-20
2025,1,5,7,JFK,CMH,1200,1151,-9,1355,1354,-1
2025,1,5,7,JFK,CMH,1526,1709,103,1726,1914,108
2025,1,5,7,JFK,CMH,1635,1753,78,1832,2035,123
2025,1,5,7,JFK,CMH,2029,2124,55,2234,2345,71
2025,1,5,7,JFK,CVG,930,925,-5,1149,1159,10
2025,1,5,7,JFK,DCA,800,755,-5,924,918,-6
2025,1,5,7,JFK,DCA,859,853,-6,1028,1015,-13
2025,1,5,7,JFK,DCA,1459,1450,-9,1624,1605,-19
2025,1,5,7,JFK,DCA,1628,1622,-6,1800,1736,-24
2025,1,5,7,JFK,DEN,830,832,2,1121,1121,0
2025,1,5,7,JFK,DEN,1129,1205,36,1405,1436,31
2025,1,5,7,JFK,DEN,1655,1647,-8,1934,1918,-16
2025,1,5,7,JFK,DEN,2059,2058,-1,2336,2331,-5
2025,1,5,7,JFK,DFW,805,810,5,1124,1135,11
2025,1,5,7,JFK,DFW,830,840,10,1150,1230,40
2025,1,5,7,JFK,DFW,1430,1507,37,1742,1914,92
2025,1,5,7,JFK,DFW,1556,1559,3,1910,2026,76
2025,1,5,7,JFK,DFW,1750,1818,28,2106,2137,31
2025,1,5,7,JFK,DTW,1259,1257,-2,1508,1505,-3
2025,1,5,7,JFK,DTW,1652,1652,0,1905,1917,12
2025,1,5,7,JFK,EGE,730,727,-3,1017,1013,-4
2025,1,5,7,JFK,FLL,501,453,-8,804,748,-16
2025,1,5,7,JFK,FLL,600,602,2,904,855,-9
2025,1,5,7,JFK,FLL,659,910,131,1009,1213,124
2025,1,5,7,JFK,FLL,700,658,-2,1016,954,-22
2025,1,5,7,JFK,FLL,900,855,-5,1208,1158,-10
2025,1,5,7,JFK,FLL,1030,1046,16,1337,1345,8
2025,1,5,7,JFK,FLL,1110,1137,27,1424,1449,25
2025,1,5,7,JFK,FLL,1329,1340,11,1640,1646,6
2025,1,5,7,JFK,FLL,1529,1556,27,1846,1902,16
2025,1,5,7,JFK,FLL,1710,1721,11,2020,2024,4
2025,1,5,7,JFK,FLL,1715,1917,122,2034,2234,120
2025,1,5,7,JFK,FLL,1930,1930,0,2242,2243,1
2025,1,5,7,JFK,FLL,1955,2000,5,2318,2306,-12
2025,1,5,7,JFK,FLL,2129,2254,85,42,150,68
2025,1,5,7,JFK,HNL,955,954,-1,1613,1616,3
2025,1,5,7,JFK,HNL,1000,1001,1,1615,1614,-1
2025,1,5,7,JFK,IAH,800,839,39,1110,1146,36
2025,1,5,7,JFK,IND,959,1119,80,1224,1345,81
2025,1,5,7,JFK,JAX,740,1019,159,1025,1252,147
2025,1,5,7,JFK,JAX,800,816,16,1042,1052,10
2025,1,5,7,JFK,JAX,1330,1325,-5,1605,1554,-11
2025,1,5,7,JFK,JAX,1459,1527,28,1740,1809,29
2025,1,5,7,JFK,JAX,1929,1944,15,2220,2236,16
2025,1,5,7,JFK,JAX,2015,2115,60,2303,2353,50
2025,1,5,7,JFK,LAS,735,731,-4,1035,1025,-10
2025,1,5,7,JFK,LAS,745,841,56,1040,1136,56
2025,1,5,7,JFK,LAS,759,803,4,1100,1053,-7
2025,1,5,7,JFK,LAS,845,847,2,1151,1124,-27
2025,1,5,7,JFK,LAS,959,957,-2,1249,1301,12
2025,1,5,7,JFK,LAS,1130,1131,1,1427,1413,-14
2025,1,5,7,JFK,LAS,1655,1656,1,1951,1959,8
2025,1,5,7,JFK,LAS,1729,1726,-3,2021,2019,-2
2025,1,5,7,JFK,LAS,1800,1811,11,2048,2048,0
2025,1,5,7,JFK,LAS,1830,1825,-5,2129,2120,-9
2025,1,5,7,JFK,LAS,2054,2149,55,2359,27,28
2025,1,5,7,JFK,LAS,2115,2114,-1,16,13,-3
2025,1,5,7,JFK,LAX,545,538,-7,910,838,-32
2025,1,5,7,JFK,LAX,600,553,-7,922,921,-1
2025,1,5,7,JFK,LAX,659,655,-4,1020,1013,-7
2025,1,5,7,JFK,LAX,700,656,-4,1021,1024,3
2025,1,5,7,JFK,LAX,710,716,6,1030,1047,17
2025,1,5,7,JFK,LAX,800,755,-5,1122,1115,-7
2025,1,5,7,JFK,LAX,815,814,-1,1140,1132,-8
2025,1,5,7,JFK,LAX,905,901,-4,1224,1219,-5
2025,1,5,7,JFK,LAX,959,949,-10,1318,1312,-6
2025,1,5,7,JFK,LAX,1030,1028,-2,1341,1339,-2
2025,1,5,7,JFK,LAX,1100,1057,-3,1417,1413,-4
2025,1,5,7,JFK,LAX,1100,1059,-1,1422,1416,-6
2025,1,5,7,JFK,LAX,1255,1329,34,1614,1638,24
2025,1,5,7,JFK,LAX,1300,1435,95,1612,1738,86
2025,1,5,7,JFK,LAX,1529,1529,0,1850,1847,-3
2025,1,5,7,JFK,LAX,1534,1551,17,1857,1853,-4
2025,1,5,7,JFK,LAX,1540,1604,24,1859,1926,27
2025,1,5,7,JFK,LAX,1629,1637,8,1953,1945,-8
2025,1,5,7,JFK,LAX,1705,1705,0,2030,2052,22
2025,1,5,7,JFK,LAX,1750,1844,54,2108,2204,56
2025,1,5,7,JFK,LAX,1815,1814,-1,2140,2132,-8
2025,1,5,7,JFK,LAX,1915,1907,-8,2241,2233,-8
2025,1,5,7,JFK,LAX,1950,1946,-4,2313,2309,-4
2025,1,5,7,JFK,LAX,1955,2245,170,2335,156,141
2025,1,5,7,JFK,LAX,2011,2120,69,2339,101,82
2025,1,5,7,JFK,LAX,2100,2118,18,29,39,10
2025,1,5,7,JFK,LAX,2145,2346,121,110,300,110
2025,1,5,7,JFK,MCO,501,456,-5,801,743,-18
2025,1,5,7,JFK,MCO,700,656,-4,1006,953,-13
2025,1,5,7,JFK,MCO,730,726,-4,1034,1024,-10
2025,1,5,7,JFK,MCO,905,1134,149,1212,1422,130
2025,1,5,7,JFK,MCO,959,956,-3,1259,1305,6
2025,1,5,7,JFK,MCO,1200,1218,18,1458,1520,22
2025,1,5,7,JFK,MCO,1205,1205,0,1502,1506,4
2025,1,5,7,JFK,MCO,1300,1304,4,1559,1552,-7
2025,1,5,7,JFK,MCO,1330,1325,-5,1631,1630,-1
2025,1,5,7,JFK,MCO,1500,1451,-9,1802,1748,-14
2025,1,5,7,JFK,MCO,1545,1606,21,1847,1911,24
2025,1,5,7,JFK,MCO,1549,1607,18,1854,1915,21
2025,1,5,7,JFK,MCO,1705,1731,26,2010,2036,26
2025,1,5,7,JFK,MCO,1929,1945,16,2239,2306,27
2025,1,5,7,JFK,MCO,1930,2059,89,2233,2351,78
2025,1,5,7,JFK,MCO,2045,2110,25,2353,7,14
2025,1,5,7,JFK,MIA,525,519,-6,845,823,-22
2025,1,5,7,JFK,MIA,630,623,-7,950,932,-18
2025,1,5,7,JFK,MIA,700,703,3,1022,1013,-9
2025,1,5,7,JFK,MIA,744,741,-3,1105,1101,-4
2025,1,5,7,JFK,MIA,900,917,17,1217,1228,11
2025,1,5,7,JFK,MIA,929,955,26,1242,1323,41
2025,1,5,7,JFK,MIA,1110,1140,30,1433,1454,21
2025,1,5,7,JFK,MIA,1230,1235,5,1548,1542,-6
2025,1,5,7,JFK,MIA,1310,1307,-3,1632,1620,-12
2025,1,5,7,JFK,MIA,1350,1600,130,1700,1936,156
2025,1,5,7,JFK,MIA,1526,1537,11,1853,2005,72
2025,1,5,7,JFK,MIA,1645,1655,10,2002,2036,34
2025,1,5,7,JFK,MIA,1730,1726,-4,2048,2039,-9
2025,1,5,7,JFK,MIA,1822,1912,50,2145,2220,35
2025,1,5,7,JFK,MIA,1955,2025,30,2323,2343,20
2025,1,5,7,JFK,MKE,1750,1740,-10,1944,1948,4
2025,1,5,7,JFK,MSP,629,622,-7,844,840,-4
2025,1,5,7,JFK,MSP,1130,1128,-2,1349,1352,3
2025,1,5,7,JFK,MSY,810,806,-4,1059,1028,-31
2025,1,5,7,JFK,MSY,830,842,12,1112,1120,8
2025,1,5,7,JFK,MSY,1443,1831,228,1715,2110,235
2025,1,5,7,JFK,MSY,1622,1615,-7,1903,1900,-3
2025,1,5,7,JFK,ORD,730,901,91,926,1108,102
2025,1,5,7,JFK,ORD,819,826,7,1016,1030,14
2025,1,5,7,JFK,ORD,900,853,-7,1046,1041,-5
2025,1,5,7,JFK,ORD,1130,1304,94,1323,1504,101
2025,1,5,7,JFK,ORD,1550,1545,-5,1753,1808,15
2025,1,5,7,JFK,ORD,1554,1551,-3,1742,1801,19
2025,1,5,7,JFK,ORD,1929,2044,75,2130,2243,73
2025,1,5,7,JFK,ORF,1130,1120,-10,1253,1238,-15
2025,1,5,7,JFK,ORH,1310,1301,-9,1412,1359,-13
2025,1,5,7,JFK,PBI,705,702,-3,1009,1011,2
2025,1,5,7,JFK,PBI,945,1014,29,1252,1307,15
2025,1,5,7,JFK,PBI,1125,1525,240,1430,1848,258
2025,1,5,7,JFK,PBI,1346,1436,50,1655,1735,40
2025,1,5,7,JFK,PBI,1454,1524,30,1800,1821,21
2025,1,5,7,JFK,PBI,1550,1555,5,1853,1904,11
2025,1,5,7,JFK,PBI,1559,1608,9,1905,1933,28
2025,1,5,7,JFK,PBI,1945,2034,49,2251,2333,42
2025,1,5,7,JFK,PDX,1729,1729,0,2110,2047,-23
2025,1,5,7,JFK,PDX,1959,2014,15,2328,2329,1
2025,1,5,7,JFK,PHX,600,558,-2,942,937,-5
2025,1,5,7,JFK,PHX,630,625,-5,1012,1017,5
2025,1,5,7,JFK,PHX,735,733,-2,1122,1119,-3
2025,1,5,7,JFK,PHX,1255,1258,3,1634,1644,10
2025,1,5,7,JFK,PHX,1635,1625,-10,2016,1956,-20
2025,1,5,7,JFK,PHX,1640,1640,0,2019,2030,11
2025,1,5,7,JFK,PHX,1859,1908,9,2242,2303,21
2025,1,5,7,JFK,PHX,2040,2040,0,39,9,-30
2025,1,5,7,JFK,PIT,1330,1320,-10,1511,1505,-6
2025,1,5,7,JFK,PIT,1359,1356,-3,1549,1535,-14
2025,1,5,7,JFK,PIT,1459,1452,-7,1638,1634,-4
2025,1,5,7,JFK,PIT,1516,1512,-4,1706,1703,-3
2025,1,5,7,JFK,PIT,2029,2027,-2,2220,2149,-31
2025,1,5,7,JFK,PSE,2210,2347,97,259,424,85
2025,1,5,7,JFK,PSP,1130,1130,0,1437,1441,4
2025,1,5,7,JFK,RDU,815,823,8,1008,958,-10
2025,1,5,7,JFK,RDU,1030,1044,14,1222,1224,2
2025,1,5,7,JFK,RDU,1429,2009,340,1619,2203,344
2025,1,5,7,JFK,RDU,1510,1502,-8,1702,1705,3
2025,1,5,7,JFK,RDU,2100,2054,-6,2308,2257,-11
2025,1,5,7,JFK,RDU,2159,2257,58,2351,56,65
2025,1,5,7,JFK,RNO,1845,1947,62,2159,2256,57
2025,1,5,7,JFK,ROC,920,942,22,1049,1104,15
2025,1,5,7,JFK,ROC,1050,1045,-5,1217,1227,10
2025,1,5,7,JFK,ROC,2000,2027,27,2133,2154,21
2025,1,5,7,JFK,ROC,2220,2327,67,2356,54,58
2025,1,5,7,JFK,RSW,630,623,-7,949,930,-19
2025,1,5,7,JFK,RSW,735,728,-7,1053,1041,-12
2025,1,5,7,JFK,RSW,1045,1108,23,1404,1443,39
2025,1,5,7,JFK,RSW,1302,1319,17,1620,1633,13
2025,1,5,7,JFK,RSW,1542,1540,-2,1858,1849,-9
2025,1,5,7,JFK,RSW,2059,2119,20,26,49,23
2025,1,5,7,JFK,SAN,644,704,20,953,1021,28
2025,1,5,7,JFK,SAN,815,814,-1,1136,1115,-21
2025,1,5,7,JFK,SAN,930,925,-5,1254,1242,-12
2025,1,5,7,JFK,SAN,1559,1638,39,1913,1940,27
2025,1,5,7,JFK,SAN,1600,1554,-6,1922,1905,-17
2025,1,5,7,JFK,SAN,1633,1650,17,1956,1949,-7
2025,1,5,7,JFK,SAN,2053,2052,-1,24,32,8
2025,1,5,7,JFK,SAT,800,757,-3,1135,1135,0
2025,1,5,7,JFK,SAV,900,859,-1,1127,1130,3
2025,1,5,7,JFK,SAV,1345,1341,-4,1618,1612,-6
2025,1,5,7,JFK,SAV,1715,1935,140,1944,2220,156
2025,1,5,7,JFK,SAV,1859,1850,-9,2140,2146,6
2025,1,5,7,JFK,SEA,700,656,-4,1025,1038,13
2025,1,5,7,JFK,SEA,710,710,0,1042,1047,5
2025,1,5,7,JFK,SEA,1130,1127,-3,1454,1448,-6
2025,1,5,7,JFK,SEA,1611,1603,-8,1945,1930,-15
2025,1,5,7,JFK,SEA,1640,1635,-5,2004,1955,-9
2025,1,5,7,JFK,SEA,1830,1844,14,2209,2217,8
2025,1,5,7,JFK,SEA,1900,1855,-5,2225,2225,0
2025,1,5,7,JFK,SFO,600,553,-7,940,943,3
2025,1,5,7,JFK,SFO,640,1313,393,1025,1646,381
2025,1,5,7,JFK,SFO,705,700,-5,1052,1042,-10
2025,1,5,7,JFK,SFO,830,826,-4,1220,1201,-19
2025,1,5,7,JFK,SFO,930,923,-7,1314,1303,-11
2025,1,5,7,JFK,SFO,1000,954,-6,1344,1318,-26
2025,1,5,7,JFK,SFO,1100,1052,-8,1439,1429,-10
2025,1,5,7,JFK,SFO,1115,1114,-1,1455,1451,-4
2025,1,5,7,JFK,SFO,1300,1252,-8,1637,1622,-15
2025,1,5,7,JFK,SFO,1330,1328,-2,1708,1650,-18
2025,1,5,7,JFK,SFO,1515,1508,-7,1855,1852,-3
2025,1,5,7,JFK,SFO,1630,1626,-4,2012,2001,-11
2025,1,5,7,JFK,SFO,1700,1654,-6,2039,2037,-2
2025,1,5,7,JFK,SFO,1715,1707,-8,2059,2035,-24
2025,1,5,7,JFK,SFO,1830,2039,129,2213,2359,106
2025,1,5,7,JFK,SFO,1905,1859,-6,2251,2247,-4
2025,1,5,7,JFK,SFO,2020,2017,-3,2359,2347,-12
2025,1,5,7,JFK,SFO,2034,2034,0,15,2356,-19
2025,1,5,7,JFK,SFO,2040,2044,4,24,15,-9
2025,1,5,7,JFK,SJU,600,600,0,1057,1037,-20
2025,1,5,7,JFK,SJU,600,659,59,1048,1144,56
2025,1,5,7,JFK,SJU,800,753,-7,1301,1235,-26
2025,1,5,7,JFK,SJU,800,755,-5,1252,1242,-10
2025,1,5,7,JFK,SJU,1123,1139,16,1620,1806,106
2025,1,5,7,JFK,SJU,1200,1236,36,1649,1739,50
2025,1,5,7,JFK,SJU,1200,1323,83,1656,1802,66
2025,1,5,7,JFK,SJU,1548,1736,108,2034,2231,117
2025,1,5,7,JFK,SJU,1859,1914,15,2359,8,9
2025,1,5,7,JFK,SJU,1900,312,492,2351,730,459
2025,1,5,7,JFK,SJU,2059,2141,42,154,215,21
2025,1,5,7,JFK,SJU,2115,2130,15,218,217,-1
2025,1,5,7,JFK,SJU,2155,2243,48,245,314,29
2025,1,5,7,JFK,SJU,2350,153,123,437,643,126
2025,1,5,7,JFK,SLC,700,700,0,1019,1008,-11
2025,1,5,7,JFK,SLC,735,729,-6,1101,1100,-1
2025,1,5,7,JFK,SLC,1108,1106,-2,1436,1432,-4
2025,1,5,7,JFK,SLC,1315,1356,41,1640,1715,35
2025,1,5,7,JFK,SLC,1830,1843,13,2154,2207,13
2025,1,5,7,JFK,SLC,1955,1952,-3,2334,2308,-26
2025,1,5,7,JFK,SNA,912,904,-8,1231,1251,20
2025,1,5,7,JFK,SRQ,800,833,33,1118,1138,20
2025,1,5,7,JFK,STT,835,825,-10,1340,1307,-33
2025,1,5,7,JFK,STT,840,839,-1,1340,1337,-3
2025,1,5,7,JFK,SYR,939,959,20,1058,1115,17
2025,1,5,7,JFK,SYR,1729,1805,36,1848,1922,34
2025,1,5,7,JFK,SYR,2225,2217,-8,2352,2333,-19
2025,1,5,7,JFK,TPA,630,627,-3,933,932,-1
2025,1,5,7,JFK,TPA,730,727,-3,1032,1023,-9
2025,1,5,7,JFK,TPA,1003,1003,0,1309,1313,4
2025,1,5,7,JFK,TPA,1210,1241,31,1516,1530,14
2025,1,5,7,JFK,TPA,1530,1542,12,1838,1851,13
2025,1,5,7,JFK,TPA,1541,1546,5,1846,1848,2
2025,1,5,7,JFK,TPA,1930,1929,-1,2239,2239,0
2025,1,5,7,JFK,TPA,1959,1956,-3,2314,2308,-6
2025,1,6,1,JFK,ATL,600,559,-1,834,834,0
2025,1,6,1,JFK,ATL,630,626,-4,910,905,-5
2025,1,6,1,JFK,ATL,835,836,1,1112,1117,5
2025,1,6,1,JFK,ATL,1030,1035,5,1301,1337,36
2025,1,6,1,JFK,ATL,1100,1103,3,1341,1508,87
2025,1,6,1,JFK,ATL,1224,1223,-1,1500,1531,31
2025,1,6,1,JFK,ATL,1315,1408,53,1553,1702,69
2025,1,6,1,JFK,ATL,1630,1655,25,1905,1947,42
2025,1,6,1,JFK,ATL,1753,1817,24,2035,2104,29
2025,1,6,1,JFK,ATL,1820,1908,48,2107,2221,74
2025,1,6,1,JFK,ATL,2010,2027,17,2259,2254,-5
2025,1,6,1,JFK,ATL,2115,2113,-2,2359,2354,-5
2025,1,6,1,JFK,AUS,700,655,-5,1034,1012,-22
2025,1,6,1,JFK,AUS,1100,1057,-3,1426,1449,23
2025,1,6,1,JFK,AUS,1259,1258,-1,1646,1711,25
2025,1,6,1,JFK,AUS,1752,1938,106,2120,2321,121
2025,1,6,1,JFK,AUS,1850,1944,54,2220,2257,37
2025,1,6,1,JFK,BNA,630,626,-4,814,823,9
2025,1,6,1,JFK,BNA,900,901,1,1049,1051,2
2025,1,6,1,JFK,BNA,1229,1224,-5,1403,1440,37
2025,1,6,1,JFK,BNA,1459,1712,133,1644,1853,129
2025,1,6,1,JFK,BNA,1529,1554,25,1715,1815,60
2025,1,6,1,JFK,BOS,600,604,4,730,709,-21
2025,1,6,1,JFK,BOS,800,751,-9,920,844,-36
2025,1,6,1,JFK,BOS,859,856,-3,1016,1007,-9
2025,1,6,1,JFK,BOS,950,945,-5,1110,1134,24
2025,1,6,1,JFK,BOS,1050,1104,14,1203,1240,37
2025,1,6,1,JFK,BOS,1300,1300,0,1415,1440,25
2025,1,6,1,JFK,BOS,1430,2106,396,1554,2220,386
2025,1,6,1,JFK,BOS,1445,1540,55,1559,1708,69
2025,1,6,1,JFK,BOS,1735,1805,30,1900,1928,28
2025,1,6,1,JFK,BOS,1740,1757,17,1853,2024,91
2025,1,6,1,JFK,BOS,1805,1854,49,1923,2004,41
2025,1,6,1,JFK,BOS,2100,2118,18,2227,2224,-3
2025,1,6,1,JFK,BOS,2130,2128,-2,2243,2251,8
2025,1,6,1,JFK,BOS,2259,2312,13,18,21,3
2025,1,6,1,JFK,BQN,1517,1800,163,2009,2303,174
2025,1,6,1,JFK,BQN,2015,2042,27,112,155,43
2025,1,6,1,JFK,BUF,910,930,20,1043,1046,3
2025,1,6,1,JFK,BUF,1429,1543,74,1601,1723,82
2025,1,6,1,JFK,BUF,2030,2234,124,2209,2,113
2025,1,6,1,JFK,CHS,945,936,-9,1207,1149,-18
2025,1,6,1,JFK,CHS,1000,951,-9,1218,1245,27
2025,1,6,1,JFK,CHS,1415,2037,382,1633,2255,382
2025,1,6,1,JFK,CLE,810,805,-5,1015,1012,-3
2025,1,6,1,JFK,CLE,1254,1309,15,1444,1533,49
2025,1,6,1,JFK,CLT,610,604,-6,819,832,13
2025,1,6,1,JFK,CLT,745,736,-9,955,1014,19
2025,1,6,1,JFK,CLT,1037,1034,-3,1248,1311,23
2025,1,6,1,JFK,CLT,1225,1418,113,1432,1726,174
2025,1,6,1,JFK,CLT,1455,1455,0,1705,1721,16
2025,1,6,1,JFK,CLT,1930,2230,180,2141,35,174
2025,1,6,1,JFK,CMH,935,928,-7,1134,1129,-5
2025,1,6,1,JFK,CMH,1200,1150,-10,1355,1414,19
2025,1,6,1,JFK,CMH,1526,1824,178,1729,2026,177
2025,1,6,1,JFK,CMH,1635,1848,133,1832,2158,206
2025,1,6,1,JFK,CMH,2029,2025,-4,2233,2240,7
2025,1,6,1,JFK,DCA,900,854,-6,1025,1021,-4
2025,1,6,1,JFK,DEN,700,702,2,935,922,-13
2025,1,6,1,JFK,DEN,830,828,-2,1131,1041,-50
2025,1,6,1,JFK,DEN,1655,1706,11,1946,1952,6
2025,1,6,1,JFK,DEN,2059,2151,52,2336,22,46
2025,1,6,1,JFK,DFW,805,805,0,1124,1125,1
2025,1,6,1,JFK,DFW,843,842,-1,1205,1150,-15
2025,1,6,1,JFK,DFW,1430,1428,-2,1742,1756,14
2025,1,6,1,JFK,DFW,1556,1656,60,1910,1953,43
2025,1,6,1,JFK,DFW,1750,1753,3,2106,2043,-23
2025,1,6,1,JFK,DTW,1650,1658,8,1901,1942,41
2025,1,6,1,JFK,FLL,501,450,-11,804,756,-8
2025,1,6,1,JFK,FLL,600,549,-11,904,844,-20
2025,1,6,1,JFK,FLL,659,701,2,1009,1012,3
2025,1,6,1,JFK,FLL,700,654,-6,1018,959,-19
2025,1,6,1,JFK,FLL,900,858,-2,1208,1258,50
2025,1,6,1,JFK,FLL,1030,1150,80,1337,1554,137
2025,1,6,1,JFK,FLL,1115,1113,-2,1428,1518,50
2025,1,6,1,JFK,FLL,1329,1432,63,1640,1825,105
2025,1,6,1,JFK,FLL,1529,1649,80,1846,2009,83
2025,1,6,1,JFK,FLL,1712,1820,68,2022,2145,83
2025,1,6,1,JFK,FLL,1720,1745,25,2036,2112,36
2025,1,6,1,JFK,FLL,1930,1949,19,2242,2310,28
2025,1,6,1,JFK,FLL,1955,2037,42,2318,2350,32
2025,1,6,1,JFK,HNL,1000,955,-5,1619,1628,9
2025,1,6,1,JFK,HNL,1000,958,-2,1615,1619,4
2025,1,6,1,JFK,IAH,800,800,0,1110,1114,4
2025,1,6,1,JFK,IND,1430,1426,-4,1651,1741,50
2025,1,6,1,JFK,IND,1436,1511,35,1659,1755,56
2025,1,6,1,JFK,IND,1559,1714,75,1821,1933,72
2025,1,6,1,JFK,IND,1900,2128,148,2135,6,151
2025,1,6,1,JFK,JAX,800,752,-8,1047,1037,-10
2025,1,6,1,JFK,JAX,800,759,-1,1042,1053,11
2025,1,6,1,JFK,JAX,1330,1324,-6,1611,1707,56
2025,1,6,1,JFK,JAX,1459,1701,122,1740,1950,130
2025,1,6,1,JFK,JAX,1929,2157,148,2220,56,156
2025,1,6,1,JFK,JAX,2015,2137,82,2303,46,103
2025,1,6,1,JFK,LAS,735,729,-6,1042,954,-48
2025,1,6,1,JFK,LAS,745,749,4,1040,1022,-18
2025,1,6,1,JFK,LAS,759,802,3,1100,1049,-11
2025,1,6,1,JFK,LAS,840,853,13,1150,1133,-17
2025,1,6,1,JFK,LAS,900,909,9,1150,1148,-2
2025,1,6,1,JFK,LAS,929,920,-9,1217,1154,-23
2025,1,6,1,JFK,LAS,930,923,-7,1235,1215,-20
2025,1,6,1,JFK,LAS,959,1010,11,1249,1335,46
2025,1,6,1,JFK,LAS,1130,1144,14,1430,1442,12
2025,1,6,1,JFK,LAS,1615,1614,-1,1923,1907,-16
2025,1,6,1,JFK,LAS,1729,1723,-6,2021,1955,-26
2025,1,6,1,JFK,LAS,1800,1757,-3,2048,2029,-19
2025,1,6,1,JFK,LAS,1859,1906,7,2208,2220,12
2025,1,6,1,JFK,LAS,2054,2102,8,2359,2327,-32
2025,1,6,1,JFK,LAS,2115,2124,9,28,2359,-29
2025,1,6,1,JFK,LAX,545,538,-7,910,835,-35
2025,1,6,1,JFK,LAX,600,557,-3,922,901,-21
2025,1,6,1,JFK,LAX,659,703,4,1020,1012,-8
2025,1,6,1,JFK,LAX,700,657,-3,1021,953,-28
2025,1,6,1,JFK,LAX,735,728,-7,1103,1024,-39
2025,1,6,1,JFK,LAX,850,847,-3,1226,1150,-36
2025,1,6,1,JFK,LAX,905,902,-3,1224,1215,-9
2025,1,6,1,JFK,LAX,955,955,0,1326,1313,-13
2025,1,6,1,JFK,LAX,1100,1100,0,1417,1454,37
2025,1,6,1,JFK,LAX,1100,1102,2,1422,1429,7
2025,1,6,1,JFK,LAX,1105,1058,-7,1431,1425,-6
2025,1,6,1,JFK,LAX,1305,1324,19,1633,1704,31
2025,1,6,1,JFK,LAX,1534,1532,-2,1857,1840,-17
2025,1,6,1,JFK,LAX,1540,1536,-4,1859,1911,12
2025,1,6,1,JFK,LAX,1550,1547,-3,1924,1920,-4
2025,1,6,1,JFK,LAX,1629,1624,-5,1953,1933,-20
2025,1,6,1,JFK,LAX,1705,1728,23,2037,2050,13
2025,1,6,1,JFK,LAX,1750,1745,-5,2108,2044,-24
2025,1,6,1,JFK,LAX,1815,1827,12,2154,2123,-31
2025,1,6,1,JFK,LAX,1910,1945,35,2236,2330,54
2025,1,6,1,JFK,LAX,1945,1939,-6,2328,2249,-39
2025,1,6,1,JFK,LAX,1950,2007,17,2313,2304,-9
2025,1,6,1,JFK,LAX,2011,2248,157,2339,201,142
2025,1,6,1,JFK,LAX,2100,2057,-3,29,2359,-30
2025,1,6,1,JFK,LAX,2130,2349,139,54,253,119
2025,1,6,1,JFK,MCO,501,450,-11,801,746,-15
2025,1,6,1,JFK,MCO,730,728,-2,1035,1025,-10
2025,1,6,1,JFK,MCO,730,731,1,1034,1037,3
2025,1,6,1,JFK,MCO,910,904,-6,1214,1211,-3
2025,1,6,1,JFK,MCO,959,958,-1,1301,1251,-10
2025,1,6,1,JFK,MCO,1130,1125,-5,1430,1451,21
2025,1,6,1,JFK,MCO,1200,1448,168,1458,2006,308
2025,1,6,1,JFK,MCO,1300,1323,23,1559,1711,72
2025,1,6,1,JFK,MCO,1330,1335,5,1635,1707,32
2025,1,6,1,JFK,MCO,1500,1555,55,1802,1939,97
2025,1,6,1,JFK,MCO,1543,1556,13,1848,1933,45
2025,1,6,1,JFK,MCO,1545,1616,31,1847,2005,78
2025,1,6,1,JFK,MCO,1710,1842,92,2015,2205,110
2025,1,6,1,JFK,MCO,1830,1836,6,2133,2211,38
2025,1,6,1,JFK,MCO,1929,2041,72,2236,1,85
2025,1,6,1,JFK,MCO,1930,1928,-2,2233,2236,3
2025,1,6,1,JFK,MCO,2045,2049,4,2353,2352,-1
2025,1,6,1,JFK,MCO,2130,23,173,32,326,174
2025,1,6,1,JFK,MIA,525,523,-2,845,850,5
2025,1,6,1,JFK,MIA,630,623,-7,950,942,-8
2025,1,6,1,JFK,MIA,700,843,103,1022,1255,153
2025,1,6,1,JFK,MIA,744,739,-5,1105,1052,-13
2025,1,6,1,JFK,MIA,900,925,25,1217,1324,67
2025,1,6,1,JFK,MIA,930,933,3,1243,1329,46
2025,1,6,1,JFK,MIA,1110,1108,-2,1435,1551,76
2025,1,6,1,JFK,MIA,1230,1230,0,1548,1637,49
2025,1,6,1,JFK,MIA,1310,1317,7,1633,1747,74
2025,1,6,1,JFK,MIA,1350,1508,78,1700,1850,110
2025,1,6,1,JFK,MIA,1526,1639,73,1854,2047,113
2025,1,6,1,JFK,MIA,1645,1713,28,2000,2045,45
2025,1,6,1,JFK,MIA,1729,1805,36,2049,2212,83
2025,1,6,1,JFK,MIA,1822,1921,59,2145,2336,111
2025,1,6,1,JFK,MIA,1955,2057,62,2327,23,56
2025,1,6,1,JFK,MKE,1750,1854,64,1939,2124,105
2025,1,6,1,JFK,MSP,1130,1144,14,1350,1419,29
2025,1,6,1,JFK,MSY,810,1052,162,1057,1408,191
2025,1,6,1,JFK,MSY,830,823,-7,1112,1106,-6
2025,1,6,1,JFK,MSY,1443,1433,-10,1715,1744,29
2025,1,6,1,JFK,MSY,1622,1617,-5,1903,1952,49
2025,1,6,1,JFK,ORD,730,840,70,926,1020,54
2025,1,6,1,JFK,ORD,800,927,87,955,1119,84
2025,1,6,1,JFK,ORD,900,856,-4,1046,1054,8
2025,1,6,1,JFK,ORD,1554,2210,376,1742,2349,367
2025,1,6,1,JFK,ORD,1929,2149,140,2128,4,156
2025,1,6,1,JFK,ORF,1130,1201,31,1253,1358,65
2025,1,6,1,JFK,ORH,1310,1306,-4,1412,1441,29
2025,1,6,1,JFK,PBI,705,701,-4,1017,1018,1
2025,1,6,1,JFK,PBI,859,859,0,1209,1304,55
2025,1,6,1,JFK,PBI,1125,1121,-4,1433,1528,55
2025,1,6,1,JFK,PBI,1346,1344,-2,1655,1720,25
2025,1,6,1,JFK,PBI,1454,1616,82,1800,2003,123
2025,1,6,1,JFK,PBI,1554,1803,129,1904,2123,139
2025,1,6,1,JFK,PBI,1559,1633,34,1905,1957,52
2025,1,6,1,JFK,PBI,2000,1954,-6,2306,2301,-5
2025,1,6,1,JFK,PDX,1729,1926,117,2107,2242,95
2025,1,6,1,JFK,PDX,1959,2036,37,2329,2322,-7
2025,1,6,1,JFK,PHX,600,549,-11,942,913,-29
2025,1,6,1,JFK,PHX,630,628,-2,1012,1013,1
2025,1,6,1,JFK,PHX,800,757,-3,1201,1122,-39
2025,1,6,1,JFK,PHX,1255,1255,0,1634,1636,2
2025,1,6,1,JFK,PHX,1635,1635,0,2016,1958,-18
2025,1,6,1,JFK,PHX,1855,1859,4,2238,2216,-22
2025,1,6,1,JFK,PHX,1950,1957,7,2359,2328,-31
2025,1,6,1,JFK,PIT,1330,1323,-7,1511,1534,23
2025,1,6,1,JFK,PIT,1459,1731,152,1638,1937,179
2025,1,6,1,JFK,PIT,1516,1624,68,1708,1838,90
2025,1,6,1,JFK,PIT,2029,2131,62,2220,2345,85
2025,1,6,1,JFK,RDU,815,856,41,1008,1058,50
2025,1,6,1,JFK,RDU,1030,1019,-11,1222,1308,46
2025,1,6,1,JFK,RDU,1429,1548,79,1619,1822,123
2025,1,6,1,JFK,RDU,1510,1737,147,1702,2056,234
2025,1,6,1,JFK,RDU,2159,2304,65,2351,56,65
2025,1,6,1,JFK,RNO,1845,1908,23,2159,2156,-3
2025,1,6,1,JFK,ROC,920,928,8,1049,1042,-7
2025,1,6,1,JFK,ROC,1050,1137,47,1217,1337,80
2025,1,6,1,JFK,ROC,2000,1955,-5,2133,2121,-12
2025,1,6,1,JFK,ROC,2220,2212,-8,2356,7,11
2025,1,6,1,JFK,RSW,630,630,0,949,948,-1
2025,1,6,1,JFK,RSW,735,722,-13,1056,1046,-10
2025,1,6,1,JFK,RSW,1045,1039,-6,1404,1440,36
2025,1,6,1,JFK,RSW,1259,1254,-5,1617,1640,23
2025,1,6,1,JFK,RSW,1543,1540,-3,1904,1912,8
2025,1,6,1,JFK,RSW,2029,2055,26,2354,17,23
2025,1,6,1,JFK,SAN,644,642,-2,953,943,-10
2025,1,6,1,JFK,SAN,850,846,-4,1225,1151,-34
2025,1,6,1,JFK,SAN,1559,1552,-7,1913,1903,-10
2025,1,6,1,JFK,SAN,1630,1625,-5,1951,1955,4
2025,1,6,1,JFK,SAN,1655,1652,-3,2025,1959,-26
2025,1,6,1,JFK,SAT,800,800,0,1135,1147,12
2025,1,6,1,JFK,SAV,900,858,-2,1127,1131,4
2025,1,6,1,JFK,SAV,1345,1353,8,1619,1652,33
2025,1,6,1,JFK,SAV,1715,1836,81,1944,2107,83
2025,1,6,1,JFK,SAV,1859,2336,277,2141,206,265
2025,1,6,1,JFK,SEA,730,726,-4,1058,1032,-26
2025,1,6,1,JFK,SEA,1130,1126,-4,1458,1425,-33
2025,1,6,1,JFK,SEA,1600,1557,-3,1927,1933,6
2025,1,6,1,JFK,SEA,1634,1710,36,1955,2002,7
2025,1,6,1,JFK,SEA,1900,1900,0,2225,2224,-1
2025,1,6,1,JFK,SFO,600,605,5,940,920,-20
2025,1,6,1,JFK,SFO,645,658,13,1030,1020,-10
2025,1,6,1,JFK,SFO,700,655,-5,1052,1031,-21
2025,1,6,1,JFK,SFO,829,824,-5,1222,1142,-40
2025,1,6,1,JFK,SFO,855,850,-5,1252,1226,-26
2025,1,6,1,JFK,SFO,1105,1100,-5,1444,1451,7
2025,1,6,1,JFK,SFO,1300,1256,-4,1645,1713,28
2025,1,6,1,JFK,SFO,1330,1438,68,1708,1819,71
2025,1,6,1,JFK,SFO,1455,1448,-7,1841,1904,23
2025,1,6,1,JFK,SFO,1600,1552,-8,1946,1921,-25
2025,1,6,1,JFK,SFO,1700,1728,28,2039,2049,10
2025,1,6,1,JFK,SFO,1705,2009,184,2054,41,227
2025,1,6,1,JFK,SFO,1830,1917,47,2213,2225,12
2025,1,6,1,JFK,SFO,1925,1920,-5,2317,2227,-50
2025,1,6,1,JFK,SFO,2034,2031,-3,15,2344,-31
2025,1,6,1,JFK,SFO,2040,2035,-5,24,1,-23
2025,1,6,1,JFK,SJU,600,552,-8,1057,1035,-22
2025,1,6,1,JFK,SJU,600,605,5,1048,1038,-10
2025,1,6,1,JFK,SJU,800,753,-7,1301,1231,-30
2025,1,6,1,JFK,SJU,800,820,20,1252,1334,42
2025,1,6,1,JFK,SJU,1123,1146,23,1620,1714,54
2025,1,6,1,JFK,SJU,1200,1152,-8,1655,1706,11
2025,1,6,1,JFK,SJU,1200,1158,-2,1649,1707,18
2025,1,6,1,JFK,SJU,1548,1551,3,2034,2109,35
2025,1,6,1,JFK,SJU,1845,2007,82,2336,153,137
2025,1,6,1,JFK,SJU,1859,2124,145,2359,234,155
2025,1,6,1,JFK,SJU,2059,2100,1,154,218,24
2025,1,6,1,JFK,SJU,2155,2313,78,245,406,81
2025,1,6,1,JFK,SJU,2350,12,22,437,504,27
2025,1,6,1,JFK,SLC,645,642,-3,1022,954,-28
2025,1,6,1,JFK,SLC,735,726,-9,1101,1034,-27
2025,1,6,1,JFK,SLC,1100,1054,-6,1432,1426,-6
2025,1,6,1,JFK,SLC,1300,1300,0,1633,1645,12
2025,1,6,1,JFK,SLC,1830,1829,-1,2154,2141,-13
2025,1,6,1,JFK,SLC,1838,2254,256,2215,155,220
2025,1,6,1,JFK,SNA,912,903,-9,1231,1215,-16
2025,1,6,1,JFK,SRQ,800,752,-8,1118,1121,3
2025,1,6,1,JFK,STT,835,825,-10,1340,1328,-12
2025,1,6,1,JFK,STT,840,833,-7,1340,1355,15
2025,1,6,1,JFK,SYR,939,937,-2,1058,1049,-9
2025,1,6,1,JFK,SYR,1729,1822,53,1848,1930,42
2025,1,6,1,JFK,SYR,2300,2331,31,17,32,15
2025,1,6,1,JFK,TPA,630,629,-1,933,936,3
2025,1,6,1,JFK,TPA,730,726,-4,1032,1039,7
2025,1,6,1,JFK,TPA,1000,947,-13,1306,1306,0
2025,1,6,1,JFK,TPA,1210,1252,42,1516,1644,88
2025,1,6,1,JFK,TPA,1530,1530,0,1838,1904,26
2025,1,6,1,JFK,TPA,1540,1644,64,1850,2033,103
2025,1,6,1,JFK,TPA,1930,2245,195,2239,207,208
2025,1,6,1,JFK,TPA,1959,2002,3,2314,2324,10
2025,1,7,2,JFK,ATL,600,556,-4,834,821,-13
2025,1,7,2,JFK,ATL,659,700,1,938,925,-13
2025,1,7,2,JFK,ATL,835,830,-5,1115,1105,-10
2025,1,7,2,JFK,ATL,1100,1053,-7,1341,1316,-25
2025,1,7,2,JFK,ATL,1224,1233,9,1500,1454,-6
2025,1,7,2,JFK,ATL,1440,1437,-3,1718,1655,-23
2025,1,7,2,JFK,ATL,1630,1632,2,1905,1903,-2
2025,1,7,2,JFK,ATL,1820,1836,16,2107,2143,36
2025,1,7,2,JFK,ATL,2010,2024,14,2259,2237,-22
2025,1,7,2,JFK,ATL,2130,2129,-1,11,2359,-12
2025,1,7,2,JFK,AUS,700,652,-8,1034,1000,-34
2025,1,7,2,JFK,AUS,1059,1057,-2,1426,1427,1
2025,1,7,2,JFK,AUS,1259,1253,-6,1646,1621,-25
2025,1,7,2,JFK,AUS,1800,1759,-1,2131,2119,-12
2025,1,7,2,JFK,AUS,1850,1845,-5,2220,2213,-7
2025,1,7,2,JFK,BNA,900,857,-3,1049,1051,2
2025,1,7,2,JFK,BNA,1230,1314,44,1413,1459,46
2025,1,7,2,JFK,BNA,1459,1550,51,1644,1727,43
2025,1,7,2,JFK,BNA,1529,1533,4,1715,1729,14
2025,1,7,2,JFK,BOS,600,556,-4,730,713,-17
2025,1,7,2,JFK,BOS,730,735,5,847,845,-2
2025,1,7,2,JFK,BOS,910,1011,61,1032,1114,42
2025,1,7,2,JFK,BOS,950,944,-6,1110,1043,-27
2025,1,7,2,JFK,BOS,1330,1327,-3,1445,1441,-4
2025,1,7,2,JFK,BOS,1430,1630,120,1554,1736,102
2025,1,7,2,JFK,BOS,1555,1550,-5,1712,1657,-15
2025,1,7,2,JFK,BOS,1735,1928,113,1900,2120,140
2025,1,7,2,JFK,BOS,1744,1741,-3,1906,1854,-12
2025,1,7,2,JFK,BOS,2030,2039,9,2154,2150,-4
2025,1,7,2,JFK,BOS,2059,2134,35,2222,2247,25
2025,1,7,2,JFK,BOS,2159,2225,26,2309,2329,20
2025,1,7,2,JFK,BOS,2259,2308,9,18,16,-2
2025,1,7,2,JFK,BQN,1530,1555,25,2022,2042,20
2025,1,7,2,JFK,BQN,2150,2147,-3,242,230,-12
2025,1,7,2,JFK,BUF,730,1133,243,903,1307,244
2025,1,7,2,JFK,BUF,1550,1549,-1,1722,1713,-9
2025,1,7,2,JFK,BUF,1725,1718,-7,1857,1857,0
2025,1,7,2,JFK,CHS,959,1013,14,1219,1224,5
2025,1,7,2,JFK,CHS,1230,1333,63,1448,1543,55
2025,1,7,2,JFK,CLE,759,753,-6,959,955,-4
2025,1,7,2,JFK,CLE,1220,1215,-5,1415,1415,0
2025,1,7,2,JFK,CLT,630,622,-8,841,821,-20
2025,1,7,2,JFK,CLT,800,758,-2,1015,956,-19
2025,1,7,2,JFK,CLT,1200,1309,69,1408,1504,56
2025,1,7,2,JFK,CLT,1225,1226,1,1432,1450,18
2025,1,7,2,JFK,CLT,1454,1524,30,1705,1721,16
2025,1,7,2,JFK,CLT,1930,1926,-4,2143,2144,1
2025,1,7,2,JFK,CMH,935,933,-2,1134,1118,-16
2025,1,7,2,JFK,CMH,1526,1532,6,1729,1724,-5
2025,1,7,2,JFK,CMH,1630,1630,0,1828,1825,-3
2025,1,7,2,JFK,CMH,2029,2121,52,2233,35,122
2025,1,7,2,JFK,CVG,857,854,-3,1124,1111,-13
2025,1,7,2,JFK,DCA,800,803,3,932,958,26
2025,1,7,2,JFK,DCA,1459,1519,20,1627,1652,25
2025,1,7,2,JFK,DCA,1628,1624,-4,1800,1802,2
2025,1,7,2,JFK,DCA,1744,1758,14,1914,1919,5
2025,1,7,2,JFK,DCA,2029,2307,158,2200,13,133
2025,1,7,2,JFK,DCA,2059,2201,62,2241,2331,50
2025,1,7,2,JFK,DEN,830,826,-4,1131,1113,-18
2025,1,7,2,JFK,DEN,1655,1709,14,1946,1943,-3
2025,1,7,2,JFK,DEN,1900,2239,219,2138,55,197
2025,1,7,2,JFK,DFW,800,757,-3,1120,1107,-13
2025,1,7,2,JFK,DFW,843,1003,80,1205,1312,67
2025,1,7,2,JFK,DFW,1430,1435,5,1746,1738,-8
2025,1,7,2,JFK,DFW,1559,1558,-1,1915,1909,-6
2025,1,7,2,JFK,DFW,1750,1757,7,2106,2104,-2
2025,1,7,2,JFK,DTW,1650,1647,-3,1901,1847,-14
2025,1,7,2,JFK,EGE,729,834,65,1027,1102,35
2025,1,7,2,JFK,FLL,600,554,-6,904,856,-8
2025,1,7,2,JFK,FLL,700,710,10,1018,1012,-6
2025,1,7,2,JFK,FLL,800,748,-12,1112,1053,-19
2025,1,7,2,JFK,FLL,900,918,18,1208,1224,16
2025,1,7,2,JFK,FLL,1115,1107,-8,1428,1420,-8
2025,1,7,2,JFK,FLL,1315,1323,8,1625,1619,-6
2025,1,7,2,JFK,FLL,1529,1518,-11,1846,1820,-26
2025,1,7,2,JFK,FLL,1555,1608,13,1907,1925,18
2025,1,7,2,JFK,FLL,1720,1717,-3,2036,2020,-16
2025,1,7,2,JFK,FLL,1930,2109,99,2242,46,124
2025,1,7,2,JFK,HNL,1000,1052,52,1615,1621,6
2025,1,7,2,JFK,IND,1416,1543,87,1639,1817,98
2025,1,7,2,JFK,IND,1440,1440,0,1704,1654,-10
2025,1,7,2,JFK,IND,1559,1559,0,1825,1823,-2
2025,1,7,2,JFK,IND,1829,1841,12,2056,2123,27
2025,1,7,2,JFK,JAX,740,735,-5,1025,1021,-4
2025,1,7,2,JFK,JAX,815,817,2,1057,1103,6
2025,1,7,2,JFK,JAX,1330,1324,-6,1611,1610,-1
2025,1,7,2,JFK,JAX,1830,1829,-1,2111,2125,14
2025,1,7,2,JFK,JAX,1929,1929,0,2220,2240,20
2025,1,7,2,JFK,LAS,735,731,-4,1029,1000,-29
2025,1,7,2,JFK,LAS,735,734,-1,1042,955,-47
2025,1,7,2,JFK,LAS,759,803,4,1100,1108,8
2025,1,7,2,JFK,LAS,820,838,18,1113,1106,-7
2025,1,7,2,JFK,LAS,959,957,-2,1249,1244,-5
2025,1,7,2,JFK,LAS,1130,1131,1,1434,1411,-23
2025,1,7,2,JFK,LAS,1615,1612,-3,1923,1908,-15
2025,1,7,2,JFK,LAS,1740,1737,-3,2030,2014,-16
2025,1,7,2,JFK,LAS,1859,1858,-1,2208,2205,-3
2025,1,7,2,JFK,LAS,2059,2102,3,4,2338,-26
2025,1,7,2,JFK,LAS,2115,2110,-5,28,15,-13
2025,1,7,2,JFK,LAX,600,558,-2,929,903,-26
2025,1,7,2,JFK,LAX,700,655,-5,1035,955,-40
2025,1,7,2,JFK,LAX,700,658,-2,1021,1007,-14
2025,1,7,2,JFK,LAX,710,716,6,1040,1017,-23
2025,1,7,2,JFK,LAX,800,755,-5,1129,1053,-36
2025,1,7,2,JFK,LAX,820,815,-5,1142,1136,-6
2025,1,7,2,JFK,LAX,850,849,-1,1226,1159,-27
2025,1,7,2,JFK,LAX,930,924,-6,1250,1220,-30
2025,1,7,2,JFK,LAX,955,1015,20,1326,1312,-14
2025,1,7,2,JFK,LAX,1100,1055,-5,1430,1416,-14
2025,1,7,2,JFK,LAX,1105,1105,0,1431,1453,22
2025,1,7,2,JFK,LAX,1129,1125,-4,1446,1416,-30
2025,1,7,2,JFK,LAX,1305,1300,-5,1633,1552,-41
2025,1,7,2,JFK,LAX,1400,1427,27,1719,1732,13
2025,1,7,2,JFK,LAX,1534,1531,-3,1903,1820,-43
2025,1,7,2,JFK,LAX,1550,1552,2,1924,1849,-35
2025,1,7,2,JFK,LAX,1630,1627,-3,1957,1924,-33
2025,1,7,2,JFK,LAX,1645,1655,10,2008,1957,-11
2025,1,7,2,JFK,LAX,1705,1720,15,2037,2020,-17
2025,1,7,2,JFK,LAX,1729,1726,-3,2056,2027,-29
2025,1,7,2,JFK,LAX,1830,1824,-6,2149,2133,-16
2025,1,7,2,JFK,LAX,1945,1943,-2,2328,2236,-52
2025,1,7,2,JFK,LAX,1959,1952,-7,2332,2336,4
2025,1,7,2,JFK,LAX,2100,2052,-8,33,9,-24
2025,1,7,2,JFK,LAX,2130,2125,-5,55,26,-29
2025,1,7,2,JFK,MCI,1120,1206,46,1353,1425,32
2025,1,7,2,JFK,MCO,600,558,-2,900,856,-4
2025,1,7,2,JFK,MCO,730,727,-3,1035,1034,-1
2025,1,7,2,JFK,MCO,910,903,-7,1214,1158,-16
2025,1,7,2,JFK,MCO,1100,1059,-1,1400,1410,10
2025,1,7,2,JFK,MCO,1130,1125,-5,1430,1425,-5
2025,1,7,2,JFK,MCO,1225,1225,0,1523,1506,-17
2025,1,7,2,JFK,MCO,1330,1319,-11,1635,1602,-33
2025,1,7,2,JFK,MCO,1359,1354,-5,1659,1653,-6
2025,1,7,2,JFK,MCO,1500,1845,225,1802,2212,250
2025,1,7,2,JFK,MCO,1546,1542,-4,1854,1835,-19
2025,1,7,2,JFK,MCO,1550,1605,15,1852,1918,26
2025,1,7,2,JFK,MCO,1830,1903,33,2133,2234,61
2025,1,7,2,JFK,MIA,525,522,-3,839,837,-2
2025,1,7,2,JFK,MIA,630,621,-9,948,949,1
2025,1,7,2,JFK,MIA,700,659,-1,1022,1008,-14
2025,1,7,2,JFK,MIA,738,733,-5,1100,1100,0
2025,1,7,2,JFK,MIA,901,853,-8,1236,1231,-5
2025,1,7,2,JFK,MIA,950,950,0,1303,1300,-3
2025,1,7,2,JFK,MIA,1110,1109,-1,1435,1425,-10
2025,1,7,2,JFK,MIA,1310,1302,-8,1633,1611,-22
2025,1,7,2,JFK,MIA,1330,1416,46,1650,1745,55
2025,1,7,2,JFK,MIA,1500,1505,5,1815,1818,3
2025,1,7,2,JFK,MIA,1520,1515,-5,1840,1818,-22
2025,1,7,2,JFK,MIA,1734,1743,9,2056,2109,13
2025,1,7,2,JFK,MIA,1745,1734,-11,2111,2056,-15
2025,1,7,2,JFK,MIA,1821,1815,-6,2145,2127,-18
2025,1,7,2,JFK,MIA,2030,2105,35,2348,5,17
2025,1,7,2,JFK,MKE,1750,1814,24,1939,1958,19
2025,1,7,2,JFK,MSP,1130,1123,-7,1350,1340,-10
2025,1,7,2,JFK,MSY,810,805,-5,1057,1033,-24
2025,1,7,2,JFK,MSY,1622,1622,0,1903,1852,-11
2025,1,7,2,JFK,ORD,800,1059,179,955,1231,156
2025,1,7,2,JFK,ORD,900,900,0,1047,1030,-17
2025,1,7,2,JFK,ORD,1550,1546,-4,1738,1715,-23
2025,1,7,2,JFK,ORD,1555,1616,21,1750,1800,10
2025,1,7,2,JFK,ORD,1929,1943,14,2128,2130,2
2025,1,7,2,JFK,ORF,1110,1103,-7,1236,1229,-7
2025,1,7,2,JFK,ORF,2155,2234,39,2325,2400,35
2025,1,7,2,JFK,ORH,1258,1255,-3,1401,1354,-7
2025,1,7,2,JFK,PBI,815,811,-4,1130,1130,0
2025,1,7,2,JFK,PBI,1030,1043,13,1335,1337,2
2025,1,7,2,JFK,PBI,1329,1334,5,1638,1633,-5
2025,1,7,2,JFK,PBI,1509,1507,-2,1815,1808,-7
2025,1,7,2,JFK,PBI,1554,1553,-1,1904,1852,-12
2025,1,7,2,JFK,PBI,2000,2007,7,2306,2324,18
2025,1,7,2,JFK,PDX,1729,1742,13,2107,2033,-34
2025,1,7,2,JFK,PDX,1959,2004,5,2329,2303,-26
2025,1,7,2,JFK,PHX,630,624,-6,1019,1002,-17
2025,1,7,2,JFK,PHX,730,722,-8,1115,1053,-22
2025,1,7,2,JFK,PHX,735,745,10,1135,1134,-1
2025,1,7,2,JFK,PHX,930,929,-1,1325,1301,-24
2025,1,7,2,JFK,PHX,1259,1259,0,1649,1634,-15
2025,1,7,2,JFK,PHX,1700,1651,-9,2050,2017,-33
2025,1,7,2,JFK,PHX,1830,2008,98,2213,2332,79
2025,1,7,2,JFK,PHX,1950,1959,9,2359,2337,-22
2025,1,7,2,JFK,PIT,1400,1409,9,1542,1537,-5
2025,1,7,2,JFK,PIT,1516,1519,3,1708,1650,-18
2025,1,7,2,JFK,PIT,1715,1706,-9,1855,1841,-14
2025,1,7,2,JFK,PIT,2029,2022,-7,2220,2217,-3
2025,1,7,2,JFK,PSP,930,933,3,1237,1214,-23
2025,1,7,2,JFK,RDU,829,853,24,1024,1029,5
2025,1,7,2,JFK,RDU,1030,1024,-6,1216,1219,3
2025,1,7,2,JFK,RDU,1420,1447,27,1609,1637,28
2025,1,7,2,JFK,RDU,1510,1621,71,1701,1846,105
2025,1,7,2,JFK,RDU,2030,2027,-3,2225,2216,-9
2025,1,7,2,JFK,RDU,2130,2125,-5,2324,2323,-1
2025,1,7,2,JFK,ROC,1050,1149,59,1217,1311,54
2025,1,7,2,JFK,ROC,1430,1424,-6,1558,1551,-7
2025,1,7,2,JFK,ROC,2155,2227,32,2326,2347,21
2025,1,7,2,JFK,ROC,2220,2242,22,2356,16,20
2025,1,7,2,JFK,RSW,600,555,-5,920,907,-13
2025,1,7,2,JFK,RSW,735,729,-6,1056,1044,-12
2025,1,7,2,JFK,RSW,1543,1542,-1,1904,1852,-12
2025,1,7,2,JFK,RSW,1750,1741,-9,2110,2040,-30
2025,1,7,2,JFK,SAN,700,658,-2,1011,946,-25
2025,1,7,2,JFK,SAN,850,849,-1,1225,1147,-38
2025,1,7,2,JFK,SAN,1630,1622,-8,1945,1908,-37
2025,1,7,2,JFK,SAN,1630,1627,-3,1951,1925,-26
2025,1,7,2,JFK,SAN,1655,1651,-4,2025,1949,-36
2025,1,7,2,JFK,SAT,800,804,4,1135,1126,-9
2025,1,7,2,JFK,SAV,1345,1520,95,1619,1751,92
2025,1,7,2,JFK,SAV,1859,1956,57,2141,2223,42
2025,1,7,2,JFK,SEA,710,708,-2,1038,1016,-22
2025,1,7,2,JFK,SEA,1130,1203,33,1458,1445,-13
2025,1,7,2,JFK,SEA,1600,1556,-4,1927,1904,-23
2025,1,7,2,JFK,SEA,1634,1703,29,1955,2004,9
2025,1,7,2,JFK,SEA,1900,1917,17,2225,2220,-5
2025,1,7,2,JFK,SFO,600,556,-4,950,855,-55
2025,1,7,2,JFK,SFO,700,707,7,1052,1007,-45
2025,1,7,2,JFK,SFO,820,813,-7,1158,1112,-46
2025,1,7,2,JFK,SFO,825,824,-1,1233,1140,-53
2025,1,7,2,JFK,SFO,855,850,-5,1252,1207,-45
2025,1,7,2,JFK,SFO,1030,1030,0,1410,1330,-40
2025,1,7,2,JFK,SFO,1110,1115,5,1459,1425,-34
2025,1,7,2,JFK,SFO,1200,1153,-7,1537,1446,-51
2025,1,7,2,JFK,SFO,1300,1340,40,1645,1625,-20
2025,1,7,2,JFK,SFO,1455,1502,7,1841,1800,-41
2025,1,7,2,JFK,SFO,1600,1559,-1,1946,1859,-47
2025,1,7,2,JFK,SFO,1659,1700,1,2038,1954,-44
2025,1,7,2,JFK,SFO,1700,1657,-3,2050,1948,-62
2025,1,7,2,JFK,SFO,1705,1705,0,2054,2013,-41
2025,1,7,2,JFK,SFO,2030,2026,-4,14,2319,-55
2025,1,7,2,JFK,SFO,2030,2030,0,22,2329,-53
2025,1,7,2,JFK,SJU,600,544,-16,1057,1055,-2
2025,1,7,2,JFK,SJU,759,838,39,1250,1339,49
2025,1,7,2,JFK,SJU,800,803,3,1301,1248,-13
2025,1,7,2,JFK,SJU,1155,1225,30,1644,1709,25
2025,1,7,2,JFK,SJU,1200,1159,-1,1655,1634,-21
2025,1,7,2,JFK,SJU,1313,1312,-1,1810,1759,-11
2025,1,7,2,JFK,SJU,1600,1600,0,2046,2046,0
2025,1,7,2,JFK,SJU,1830,1836,6,2321,2349,28
2025,1,7,2,JFK,SJU,2045,2108,23,142,207,25
2025,1,7,2,JFK,SJU,2259,2334,35,350,407,17
2025,1,7,2,JFK,SLC,650,653,3,1027,948,-39
2025,1,7,2,JFK,SLC,1059,1125,26,1431,1439,8
2025,1,7,2,JFK,SLC,1300,1257,-3,1633,1549,-44
2025,1,7,2,JFK,SLC,1830,1959,89,2155,2254,59
2025,1,7,2,JFK,SLC,1838,1837,-1,2215,2208,-7
2025,1,7,2,JFK,SNA,900,902,2,1225,1206,-19
2025,1,7,2,JFK,SRQ,630,628,-2,939,932,-7
2025,1,7,2,JFK,STT,840,846,6,1340,1342,2
2025,1,7,2,JFK,STT,859,855,-4,1359,1407,8
2025,1,7,2,JFK,SYR,1815,1810,-5,1936,1931,-5
2025,1,7,2,JFK,SYR,2230,2225,-5,2355,5,10
2025,1,7,2,JFK,TPA,730,726,-4,1032,1029,-3
2025,1,7,2,JFK,TPA,900,902,2,1209,1155,-14
2025,1,7,2,JFK,TPA,1102,1053,-9,1408,1414,6
2025,1,7,2,JFK,TPA,1128,1218,50,1436,1515,39
2025,1,7,2,JFK,TPA,1540,1540,0,1850,1833,-17
2025,1,7,2,JFK,TPA,1745,1754,9,2054,2059,5
2025,1,7,2,JFK,TPA,1959,2130,91,2314,40,86
2025,1,8,3,JFK,ATL,600,600,0,834,822,-12
2025,1,8,3,JFK,ATL,659,656,-3,938,932,-6
2025,1,8,3,JFK,ATL,835,834,-1,1115,1106,-9
2025,1,8,3,JFK,ATL,1100,1137,37,1341,1413,32
2025,1,8,3,JFK,ATL,1224,1236,12,1500,1508,8
2025,1,8,3,JFK,ATL,1440,1439,-1,1718,1705,-13
2025,1,8,3,JFK,ATL,1630,1650,20,1905,1914,9
2025,1,8,3,JFK,ATL,1820,1828,8,2107,2129,22
2025,1,8,3,JFK,ATL,2010,2140,90,2259,7,68
2025,1,8,3,JFK,ATL,2130,2135,5,11,5,-6
2025,1,8,3,JFK,AUS,700,656,-4,1034,1025,-9
2025,1,8,3,JFK,AUS,1100,1059,-1,1431,1419,-12
2025,1,8,3,JFK,AUS,1259,1301,2,1646,1631,-15
2025,1,8,3,JFK,AUS,1800,1759,-1,2131,2136,5
2025,1,8,3,JFK,AUS,1850,1849,-1,2220,2233,13
2025,1,8,3,JFK,BNA,900,858,-2,1049,1049,0
2025,1,8,3,JFK,BNA,1230,1223,-7,1413,1418,5
2025,1,8,3,JFK,BNA,1459,1506,7,1644,1641,-3
2025,1,8,3,JFK,BNA,1529,1526,-3,1715,1719,4
2025,1,8,3,JFK,BOS,600,555,-5,712,707,-5
2025,1,8,3,JFK,BOS,600,557,-3,730,713,-17
2025,1,8,3,JFK,BOS,730,722,-8,847,843,-4
2025,1,8,3,JFK,BOS,930,930,0,1046,1031,-15
2025,1,8,3,JFK,BOS,950,958,8,1110,1058,-12
2025,1,8,3,JFK,BOS,1030,1026,-4,1137,1132,-5
2025,1,8,3,JFK,BOS,1330,1328,-2,1445,1433,-12
2025,1,8,3,JFK,BOS,1430,1424,-6,1554,1523,-31
2025,1,8,3,JFK,BOS,1555,1550,-5,1712,1739,27
2025,1,8,3,JFK,BOS,1735,1730,-5,1900,1858,-2
2025,1,8,3,JFK,BOS,1744,1737,-7,1906,1859,-7
2025,1,8,3,JFK,BOS,2030,2048,18,2154,2154,0
2025,1,8,3,JFK,BOS,2059,2101,2,2222,2205,-17
2025,1,8,3,JFK,BOS,2140,2132,-8,2258,2305,7
2025,1,8,3,JFK,BOS,2159,2213,14,2309,2326,17
2025,1,8,3,JFK,BOS,2259,2255,-4,18,3,-15
2025,1,8,3,JFK,BQN,1530,1552,22,2022,2043,21
2025,1,8,3,JFK,BQN,2150,2156,6,242,244,2
2025,1,8,3,JFK,BUF,629,645,16,801,808,7
2025,1,8,3,JFK,BUF,1550,1547,-3,1722,1707,-15
2025,1,8,3,JFK,BUF,1725,1722,-3,1857,1838,-19
2025,1,8,3,JFK,CHS,959,950,-9,1219,1157,-22
2025,1,8,3,JFK,CHS,1230,1224,-6,1448,1500,12
2025,1,8,3,JFK,CLE,800,819,19,1009,1014,5
2025,1,8,3,JFK,CLE,1220,1211,-9,1415,1421,6
2025,1,8,3,JFK,CLT,630,632,2,841,832,-9
2025,1,8,3,JFK,CLT,800,801,1,1015,1004,-11
2025,1,8,3,JFK,CLT,1200,1156,-4,1408,1408,0
2025,1,8,3,JFK,CLT,1225,1221,-4,1432,1446,14
2025,1,8,3,JFK,CLT,1454,1453,-1,1705,1705,0
2025,1,8,3,JFK,CLT,1930,1939,9,2143,2143,0
2025,1,8,3,JFK,CMH,935,930,-5,1134,1123,-11
2025,1,8,3,JFK,CMH,1144,1133,-11,1341,1327,-14
2025,1,8,3,JFK,CMH,1526,1539,13,1729,1724,-5
2025,1,8,3,JFK,CMH,1630,1627,-3,1828,1816,-12
2025,1,8,3,JFK,CMH,2029,2049,20,2233,2339,66
2025,1,8,3,JFK,CVG,850,841,-9,1117,1103,-14
2025,1,8,3,JFK,CVG,1315,1313,-2,1533,1526,-7
2025,1,8,3,JFK,DCA,800,756,-4,932,918,-14
2025,1,8,3,JFK,DCA,855,853,-2,1020,1007,-13
2025,1,8,3,JFK,DCA,1459,1532,33,1627,1646,19
2025,1,8,3,JFK,DCA,1628,1646,18,1800,1816,16
2025,1,8,3,JFK,DCA,1744,1743,-1,1914,1912,-2
2025,1,8,3,JFK,DCA,2029,2024,-5,2200,2233,33
2025,1,8,3,JFK,DCA,2059,2058,-1,2241,2241,0
2025,1,8,3,JFK,DEN,830,820,-10,1131,1034,-57
2025,1,8,3,JFK,DEN,1655,1649,-6,1946,1855,-51
2025,1,8,3,JFK,DEN,1900,1950,50,2138,2200,22
2025,1,8,3,JFK,DFW,800,755,-5,1120,1104,-16
2025,1,8,3,JFK,DFW,843,1007,84,1205,1312,67
2025,1,8,3,JFK,DFW,1430,1600,90,1746,1911,85
2025,1,8,3,JFK,DFW,1750,1822,32,2106,2151,45
2025,1,8,3,JFK,DTW,1650,1647,-3,1901,1838,-23
2025,1,8,3,JFK,EGE,730,720,-10,1027,930,-57
2025,1,8,3,JFK,FLL,600,552,-8,904,841,-23
2025,1,8,3,JFK,FLL,700,653,-7,1018,956,-22
2025,1,8,3,JFK,FLL,759,747,-12,1111,1108,-3
2025,1,8,3,JFK,FLL,900,852,-8,1208,1212,4
2025,1,8,3,JFK,FLL,1115,1113,-2,1428,1433,5
2025,1,8,3,JFK,FLL,1315,1310,-5,1625,1609,-16
2025,1,8,3,JFK,FLL,1529,1528,-1,1846,1821,-25
2025,1,8,3,JFK,FLL,1555,1615,20,1907,1919,12
2025,1,8,3,JFK,FLL,1720,1717,-3,2036,2020,-16
2025,1,8,3,JFK,FLL,1930,33,303,2242,315,273
2025,1,8,3,JFK,HNL,1000,1007,7,1615,1553,-22
2025,1,8,3,JFK,IND,1416,1409,-7,1639,1622,-17
2025,1,8,3,JFK,IND,1440,1435,-5,1704,1649,-15
2025,1,8,3,JFK,IND,1559,1548,-11,1825,1807,-18
2025,1,8,3,JFK,IND,1829,1827,-2,2056,2135,39
2025,1,8,3,JFK,JAX,740,738,-2,1025,1021,-4
2025,1,8,3,JFK,JAX,815,810,-5,1057,1044,-13
2025,1,8,3,JFK,JAX,1330,1426,56,1611,1654,43
2025,1,8,3,JFK,JAX,1830,1829,-1,2111,2134,23
2025,1,8,3,JFK,JAX,1929,1958,29,2220,2237,17
2025,1,8,3,JFK,LAS,735,728,-7,1042,959,-43
2025,1,8,3,JFK,LAS,735,730,-5,1029,940,-49
2025,1,8,3,JFK,LAS,759,754,-5,1100,1008,-52
2025,1,8,3,JFK,LAS,959,949,-10,1249,1153,-56
2025,1,8,3,JFK,LAS,1130,1129,-1,1434,1329,-65
2025,1,8,3,JFK,LAS,1615,1615,0,1923,1835,-48
2025,1,8,3,JFK,LAS,1740,1742,2,2030,2005,-25
2025,1,8,3,JFK,LAS,1859,1908,9,2208,2154,-14
2025,1,8,3,JFK,LAS,2059,2123,24,4,2343,-21
2025,1,8,3,JFK,LAS,2115,2139,24,28,53,25
2025,1,8,3,JFK,LAX,659,654,-5,1020,933,-47
2025,1,8,3,JFK,LAX,700,652,-8,1035,943,-52
2025,1,8,3,JFK,LAX,710,710,0,1040,1008,-32
2025,1,8,3,JFK,LAX,800,754,-6,1129,1029,-60
2025,1,8,3,JFK,LAX,820,846,26,1142,1126,-16
2025,1,8,3,JFK,LAX,850,850,0,1226,1132,-54
2025,1,8,3,JFK,LAX,929,939,10,1249,1218,-31
2025,1,8,3,JFK,LAX,955,957,2,1326,1253,-33
2025,1,8,3,JFK,LAX,1100,1058,-2,1430,1331,-59
2025,1,8,3,JFK,LAX,1105,1104,-1,1431,1351,-40
2025,1,8,3,JFK,LAX,1129,1127,-2,1446,1401,-45
2025,1,8,3,JFK,LAX,1305,1303,-2,1633,1557,-36
2025,1,8,3,JFK,LAX,1400,1355,-5,1719,1633,-46
2025,1,8,3,JFK,LAX,1534,1542,8,1903,1830,-33
2025,1,8,3,JFK,LAX,1550,1549,-1,1924,1845,-39
2025,1,8,3,JFK,LAX,1630,1625,-5,1957,1915,-42
2025,1,8,3,JFK,LAX,1645,1642,-3,2008,1917,-51
2025,1,8,3,JFK,LAX,1705,1703,-2,2037,2033,-4
2025,1,8,3,JFK,LAX,1729,1727,-2,2056,2014,-42
2025,1,8,3,JFK,LAX,1830,1827,-3,2149,2143,-6
2025,1,8,3,JFK,LAX,1945,2007,22,2328,2337,9
2025,1,8,3,JFK,LAX,1959,1959,0,2332,2246,-46
2025,1,8,3,JFK,LAX,2100,2055,-5,33,2345,-48
2025,1,8,3,JFK,LAX,2130,2206,36,55,104,9
2025,1,8,3,JFK,MCI,1120,1110,-10,1353,1324,-29
2025,1,8,3,JFK,MCO,645,641,-4,945,932,-13
2025,1,8,3,JFK,MCO,730,724,-6,1035,1014,-21
2025,1,8,3,JFK,MCO,910,908,-2,1214,1202,-12
2025,1,8,3,JFK,MCO,1100,1057,-3,1400,1359,-1
2025,1,8,3,JFK,MCO,1130,1122,-8,1430,1406,-24
2025,1,8,3,JFK,MCO,1330,1324,-6,1635,1616,-19
2025,1,8,3,JFK,MCO,1359,1351,-8,1659,1705,6
2025,1,8,3,JFK,MCO,1500,1457,-3,1802,1800,-2
2025,1,8,3,JFK,MCO,1546,1545,-1,1854,1843,-11
2025,1,8,3,JFK,MCO,1550,1546,-4,1852,1908,16
2025,1,8,3,JFK,MCO,1745,1929,104,2050,2237,107
2025,1,8,3,JFK,MIA,525,522,-3,839,834,-5
2025,1,8,3,JFK,MIA,630,625,-5,948,937,-11
2025,1,8,3,JFK,MIA,700,709,9,1022,1030,8
2025,1,8,3,JFK,MIA,738,732,-6,1100,1102,2
2025,1,8,3,JFK,MIA,901,855,-6,1236,1207,-29
2025,1,8,3,JFK,MIA,950,945,-5,1303,1256,-7
2025,1,8,3,JFK,MIA,1110,1107,-3,1435,1420,-15
2025,1,8,3,JFK,MIA,1310,1304,-6,1633,1617,-16
2025,1,8,3,JFK,MIA,1330,1331,1,1650,1641,-9
2025,1,8,3,JFK,MIA,1500,1459,-1,1815,1817,2
2025,1,8,3,JFK,MIA,1734,1741,7,2056,2105,9
2025,1,8,3,JFK,MIA,1745,1742,-3,2111,2057,-14
2025,1,8,3,JFK,MIA,1821,1816,-5,2145,2151,6
2025,1,8,3,JFK,MIA,2030,2105,35,2348,17,29
2025,1,8,3,JFK,MKE,1750,2228,278,1939,2354,255
2025,1,8,3,JFK,MSP,1130,1124,-6,1350,1328,-22
2025,1,8,3,JFK,MSY,810,800,-10,1057,1039,-18
2025,1,8,3,JFK,MSY,1622,1635,13,1903,1900,-3
2025,1,8,3,JFK,ORD,800,757,-3,955,932,-23
2025,1,8,3,JFK,ORD,900,900,0,1047,1045,-2
2025,1,8,3,JFK,ORD,1550,1550,0,1738,1722,-16
2025,1,8,3,JFK,ORD,1929,1928,-1,2128,2104,-24
2025,1,8,3,JFK,ORF,1110,1113,3,1236,1235,-1
2025,1,8,3,JFK,ORF,2155,2159,4,2325,2339,14
2025,1,8,3,JFK,ORH,1258,1249,-9,1401,1354,-7
2025,1,8,3,JFK,PBI,815,811,-4,1130,1132,2
2025,1,8,3,JFK,PBI,1030,1028,-2,1335,1331,-4
2025,1,8,3,JFK,PBI,1329,1325,-4,1638,1618,-20
2025,1,8,3,JFK,PBI,1509,1540,31,1815,1839,24
2025,1,8,3,JFK,PBI,1554,1550,-4,1904,1848,-16
2025,1,8,3,JFK,PBI,2000,2116,76,2306,21,75
2025,1,8,3,JFK,PDX,1729,1718,-11,2107,2011,-56
2025,1,8,3,JFK,PDX,1959,2004,5,2329,2254,-35
2025,1,8,3,JFK,PHX,630,625,-5,1019,955,-24
2025,1,8,3,JFK,PHX,730,723,-7,1115,1039,-36
2025,1,8,3,JFK,PHX,735,738,3,1135,1049,-46
2025,1,8,3,JFK,PHX,930,1225,175,1325,1543,138
2025,1,8,3,JFK,PHX,1259,1355,56,1649,1642,-7
2025,1,8,3,JFK,PHX,1700,1724,24,2050,2038,-12
2025,1,8,3,JFK,PHX,1830,1823,-7,2213,2156,-17
2025,1,8,3,JFK,PHX,1950,1948,-2,2359,2307,-52
2025,1,8,3,JFK,PIT,1400,1346,-14,1542,1529,-13
2025,1,8,3,JFK,PIT,1516,1524,8,1708,1700,-8
2025,1,8,3,JFK,PIT,1715,1706,-9,1855,1836,-19
2025,1,8,3,JFK,PIT,2029,2030,1,2220,2212,-8
2025,1,8,3,JFK,RDU,829,825,-4,1024,1028,4
2025,1,8,3,JFK,RDU,1030,1025,-5,1216,1207,-9
2025,1,8,3,JFK,RDU,1420,1420,0,1609,1604,-5
2025,1,8,3,JFK,RDU,1510,1506,-4,1701,1656,-5
2025,1,8,3,JFK,RDU,2030,2021,-9,2225,2213,-12
2025,1,8,3,JFK,RDU,2130,2128,-2,2324,2330,6
2025,1,8,3,JFK,ROC,1050,1047,-3,1217,1218,1
2025,1,8,3,JFK,ROC,1430,1424,-6,1558,1553,-5
2025,1,8,3,JFK,ROC,1650,1647,-3,1826,1806,-20
2025,1,8,3,JFK,ROC,2200,2152,-8,2331,2323,-8
2025,1,8,3,JFK,ROC,2220,2231,11,2356,5,9
2025,1,8,3,JFK,RSW,600,557,-3,920,902,-18
2025,1,8,3,JFK,RSW,735,726,-9,1056,1038,-18
2025,1,8,3,JFK,RSW,1543,1538,-5,1904,1847,-17
2025,1,8,3,JFK,RSW,1830,1828,-2,2149,2205,16
2025,1,8,3,JFK,SAN,659,659,0,1011,925,-46
2025,1,8,3,JFK,SAN,850,850,0,1225,1121,-64
2025,1,8,3,JFK,SAN,1630,1627,-3,1945,1852,-53
2025,1,8,3,JFK,SAN,1630,1651,21,1951,1921,-30
2025,1,8,3,JFK,SAN,1655,1708,13,2025,1934,-51
2025,1,8,3,JFK,SAT,800,753,-7,1135,1141,6
2025,1,8,3,JFK,SAV,1345,1345,0,1619,1621,2
2025,1,8,3,JFK,SAV,1859,1856,-3,2141,2147,6
2025,1,8,3,JFK,SEA,710,706,-4,1038,1020,-18
2025,1,8,3,JFK,SEA,1130,1125,-5,1458,1442,-16
2025,1,8,3,JFK,SEA,1600,1725,85,1927,2037,70
2025,1,8,3,JFK,SEA,1634,1648,14,1955,1958,3
2025,1,8,3,JFK,SEA,1900,1959,59,2225,2300,35
2025,1,8,3,JFK,SFO,600,551,-9,950,852,-58
2025,1,8,3,JFK,SFO,700,657,-3,1052,939,-73
2025,1,8,3,JFK,SFO,800,753,-7,1140,1048,-52
2025,1,8,3,JFK,SFO,830,821,-9,1234,1115,-79
2025,1,8,3,JFK,SFO,855,854,-1,1252,1204,-48
2025,1,8,3,JFK,SFO,1030,1023,-7,1410,1308,-62
2025,1,8,3,JFK,SFO,1110,1125,15,1459,1437,-22
2025,1,8,3,JFK,SFO,1200,1158,-2,1537,1519,-18
2025,1,8,3,JFK,SFO,1300,1253,-7,1645,1555,-50
2025,1,8,3,JFK,SFO,1455,1513,18,1841,1807,-34
2025,1,8,3,JFK,SFO,1600,1559,-1,1946,1910,-36
2025,1,8,3,JFK,SFO,1659,1656,-3,2038,2001,-37
2025,1,8,3,JFK,SFO,1700,1703,3,2050,2002,-48
2025,1,8,3,JFK,SFO,1705,1708,3,2054,2000,-54
2025,1,8,3,JFK,SFO,2030,2025,-5,22,2337,-45
2025,1,8,3,JFK,SFO,2030,2027,-3,14,2336,-38
2025,1,8,3,JFK,SJU,600,625,25,1057,1110,13
2025,1,8,3,JFK,SJU,800,753,-7,1252,1230,-22
2025,1,8,3,JFK,SJU,800,757,-3,1301,1230,-31
2025,1,8,3,JFK,SJU,1155,1157,2,1644,1700,16
2025,1,8,3,JFK,SJU,1200,1154,-6,1655,1647,-8
2025,1,8,3,JFK,SJU,1313,1447,94,1810,1922,72
2025,1,8,3,JFK,SJU,1600,1611,11,2046,2049,3
2025,1,8,3,JFK,SJU,1830,1829,-1,2321,2341,20
2025,1,8,3,JFK,SJU,1859,1913,14,2359,20,21
2025,1,8,3,JFK,SJU,2045,2143,58,142,234,52
2025,1,8,3,JFK,SJU,2259,2255,-4,350,340,-10
2025,1,8,3,JFK,SLC,629,622,-7,1006,915,-51
2025,1,8,3,JFK,SLC,1059,1154,55,1431,1518,47
2025,1,8,3,JFK,SLC,1259,1256,-3,1633,1603,-30
2025,1,8,3,JFK,SLC,1830,1846,16,2155,2215,20
2025,1,8,3,JFK,SLC,1838,1845,7,2215,2212,-3
2025,1,8,3,JFK,SNA,900,854,-6,1225,1119,-66
2025,1,8,3,JFK,SRQ,629,619,-10,938,922,-16
2025,1,8,3,JFK,STT,840,935,55,1340,1413,33
2025,1,8,3,JFK,STT,900,908,8,1359,1359,0
2025,1,8,3,JFK,SYR,1815,1815,0,1936,1959,23
2025,1,8,3,JFK,SYR,2225,2218,-7,2350,1,11
2025,1,8,3,JFK,TPA,730,727,-3,1032,1024,-8
2025,1,8,3,JFK,TPA,1102,1100,-2,1408,1357,-11
2025,1,8,3,JFK,TPA,1128,1124,-4,1436,1418,-18
2025,1,8,3,JFK,TPA,1540,1555,15,1850,1906,16
2025,1,8,3,JFK,TPA,1745,1740,-5,2054,2103,9
2025,1,8,3,JFK,TPA,1959,2043,44,2314,2344,30
2025,1,9,4,JFK,ATL,600,549,-11,834,805,-29
2025,1,9,4,JFK,ATL,659,653,-6,938,918,-20
2025,1,9,4,JFK,ATL,835,831,-4,1115,1044,-31
2025,1,9,4,JFK,ATL,1100,1058,-2,1341,1345,4
2025,1,9,4,JFK,ATL,1224,1240,16,1500,1451,-9
2025,1,9,4,JFK,ATL,1440,1448,8,1718,1703,-15
2025,1,9,4,JFK,ATL,1630,1633,3,1905,1855,-10
2025,1,9,4,JFK,ATL,1820,1822,2,2107,2053,-14
2025,1,9,4,JFK,ATL,2010,2011,1,2259,2228,-31
2025,1,9,4,JFK,ATL,2130,2247,77,11,117,66
2025,1,9,4,JFK,AUS,700,655,-5,1034,1015,-19
2025,1,9,4,JFK,AUS,1059,1107,8,1426,1455,29
2025,1,9,4,JFK,AUS,1259,1305,6,1646,1639,-7
2025,1,9,4,JFK,AUS,1759,1804,5,2128,2150,22
2025,1,9,4,JFK,AUS,1850,1854,4,2220,2258,38
2025,1,9,4,JFK,BNA,730,726,-4,920,900,-20
2025,1,9,4,JFK,BNA,915,955,40,1104,1122,18
2025,1,9,4,JFK,BNA,1229,1220,-9,1412,1342,-30
2025,1,9,4,JFK,BNA,1459,1451,-8,1644,1640,-4
2025,1,9,4,JFK,BNA,1529,1521,-8,1715,1700,-15
2025,1,9,4,JFK,BOS,600,557,-3,730,718,-12
2025,1,9,4,JFK,BOS,730,725,-5,847,828,-19
2025,1,9,4,JFK,BOS,910,901,-9,1032,1023,-9
2025,1,9,4,JFK,BOS,930,929,-1,1046,1035,-11
2025,1,9,4,JFK,BOS,950,942,-8,1110,1056,-14
2025,1,9,4,JFK,BOS,1330,1325,-5,1445,1437,-8
2025,1,9,4,JFK,BOS,1430,1426,-4,1554,1533,-21
2025,1,9,4,JFK,BOS,1555,1542,-13,1712,1659,-13
2025,1,9,4,JFK,BOS,1735,1737,2,1900,1859,-1
2025,1,9,4,JFK,BOS,1744,1738,-6,1906,1858,-8
2025,1,9,4,JFK,BOS,2030,2225,115,2154,2336,102
2025,1,9,4,JFK,BOS,2100,320,380,2227,519,412
2025,1,9,4,JFK,BOS,2159,2204,5,2309,2312,3
2025,1,9,4,JFK,BOS,2259,2349,50,18,49,31
2025,1,9,4,JFK,BQN,1559,1558,-1,2049,2038,-11
2025,1,9,4,JFK,BQN,2150,2224,34,242,255,13
2025,1,9,4,JFK,BUF,630,621,-9,800,749,-11
2025,1,9,4,JFK,BUF,1550,1632,42,1722,1746,24
2025,1,9,4,JFK,BUF,1725,1721,-4,1857,1850,-7
2025,1,9,4,JFK,CHS,959,951,-8,1219,1158,-21
2025,1,9,4,JFK,CHS,1230,1223,-7,1448,1423,-25
2025,1,9,4,JFK,CLE,759,750,-9,959,931,-28
2025,1,9,4,JFK,CLE,1220,1215,-5,1415,1406,-9
2025,1,9,4,JFK,CLT,630,628,-2,841,832,-9
2025,1,9,4,JFK,CLT,800,755,-5,1015,1004,-11
2025,1,9,4,JFK,CLT,1129,1120,-9,1340,1309,-31
2025,1,9,4,JFK,CLT,1225,1220,-5,1432,1407,-25
2025,1,9,4,JFK,CLT,1454,1451,-3,1705,1647,-18
2025,1,9,4,JFK,CLT,1930,1932,2,2143,2141,-2
2025,1,9,4,JFK,CMH,935,930,-5,1134,1112,-22
2025,1,9,4,JFK,CMH,1144,1130,-14,1341,1316,-25
2025,1,9,4,JFK,CMH,1526,1529,3,1729,1708,-21
2025,1,9,4,JFK,CMH,1630,1623,-7,1828,1819,-9
2025,1,9,4,JFK,CMH,2029,2040,11,2233,2220,-13
2025,1,9,4,JFK,CVG,850,1052,122,1117,1251,94
2025,1,9,4,JFK,CVG,1315,1308,-7,1533,1533,0
2025,1,9,4,JFK,DCA,800,750,-10,932,916,-16
2025,1,9,4,JFK,DCA,855,850,-5,1020,1019,-1
2025,1,9,4,JFK,DCA,1459,1456,-3,1627,1637,10
2025,1,9,4,JFK,DCA,1628,1626,-2,1800,1825,25
2025,1,9,4,JFK,DCA,1744,1734,-10,1914,1859,-15
2025,1,9,4,JFK,DCA,2029,2104,35,2200,2217,17
2025,1,9,4,JFK,DCA,2059,2143,44,2241,2340,59
2025,1,9,4,JFK,DEN,830,851,21,1131,1122,-9
2025,1,9,4,JFK,DEN,959,949,-10,1245,1242,-3
2025,1,9,4,JFK,DEN,1655,1714,19,1946,1948,2
2025,1,9,4,JFK,DEN,1900,1956,56,2138,2212,34
2025,1,9,4,JFK,DTW,1650,1645,-5,1901,1839,-22
2025,1,9,4,JFK,EGE,730,729,-1,1027,1019,-8
2025,1,9,4,JFK,FLL,600,558,-2,904,921,17
2025,1,9,4,JFK,FLL,700,657,-3,1018,943,-35
2025,1,9,4,JFK,FLL,800,830,30,1112,1124,12
2025,1,9,4,JFK,FLL,900,853,-7,1208,1144,-24
2025,1,9,4,JFK,FLL,1115,1214,59,1428,1511,43
2025,1,9,4,JFK,FLL,1315,1320,5,1625,1629,4
2025,1,9,4,JFK,FLL,1530,1526,-4,1849,1814,-35
2025,1,9,4,JFK,FLL,1555,1548,-7,1907,1844,-23
2025,1,9,4,JFK,FLL,1720,1754,34,2036,2048,12
2025,1,9,4,JFK,FLL,1930,1949,19,2242,2250,8
2025,1,9,4,JFK,FLL,1955,2027,32,2318,2319,1
2025,1,9,4,JFK,HNL,1000,1003,3,1619,1533,-46
2025,1,9,4,JFK,HNL,1000,1014,14,1615,1605,-10
2025,1,9,4,JFK,IAH,800,756,-4,1112,1145,33
2025,1,9,4,JFK,IND,1416,1415,-1,1639,1623,-16
2025,1,9,4,JFK,IND,1440,1510,30,1704,1728,24
2025,1,9,4,JFK,IND,1559,1604,5,1825,1824,-1
2025,1,9,4,JFK,IND,1829,1823,-6,2056,2038,-18
2025,1,9,4,JFK,JAX,740,735,-5,1025,1000,-25
2025,1,9,4,JFK,JAX,815,811,-4,1057,1046,-11
2025,1,9,4,JFK,JAX,1330,1948,378,1611,2216,365
2025,1,9,4,JFK,JAX,1830,1848,18,2111,2119,8
2025,1,9,4,JFK,JAX,1929,1931,2,2220,2202,-18
2025,1,9,4,JFK,LAS,735,728,-7,1029,1015,-14
2025,1,9,4,JFK,LAS,735,817,42,1042,1056,14
2025,1,9,4,JFK,LAS,759,755,-4,1100,1031,-29
2025,1,9,4,JFK,LAS,845,845,0,1156,1121,-35
2025,1,9,4,JFK,LAS,959,954,-5,1249,1223,-26
2025,1,9,4,JFK,LAS,1129,1206,37,1416,1421,5
2025,1,9,4,JFK,LAS,1130,1132,2,1430,1407,-23
2025,1,9,4,JFK,LAS,1615,1617,2,1923,1843,-40
2025,1,9,4,JFK,LAS,1735,1733,-2,2025,2017,-8
2025,1,9,4,JFK,LAS,1859,1853,-6,2147,2143,-4
2025,1,9,4,JFK,LAS,1859,2132,153,2210,20,130
2025,1,9,4,JFK,LAS,2059,2127,28,4,9,5
2025,1,9,4,JFK,LAS,2115,2156,41,28,53,25
2025,1,9,4,JFK,LAX,600,555,-5,929,834,-55
2025,1,9,4,JFK,LAX,659,654,-5,1028,942,-46
2025,1,9,4,JFK,LAX,700,649,-11,1021,930,-51
2025,1,9,4,JFK,LAX,710,700,-10,1040,955,-45
2025,1,9,4,JFK,LAX,800,755,-5,1129,1051,-38
2025,1,9,4,JFK,LAX,820,809,-11,1142,1053,-49
2025,1,9,4,JFK,LAX,850,845,-5,1226,1135,-51
2025,1,9,4,JFK,LAX,930,920,-10,1250,1200,-50
2025,1,9,4,JFK,LAX,955,1053,58,1326,1338,12
2025,1,9,4,JFK,LAX,1105,1100,-5,1431,1356,-35
2025,1,9,4,JFK,LAX,1129,1121,-8,1446,1434,-12
2025,1,9,4,JFK,LAX,1305,1304,-1,1633,1551,-42
2025,1,9,4,JFK,LAX,1400,1353,-7,1719,1655,-24
2025,1,9,4,JFK,LAX,1534,1531,-3,1903,1826,-37
2025,1,9,4,JFK,LAX,1550,1552,2,1924,1900,-24
2025,1,9,4,JFK,LAX,1630,1625,-5,1957,1913,-44
2025,1,9,4,JFK,LAX,1645,1647,2,2008,1946,-22
2025,1,9,4,JFK,LAX,1705,1719,14,2037,2007,-30
2025,1,9,4,JFK,LAX,1815,1819,4,2154,2148,-6
2025,1,9,4,JFK,LAX,1830,1824,-6,2149,2109,-40
2025,1,9,4,JFK,LAX,1945,1940,-5,2328,2259,-29
2025,1,9,4,JFK,LAX,1959,2008,9,2332,2241,-51
2025,1,9,4,JFK,LAX,2100,2055,-5,33,2331,-62
2025,1,9,4,JFK,LAX,2130,8,158,55,308,133
2025,1,9,4,JFK,MCI,1120,1120,0,1353,1336,-17
2025,1,9,4,JFK,MCO,645,644,-1,945,933,-12
2025,1,9,4,JFK,MCO,730,739,9,1035,1026,-9
2025,1,9,4,JFK,MCO,910,1018,68,1214,1300,46
2025,1,9,4,JFK,MCO,1100,1058,-2,1400,1343,-17
2025,1,9,4,JFK,MCO,1130,1130,0,1430,1421,-9
2025,1,9,4,JFK,MCO,1330,1323,-7,1635,1623,-12
2025,1,9,4,JFK,MCO,1359,1410,11,1659,1713,14
2025,1,9,4,JFK,MCO,1500,1453,-7,1802,1808,6
2025,1,9,4,JFK,MCO,1543,1542,-1,1848,1840,-8
2025,1,9,4,JFK,MCO,1550,1541,-9,1852,1825,-27
2025,1,9,4,JFK,MCO,1830,1903,33,2133,2200,27
2025,1,9,4,JFK,MCO,1929,2058,89,2236,2340,64
2025,1,9,4,JFK,MIA,525,525,0,839,827,-12
2025,1,9,4,JFK,MIA,630,624,-6,948,929,-19
2025,1,9,4,JFK,MIA,700,653,-7,1022,939,-43
2025,1,9,4,JFK,MIA,738,757,19,1100,1053,-7
2025,1,9,4,JFK,MIA,901,855,-6,1236,1211,-25
2025,1,9,4,JFK,MIA,950,945,-5,1303,1239,-24
2025,1,9,4,JFK,MIA,1110,1109,-1,1435,1409,-26
2025,1,9,4,JFK,MIA,1259,1428,89,1619,1735,76
2025,1,9,4,JFK,MIA,1310,1310,0,1633,1606,-27
2025,1,9,4,JFK,MIA,1500,1459,-1,1815,1807,-8
2025,1,9,4,JFK,MIA,1526,1525,-1,1854,1835,-19
2025,1,9,4,JFK,MIA,1729,1723,-6,2050,2036,-14
2025,1,9,4,JFK,MIA,1821,1817,-4,2145,2127,-18
2025,1,9,4,JFK,MIA,1955,1955,0,2327,2258,-29
2025,1,9,4,JFK,MIA,2030,2106,36,2348,4,16
2025,1,9,4,JFK,MKE,1750,1750,0,1939,1935,-4
2025,1,9,4,JFK,MSP,1130,1124,-6,1350,1349,-1
2025,1,9,4,JFK,MSY,810,805,-5,1057,1037,-20
2025,1,9,4,JFK,MSY,929,928,-1,1207,1141,-26
2025,1,9,4,JFK,MSY,1622,1648,26,1903,1909,6
2025,1,9,4,JFK,ORD,800,757,-3,955,939,-16
2025,1,9,4,JFK,ORD,900,853,-7,1047,1022,-25
2025,1,9,4,JFK,ORD,1350,1357,7,1544,1539,-5
2025,1,9,4,JFK,ORD,1550,1544,-6,1738,1730,-8
2025,1,9,4,JFK,ORD,1555,1550,-5,1750,1745,-5
2025,1,9,4,JFK,ORD,1929,1924,-5,2128,2114,-14
2025,1,9,4,JFK,ORF,1110,1302,112,1236,1407,91
2025,1,9,4,JFK,ORF,1340,1340,0,1505,1459,-6
2025,1,9,4,JFK,ORF,2155,2233,38,2325,2350,25
2025,1,9,4,JFK,ORH,1258,1249,-9,1401,1350,-11
2025,1,9,4,JFK,PBI,705,700,-5,1017,934,-43
2025,1,9,4,JFK,PBI,1030,1033,3,1335,1313,-22
2025,1,9,4,JFK,PBI,1329,1338,9,1638,1656,18
2025,1,9,4,JFK,PBI,1509,1606,57,1815,1904,49
2025,1,9,4,JFK,PBI,1554,1601,7,1904,1857,-7
2025,1,9,4,JFK,PBI,2000,1958,-2,2306,2246,-20
2025,1,9,4,JFK,PDX,1729,1749,20,2107,2052,-15
2025,1,9,4,JFK,PDX,1959,2021,22,2329,2315,-14
2025,1,9,4,JFK,PHX,625,623,-2,1015,953,-22
2025,1,9,4,JFK,PHX,730,725,-5,1115,1051,-24
2025,1,9,4,JFK,PHX,735,728,-7,1135,1054,-41
2025,1,9,4,JFK,PHX,930,927,-3,1325,1246,-39
2025,1,9,4,JFK,PHX,1259,1256,-3,1649,1620,-29
2025,1,9,4,JFK,PHX,1700,1700,0,2050,2035,-15
2025,1,9,4,JFK,PHX,1830,1833,3,2213,2202,-11
2025,1,9,4,JFK,PHX,1950,2003,13,2359,9,10
2025,1,9,4,JFK,PIT,1400,1352,-8,1542,1524,-18
2025,1,9,4,JFK,PIT,1516,1511,-5,1708,1644,-24
2025,1,9,4,JFK,PIT,1715,1714,-1,1855,1856,1
2025,1,9,4,JFK,PIT,2029,2050,21,2220,2225,5
2025,1,9,4,JFK,PSP,930,922,-8,1237,1157,-40
2025,1,9,4,JFK,RDU,832,956,84,1027,1125,58
2025,1,9,4,JFK,RDU,1030,1025,-5,1216,1157,-19
2025,1,9,4,JFK,RDU,1420,1431,11,1609,1612,3
2025,1,9,4,JFK,RDU,1510,1656,106,1701,1839,98
2025,1,9,4,JFK,RDU,2030,2028,-2,2225,2159,-26
2025,1,9,4,JFK,RDU,2130,2126,-4,2324,2307,-17
2025,1,9,4,JFK,ROC,1430,1420,-10,1558,1543,-15
2025,1,9,4,JFK,ROC,2155,2151,-4,2326,2311,-15
2025,1,9,4,JFK,ROC,2220,2220,0,2356,2345,-11
2025,1,9,4,JFK,RSW,600,548,-12,920,840,-40
2025,1,9,4,JFK,RSW,735,726,-9,1056,1021,-35
2025,1,9,4,JFK,RSW,1543,1534,-9,1904,1834,-30
2025,1,9,4,JFK,RSW,1750,1757,7,2110,2059,-11
2025,1,9,4,JFK,SAN,700,659,-1,1011,936,-35
2025,1,9,4,JFK,SAN,850,847,-3,1225,1136,-49
2025,1,9,4,JFK,SAN,1630,1624,-6,1945,1913,-32
2025,1,9,4,JFK,SAN,1630,1629,-1,1951,1919,-32
2025,1,9,4,JFK,SAN,1655,1650,-5,2025,1958,-27
2025,1,9,4,JFK,SAT,800,753,-7,1135,1111,-24
2025,1,9,4,JFK,SAV,830,836,6,1100,1047,-13
2025,1,9,4,JFK,SAV,1345,1339,-6,1619,1622,3
2025,1,9,4,JFK,SAV,1859,1855,-4,2141,2124,-17
2025,1,9,4,JFK,SEA,710,706,-4,1038,1012,-26
2025,1,9,4,JFK,SEA,1130,1127,-3,1458,1427,-31
2025,1,9,4,JFK,SEA,1600,1555,-5,1927,1908,-19
2025,1,9,4,JFK,SEA,1634,1700,26,1955,2007,12
2025,1,9,4,JFK,SEA,1900,2000,60,2225,2255,30
2025,1,9,4,JFK,SFO,600,556,-4,950,900,-50
2025,1,9,4,JFK,SFO,700,659,-1,1052,952,-60
2025,1,9,4,JFK,SFO,800,755,-5,1140,1106,-34
2025,1,9,4,JFK,SFO,825,820,-5,1233,1138,-55
2025,1,9,4,JFK,SFO,855,1108,133,1252,1359,67
2025,1,9,4,JFK,SFO,1030,1024,-6,1410,1330,-40
2025,1,9,4,JFK,SFO,1200,1155,-5,1537,1503,-34
2025,1,9,4,JFK,SFO,1300,1257,-3,1645,1559,-46
2025,1,9,4,JFK,SFO,1455,1452,-3,1841,1804,-37
2025,1,9,4,JFK,SFO,1600,1723,83,1946,2023,37
2025,1,9,4,JFK,SFO,1659,1659,0,2038,2000,-38
2025,1,9,4,JFK,SFO,1700,1659,-1,2050,2004,-46
2025,1,9,4,JFK,SFO,1705,1658,-7,2054,2012,-42
2025,1,9,4,JFK,SFO,1925,1919,-6,2317,2215,-62
2025,1,9,4,JFK,SFO,2030,2027,-3,14,2333,-41
2025,1,9,4,JFK,SFO,2030,2033,3,22,2334,-48
2025,1,9,4,JFK,SJU,600,627,27,1057,1130,33
2025,1,9,4,JFK,SJU,800,756,-4,1252,1238,-14
2025,1,9,4,JFK,SJU,800,758,-2,1301,1227,-34
2025,1,9,4,JFK,SJU,1200,1156,-4,1649,1621,-28
2025,1,9,4,JFK,SJU,1200,1348,108,1656,1815,79
2025,1,9,4,JFK,SJU,1313,1310,-3,1810,1755,-15
2025,1,9,4,JFK,SJU,1459,1503,4,1949,1945,-4
2025,1,9,4,JFK,SJU,1830,2037,127,2321,105,104
2025,1,9,4,JFK,SJU,1859,1919,20,2359,7,8
2025,1,9,4,JFK,SJU,2045,2119,34,142,146,4
2025,1,9,4,JFK,SJU,2259,2326,27,350,347,-3
2025,1,9,4,JFK,SLC,629,628,-1,1006,939,-27
2025,1,9,4,JFK,SLC,1059,1058,-1,1431,1411,-20
2025,1,9,4,JFK,SLC,1300,1256,-4,1633,1555,-38
2025,1,9,4,JFK,SLC,1830,2008,98,2155,2322,87
2025,1,9,4,JFK,SLC,1838,1836,-2,2215,2136,-39
2025,1,9,4,JFK,SNA,900,858,-2,1225,1148,-37
2025,1,9,4,JFK,SRQ,630,647,17,939,940,1
2025,1,9,4,JFK,STT,840,834,-6,1340,1316,-24
2025,1,9,4,JFK,STT,859,844,-15,1359,1329,-30
2025,1,9,4,JFK,SYR,959,1002,3,1121,1114,-7
2025,1,9,4,JFK,SYR,1815,1834,19,1936,1944,8
2025,1,9,4,JFK,SYR,2225,2237,12,2350,3,13
2025,1,9,4,JFK,TPA,730,722,-8,1032,1006,-26
2025,1,9,4,JFK,TPA,730,727,-3,1039,1025,-14
2025,1,9,4,JFK,TPA,1102,1101,-1,1408,1357,-11
2025,1,9,4,JFK,TPA,1130,1128,-2,1438,1426,-12
2025,1,9,4,JFK,TPA,1540,1628,48,1850,1908,18
2025,1,9,4,JFK,TPA,1745,1819,34,2054,2117,23
2025,1,9,4,JFK,TPA,1959,1956,-3,2314,2242,-32
2025,1,10,5,JFK,ATL,1559,2156,357,1838,31,353
2025,1,10,5,JFK,AUS,700,700,0,1034,1025,-9
2025,1,10,5,JFK,AUS,1100,1117,17,1431,1500,29
2025,1,10,5,JFK,AUS,1259,1255,-4,1646,1632,-14
2025,1,10,5,JFK,AUS,1800,1759,-1,2131,2141,10
2025,1,10,5,JFK,AUS,1850,2202,192,2220,141,201
2025,1,10,5,JFK,BNA,730,723,-7,920,855,-25
2025,1,10,5,JFK,BOS,600,553,-7,730,716,-14
2025,1,10,5,JFK,BOS,600,555,-5,712,708,-4
2025,1,10,5,JFK,BOS,730,724,-6,847,855,8
2025,1,10,5,JFK,BOS,930,920,-10,1046,1030,-16
2025,1,10,5,JFK,BOS,950,948,-2,1110,1105,-5
2025,1,10,5,JFK,BOS,1030,1107,37,1137,1214,37
2025,1,10,5,JFK,BOS,1330,1330,0,1445,1430,-15
2025,1,10,5,JFK,BOS,1430,1855,265,1554,2018,264
2025,1,10,5,JFK,BOS,1555,1550,-5,1712,1650,-22
2025,1,10,5,JFK,BOS,1735,1733,-2,1900,1843,-17
2025,1,10,5,JFK,BOS,1744,1738,-6,1906,1847,-19
2025,1,10,5,JFK,BOS,1830,2238,248,1949,2342,233
2025,1,10,5,JFK,BOS,2030,2022,-8,2154,2121,-33
2025,1,10,5,JFK,BOS,2100,2137,37,2227,2251,24
2025,1,10,5,JFK,BOS,2159,2153,-6,2309,2258,-11
2025,1,10,5,JFK,BOS,2259,2256,-3,18,2354,-24
2025,1,10,5,JFK,BQN,1559,1648,49,2049,2107,18
2025,1,10,5,JFK,BQN,2150,2156,6,242,235,-7
2025,1,10,5,JFK,BUF,630,623,-7,800,746,-14
2025,1,10,5,JFK,BUF,1550,1612,22,1722,1734,12
2025,1,10,5,JFK,BUF,1725,1723,-2,1857,1841,-16
2025,1,10,5,JFK,CHS,1000,1105,65,1218,1327,69
2025,1,10,5,JFK,CHS,1230,1243,13,1448,1458,10
2025,1,10,5,JFK,CLE,800,754,-6,1009,955,-14
2025,1,10,5,JFK,CLE,1220,1210,-10,1415,1408,-7
2025,1,10,5,JFK,CLT,630,626,-4,841,814,-27
2025,1,10,5,JFK,CLT,800,804,4,1015,1003,-12
2025,1,10,5,JFK,CLT,1225,1217,-8,1432,1417,-15
2025,1,10,5,JFK,CMH,935,926,-9,1134,1121,-13
2025,1,10,5,JFK,CMH,1144,1137,-7,1341,1337,-4
2025,1,10,5,JFK,CMH,1526,1538,12,1729,1731,2
2025,1,10,5,JFK,CMH,1630,1622,-8,1828,1827,-1
2025,1,10,5,JFK,CMH,2029,2129,60,2233,2343,70
2025,1,10,5,JFK,CVG,850,846,-4,1117,1122,5
2025,1,10,5,JFK,CVG,1315,1307,-8,1533,1524,-9
2025,1,10,5,JFK,DCA,800,930,90,932,1053,81
2025,1,10,5,JFK,DCA,855,851,-4,1020,1004,-16
2025,1,10,5,JFK,DCA,1459,1450,-9,1627,1602,-25
2025,1,10,5,JFK,DCA,1630,1625,-5,1800,1740,-20
2025,1,10,5,JFK,DCA,1744,1755,11,1914,1922,8
2025,1,10,5,JFK,DCA,2029,2207,98,2200,2336,96
2025,1,10,5,JFK,DCA,2059,2101,2,2241,2359,78
2025,1,10,5,JFK,DEN,830,1036,126,1131,1258,87
2025,1,10,5,JFK,DEN,959,1006,7,1245,1228,-17
2025,1,10,5,JFK,DEN,1655,1650,-5,1946,1910,-36
2025,1,10,5,JFK,DEN,1900,1856,-4,2138,2123,-15
2025,1,10,5,JFK,DFW,800,757,-3,1120,1150,30
2025,1,10,5,JFK,DFW,843,848,5,1205,1229,24
2025,1,10,5,JFK,DFW,1559,1838,159,1915,2210,175
2025,1,10,5,JFK,DFW,1750,1747,-3,2106,2118,12
2025,1,10,5,JFK,DTW,1650,1649,-1,1901,1854,-7
2025,1,10,5,JFK,EGE,730,721,-9,1027,955,-32
2025,1,10,5,JFK,FLL,600,553,-7,904,849,-15
2025,1,10,5,JFK,FLL,700,655,-5,1018,940,-38
2025,1,10,5,JFK,FLL,800,754,-6,1112,1105,-7
2025,1,10,5,JFK,FLL,900,859,-1,1208,1225,17
2025,1,10,5,JFK,FLL,1115,1121,6,1428,1420,-8
2025,1,10,5,JFK,FLL,1315,1359,44,1625,1700,35
2025,1,10,5,JFK,FLL,1555,1605,10,1907,1906,-1
2025,1,10,5,JFK,FLL,1720,1750,30,2036,2053,17
2025,1,10,5,JFK,FLL,1930,1928,-2,2242,2239,-3
2025,1,10,5,JFK,FLL,1955,2006,11,2318,2321,3
2025,1,10,5,JFK,HNL,1000,957,-3,1619,1553,-26
2025,1,10,5,JFK,HNL,1000,1000,0,1615,1554,-21
2025,1,10,5,JFK,IAH,800,755,-5,1112,1129,17
2025,1,10,5,JFK,IND,1416,1530,74,1639,1758,79
2025,1,10,5,JFK,IND,1440,1436,-4,1704,1653,-11
2025,1,10,5,JFK,IND,1559,1548,-11,1825,1814,-11
2025,1,10,5,JFK,IND,1829,1823,-6,2056,2125,29
2025,1,10,5,JFK,JAX,740,737,-3,1025,1023,-2
2025,1,10,5,JFK,JAX,815,952,97,1057,1236,99
2025,1,10,5,JFK,JAX,1330,1439,69,1611,1712,61
2025,1,10,5,JFK,JAX,1830,1827,-3,2111,2112,1
2025,1,10,5,JFK,JAX,1929,1926,-3,2220,2215,-5
2025,1,10,5,JFK,LAS,735,728,-7,1029,1012,-17
2025,1,10,5,JFK,LAS,735,814,39,1042,1044,2
2025,1,10,5,JFK,LAS,759,1106,187,1100,1336,156
2025,1,10,5,JFK,LAS,800,748,-12,1050,1024,-26
2025,1,10,5,JFK,LAS,845,839,-6,1158,1103,-55
2025,1,10,5,JFK,LAS,859,904,5,1158,1145,-13
2025,1,10,5,JFK,LAS,959,1001,2,1249,1221,-28
2025,1,10,5,JFK,LAS,1130,1142,12,1434,1401,-33
2025,1,10,5,JFK,LAS,1615,1626,11,1923,1903,-20
2025,1,10,5,JFK,LAS,1735,1725,-10,2025,2005,-20
2025,1,10,5,JFK,LAS,1859,1916,17,2210,2145,-25
2025,1,10,5,JFK,LAS,2059,2043,-16,4,7,3
2025,1,10,5,JFK,LAS,2115,2133,18,28,24,-4
2025,1,10,5,JFK,LAX,600,552,-8,917,830,-47
2025,1,10,5,JFK,LAX,600,555,-5,929,852,-37
2025,1,10,5,JFK,LAX,700,645,-15,1021,931,-50
2025,1,10,5,JFK,LAX,700,700,0,1035,1000,-35
2025,1,10,5,JFK,LAX,710,702,-8,1040,1009,-31
2025,1,10,5,JFK,LAX,800,754,-6,1129,1038,-51
2025,1,10,5,JFK,LAX,820,814,-6,1142,1104,-38
2025,1,10,5,JFK,LAX,850,840,-10,1226,1207,-19
2025,1,10,5,JFK,LAX,930,958,28,1250,1230,-20
2025,1,10,5,JFK,LAX,955,948,-7,1326,1245,-41
2025,1,10,5,JFK,LAX,1100,1109,9,1430,1353,-37
2025,1,10,5,JFK,LAX,1105,1059,-6,1431,1346,-45
2025,1,10,5,JFK,LAX,1129,1125,-4,1446,1400,-46
2025,1,10,5,JFK,LAX,1305,1301,-4,1633,1552,-41
2025,1,10,5,JFK,LAX,1400,1352,-8,1719,1642,-37
2025,1,10,5,JFK,LAX,1534,1527,-7,1903,1805,-58
2025,1,10,5,JFK,LAX,1550,1943,233,1924,2305,221
2025,1,10,5,JFK,LAX,1630,1717,47,1957,2013,16
2025,1,10,5,JFK,LAX,1645,1636,-9,2008,1923,-45
2025,1,10,5,JFK,LAX,1705,1856,111,2037,2215,98
2025,1,10,5,JFK,LAX,1729,1733,4,2056,2015,-41
2025,1,10,5,JFK,LAX,1815,1814,-1,2154,2124,-30
2025,1,10,5,JFK,LAX,1945,1942,-3,2328,2349,21
2025,1,10,5,JFK,LAX,1959,1954,-5,2332,2247,-45
2025,1,10,5,JFK,LAX,2025,2013,-12,2355,2309,-46
2025,1,10,5,JFK,LAX,2100,2058,-2,33,2346,-47
2025,1,10,5,JFK,LAX,2130,2125,-5,55,35,-20
2025,1,10,5,JFK,MCI,1120,1119,-1,1353,1345,-8
2025,1,10,5,JFK,MCO,645,645,0,945,926,-19
2025,1,10,5,JFK,MCO,730,726,-4,1035,1011,-24
2025,1,10,5,JFK,MCO,910,916,6,1214,1244,30
2025,1,10,5,JFK,MCO,1100,1103,3,1400,1353,-7
2025,1,10,5,JFK,MCO,1130,1133,3,1430,1417,-13
2025,1,10,5,JFK,MCO,1330,1404,34,1635,1655,20
2025,1,10,5,JFK,MCO,1359,1438,39,1659,1733,34
2025,1,10,5,JFK,MCO,1500,1502,2,1802,1755,-7
2025,1,10,5,JFK,MCO,1543,1538,-5,1848,1816,-32
2025,1,10,5,JFK,MCO,1550,1549,-1,1852,1846,-6
2025,1,10,5,JFK,MCO,1830,1834,4,2133,2138,5
2025,1,10,5,JFK,MCO,1929,2248,199,2236,149,193
2025,1,10,5,JFK,MIA,525,528,3,839,844,5
2025,1,10,5,JFK,MIA,630,625,-5,948,926,-22
2025,1,10,5,JFK,MIA,700,654,-6,1022,1002,-20
2025,1,10,5,JFK,MIA,738,733,-5,1100,1055,-5
2025,1,10,5,JFK,MIA,901,900,-1,1236,1220,-16
2025,1,10,5,JFK,MIA,950,945,-5,1303,1246,-17
2025,1,10,5,JFK,MIA,1110,1109,-1,1435,1427,-8
2025,1,10,5,JFK,MIA,1310,1306,-4,1633,1608,-25
2025,1,10,5,JFK,MIA,1330,1332,2,1650,1647,-3
2025,1,10,5,JFK,MIA,1500,1509,9,1815,1833,18
2025,1,10,5,JFK,MIA,1526,1638,72,1854,1950,56
2025,1,10,5,JFK,MIA,1734,1751,17,2056,2101,5
2025,1,10,5,JFK,MIA,1821,1824,3,2145,2139,-6
2025,1,10,5,JFK,MIA,1955,2026,31,2327,2335,8
2025,1,10,5,JFK,MIA,2030,2135,65,2348,110,82
2025,1,10,5,JFK,MKE,1750,1756,6,1936,1943,7
2025,1,10,5,JFK,MSP,1130,1126,-4,1350,1337,-13
2025,1,10,5,JFK,MSY,810,846,36,1057,1124,27
2025,1,10,5,JFK,MSY,929,926,-3,1207,1208,1
2025,1,10,5,JFK,MSY,1622,1614,-8,1903,1908,5
2025,1,10,5,JFK,ORD,800,757,-3,955,958,3
2025,1,10,5,JFK,ORD,900,858,-2,1047,1047,0
2025,1,10,5,JFK,ORD,1350,1342,-8,1544,1535,-9
2025,1,10,5,JFK,ORD,1550,1629,39,1738,1820,42
2025,1,10,5,JFK,ORD,1555,1654,59,1750,1857,67
2025,1,10,5,JFK,ORD,1929,2012,43,2128,2202,34
2025,1,10,5,JFK,ORF,1110,1058,-12,1236,1218,-18
2025,1,10,5,JFK,ORH,1258,1248,-10,1401,1404,3
2025,1,10,5,JFK,PBI,705,703,-2,1017,1011,-6
2025,1,10,5,JFK,PBI,1030,1034,4,1335,1338,3
2025,1,10,5,JFK,PBI,1329,1506,97,1638,1817,99
2025,1,10,5,JFK,PBI,1509,1508,-1,1815,1828,13
2025,1,10,5,JFK,PBI,1554,1605,11,1904,1904,0
2025,1,10,5,JFK,PBI,2000,2217,137,2306,121,135
2025,1,10,5,JFK,PDX,1729,1843,74,2107,2147,40
2025,1,10,5,JFK,PDX,1959,2047,48,2329,2342,13
2025,1,10,5,JFK,PHX,630,628,-2,1019,954,-25
2025,1,10,5,JFK,PHX,730,725,-5,1115,1041,-34
2025,1,10,5,JFK,PHX,735,730,-5,1135,1103,-32
2025,1,10,5,JFK,PHX,930,948,18,1325,1259,-26
2025,1,10,5,JFK,PHX,1259,1623,204,1649,1929,160
2025,1,10,5,JFK,PHX,1700,1705,5,2050,2025,-25
2025,1,10,5,JFK,PHX,1830,1829,-1,2213,2148,-25
2025,1,10,5,JFK,PHX,1950,2026,36,2359,2347,-12
2025,1,10,5,JFK,PIT,1400,1351,-9,1542,1535,-7
2025,1,10,5,JFK,PIT,1516,1510,-6,1708,1643,-25
2025,1,10,5,JFK,PIT,1715,1715,0,1855,1857,2
2025,1,10,5,JFK,PIT,2029,2030,1,2220,2212,-8
2025,1,10,5,JFK,RDU,832,827,-5,1027,1003,-24
2025,1,10,5,JFK,RDU,1030,1027,-3,1216,1209,-7
2025,1,10,5,JFK,RDU,1420,1452,32,1609,1630,21
2025,1,10,5,JFK,ROC,1050,1224,94,1217,1350,93
2025,1,10,5,JFK,ROC,1430,1605,95,1558,1718,80
2025,1,10,5,JFK,ROC,2155,2236,41,2326,2350,24
2025,1,10,5,JFK,ROC,2220,2216,-4,2356,2341,-15
2025,1,10,5,JFK,RSW,600,554,-6,920,902,-18
2025,1,10,5,JFK,RSW,735,741,6,1056,1047,-9
2025,1,10,5,JFK,RSW,1543,1550,7,1904,1924,20
2025,1,10,5,JFK,RSW,1750,1755,5,2110,2157,47
2025,1,10,5,JFK,SAN,700,659,-1,1011,951,-20
2025,1,10,5,JFK,SAN,850,845,-5,1225,1147,-38
2025,1,10,5,JFK,SAN,1630,1624,-6,1945,1906,-39
2025,1,10,5,JFK,SAN,1630,1646,16,1951,1932,-19
2025,1,10,5,JFK,SAN,1655,1648,-7,2025,1940,-45
2025,1,10,5,JFK,SAT,800,806,6,1135,1200,25
2025,1,10,5,JFK,SAV,830,826,-4,1100,1049,-11
2025,1,10,5,JFK,SAV,1345,1343,-2,1619,1612,-7
2025,1,10,5,JFK,SAV,1859,1944,45,2141,2223,42
2025,1,10,5,JFK,SEA,710,708,-2,1028,1027,-1
2025,1,10,5,JFK,SEA,1130,1126,-4,1458,1454,-4
2025,1,10,5,JFK,SEA,1600,1556,-4,1927,1909,-18
2025,1,10,5,JFK,SEA,1634,1635,1,1955,1944,-11
2025,1,10,5,JFK,SEA,1900,2009,69,2225,2318,53
2025,1,10,5,JFK,SFO,600,556,-4,950,930,-20
2025,1,10,5,JFK,SFO,700,654,-6,1052,954,-58
2025,1,10,5,JFK,SFO,800,755,-5,1140,1115,-25
2025,1,10,5,JFK,SFO,855,904,9,1252,1215,-37
2025,1,10,5,JFK,SFO,1030,1024,-6,1410,1338,-32
2025,1,10,5,JFK,SFO,1200,1153,-7,1537,1508,-29
2025,1,10,5,JFK,SFO,1300,1259,-1,1645,1603,-42
2025,1,10,5,JFK,SFO,1455,1459,4,1841,1837,-4
2025,1,10,5,JFK,SFO,1600,1558,-2,1946,1915,-31
2025,1,10,5,JFK,SFO,1659,1658,-1,2038,2023,-15
2025,1,10,5,JFK,SFO,1700,1655,-5,2050,2054,4
2025,1,10,5,JFK,SFO,1705,1700,-5,2054,2023,-31
2025,1,10,5,JFK,SFO,1925,1918,-7,2317,2230,-47
2025,1,10,5,JFK,SFO,2030,2026,-4,22,2359,-23
2025,1,10,5,JFK,SFO,2030,2343,193,14,309,175
2025,1,10,5,JFK,SJU,600,607,7,1057,1049,-8
2025,1,10,5,JFK,SJU,800,750,-10,1252,1214,-38
2025,1,10,5,JFK,SJU,800,758,-2,1301,1224,-37
2025,1,10,5,JFK,SJU,1155,1156,1,1644,1620,-24
2025,1,10,5,JFK,SJU,1200,1156,-4,1655,1622,-33
2025,1,10,5,JFK,SJU,1313,1321,8,1810,1749,-21
2025,1,10,5,JFK,SJU,1459,1705,126,1949,2123,94
2025,1,10,5,JFK,SJU,1830,1849,19,2321,2323,2
2025,1,10,5,JFK,SJU,1859,2238,219,2359,328,209
2025,1,10,5,JFK,SJU,2045,2201,76,142,227,45
2025,1,10,5,JFK,SJU,2259,2340,41,350,408,18
2025,1,10,5,JFK,SLC,650,648,-2,1027,950,-37
2025,1,10,5,JFK,SLC,1059,1056,-3,1431,1358,-33
2025,1,10,5,JFK,SLC,1300,1300,0,1633,1607,-26
2025,1,10,5,JFK,SLC,1830,1852,22,2155,2201,6
2025,1,10,5,JFK,SLC,1838,1854,16,2215,2206,-9
2025,1,10,5,JFK,SNA,900,909,9,1225,1218,-7
2025,1,10,5,JFK,SRQ,630,626,-4,939,933,-6
2025,1,10,5,JFK,STT,840,838,-2,1340,1308,-32
2025,1,10,5,JFK,STT,900,850,-10,1400,1317,-43
2025,1,10,5,JFK,SYR,959,1153,114,1121,1307,106
2025,1,10,5,JFK,SYR,1815,1834,19,1936,1951,15
2025,1,10,5,JFK,SYR,2225,2225,0,2350,2338,-12
2025,1,10,5,JFK,TPA,730,728,-2,1039,1029,-10
2025,1,10,5,JFK,TPA,730,804,34,1032,1108,36
2025,1,10,5,JFK,TPA,1102,1100,-2,1408,1357,-11
2025,1,10,5,JFK,TPA,1128,1125,-3,1436,1417,-19
2025,1,10,5,JFK,TPA,1540,1620,40,1850,1921,31
2025,1,10,5,JFK,TPA,1745,1742,-3,2054,2124,30
2025,1,10,5,JFK,TPA,1959,1958,-1,2314,2306,-8
2025,1,11,6,JFK,ATL,659,651,-8,938,1018,40
2025,1,11,6,JFK,ATL,855,1040,105,1133,1325,112
2025,1,11,6,JFK,ATL,1435,1555,80,1705,1806,61
2025,1,11,6,JFK,ATL,1440,1541,61,1718,1750,32
2025,1,11,6,JFK,ATL,1830,2040,130,2118,2335,137
2025,1,11,6,JFK,ATL,2000,1959,-1,2249,2224,-25
2025,1,11,6,JFK,ATL,2130,2124,-6,11,3,-8
2025,1,11,6,JFK,AUS,700,656,-4,1034,1047,13
2025,1,11,6,JFK,AUS,1730,1736,6,2055,2056,1
2025,1,11,6,JFK,BNA,900,859,-1,1049,1132,43
2025,1,11,6,JFK,BNA,1229,1221,-8,1412,1352,-20
2025,1,11,6,JFK,BNA,1459,1451,-8,1644,1641,-3
2025,1,11,6,JFK,BNA,1529,1535,6,1715,1717,2
2025,1,11,6,JFK,BOS,630,744,74,800,956,116
2025,1,11,6,JFK,BOS,730,731,1,847,924,37
2025,1,11,6,JFK,BOS,908,1216,188,1026,1327,181
2025,1,11,6,JFK,BOS,929,928,-1,1045,1228,103
2025,1,11,6,JFK,BOS,1330,1742,252,1445,1858,253
2025,1,11,6,JFK,BOS,1430,1428,-2,1554,1541,-13
2025,1,11,6,JFK,BOS,1555,1654,59,1712,1812,60
2025,1,11,6,JFK,BOS,1630,1724,54,1749,1848,59
2025,1,11,6,JFK,BOS,1744,1836,52,1906,2002,56
2025,1,11,6,JFK,BOS,2030,2028,-2,2154,2143,-11
2025,1,11,6,JFK,BOS,2100,2200,60,2228,2312,44
2025,1,11,6,JFK,BOS,2159,2157,-2,2309,2308,-1
2025,1,11,6,JFK,BOS,2259,2303,4,18,2359,-19
2025,1,11,6,JFK,BQN,1600,1820,140,2050,2338,168
2025,1,11,6,JFK,BQN,2150,2302,72,242,338,56
2025,1,11,6,JFK,BUF,630,624,-6,800,825,25
2025,1,11,6,JFK,BUF,1550,1548,-2,1722,1708,-14
2025,1,11,6,JFK,BUF,1727,1918,111,1857,2049,112
2025,1,11,6,JFK,CHS,959,952,-7,1219,1230,11
2025,1,11,6,JFK,CHS,1230,1229,-1,1448,1438,-10
2025,1,11,6,JFK,CLE,800,814,14,1009,1021,12
2025,1,11,6,JFK,CLE,1220,1234,14,1415,1424,9
2025,1,11,6,JFK,CLT,1129,1136,7,1340,1338,-2
2025,1,11,6,JFK,CLT,1145,1139,-6,1357,1355,-2
2025,1,11,6,JFK,CLT,1453,1453,0,1712,1651,-21
2025,1,11,6,JFK,CLT,1930,2011,41,2147,2209,22
2025,1,11,6,JFK,CMH,1129,1121,-8,1327,1317,-10
2025,1,11,6,JFK,CMH,1526,1647,81,1729,1902,93
2025,1,11,6,JFK,CMH,1630,1624,-6,1828,1824,-4
2025,1,11,6,JFK,CMH,2029,2030,1,2233,2234,1
2025,1,11,6,JFK,CVG,850,953,63,1117,1244,87
2025,1,11,6,JFK,CVG,1315,1307,-8,1533,1534,1
2025,1,11,6,JFK,DCA,800,821,21,932,1010,38
2025,1,11,6,JFK,DCA,1459,1450,-9,1627,1614,-13
2025,1,11,6,JFK,DCA,1628,1639,11,1800,1747,-13
2025,1,11,6,JFK,DCA,1744,1922,98,1914,2047,93
2025,1,11,6,JFK,DCA,2029,2101,32,2200,2222,22
2025,1,11,6,JFK,DCA,2059,2052,-7,2241,2203,-38
2025,1,11,6,JFK,DEN,755,808,13,1043,1151,68
2025,1,11,6,JFK,DEN,1900,1916,16,2138,2153,15
2025,1,11,6,JFK,DFW,1430,1522,52,1746,1806,20
2025,1,11,6,JFK,DFW,1559,1701,62,1915,2023,68
2025,1,11,6,JFK,DFW,1800,1756,-4,2119,2059,-20
2025,1,11,6,JFK,EGE,730,728,-2,1027,1046,19
2025,1,11,6,JFK,FLL,630,626,-4,935,1014,39
2025,1,11,6,JFK,FLL,700,654,-6,1018,1033,15
2025,1,11,6,JFK,FLL,800,749,-11,1112,1133,21
2025,1,11,6,JFK,FLL,900,903,3,1208,1234,26
2025,1,11,6,JFK,FLL,1115,1123,8,1428,1418,-10
2025,1,11,6,JFK,FLL,1320,1324,4,1631,1643,12
2025,1,11,6,JFK,FLL,1529,1648,79,1846,1949,63
2025,1,11,6,JFK,FLL,1555,1553,-2,1907,1856,-11
2025,1,11,6,JFK,FLL,1720,1802,42,2036,2109,33
2025,1,11,6,JFK,FLL,1930,1950,20,2242,2245,3
2025,1,11,6,JFK,HNL,1000,957,-3,1619,1627,8
2025,1,11,6,JFK,HNL,1000,1001,1,1615,1606,-9
2025,1,11,6,JFK,IND,1416,1526,70,1639,1800,81
2025,1,11,6,JFK,IND,1440,1437,-3,1704,1729,25
2025,1,11,6,JFK,IND,1559,1559,0,1825,1845,20
2025,1,11,6,JFK,IND,1829,1827,-2,2056,2133,37
2025,1,11,6,JFK,JAX,740,802,22,1025,1210,105
2025,1,11,6,JFK,JAX,815,1135,200,1057,1420,203
2025,1,11,6,JFK,JAX,1800,1844,44,2050,2129,39
2025,1,11,6,JFK,JAX,1830,1823,-7,2111,2053,-18
2025,1,11,6,JFK,LAS,735,728,-7,1036,1042,6
2025,1,11,6,JFK,LAS,735,734,-1,1029,1104,35
2025,1,11,6,JFK,LAS,759,815,16,1100,1153,53
2025,1,11,6,JFK,LAS,845,855,10,1158,1238,40
2025,1,11,6,JFK,LAS,1000,1007,7,1250,1258,8
2025,1,11,6,JFK,LAS,1130,1242,72,1430,1517,47
2025,1,11,6,JFK,LAS,1615,1611,-4,1923,1855,-28
2025,1,11,6,JFK,LAS,1859,1916,17,2154,2211,17
2025,1,11,6,JFK,LAS,1859,1942,43,2208,2224,16
2025,1,11,6,JFK,LAS,2029,2025,-4,2344,2330,-14
2025,1,11,6,JFK,LAS,2054,2047,-7,2359,2351,-8
2025,1,11,6,JFK,LAX,600,600,0,929,942,13
2025,1,11,6,JFK,LAX,659,652,-7,1028,1041,13
2025,1,11,6,JFK,LAX,700,657,-3,1021,1053,32
2025,1,11,6,JFK,LAX,740,1058,198,1108,1442,214
2025,1,11,6,JFK,LAX,800,812,12,1129,1203,34
2025,1,11,6,JFK,LAX,820,816,-4,1142,1247,65
2025,1,11,6,JFK,LAX,955,1005,10,1326,1359,33
2025,1,11,6,JFK,LAX,1030,1028,-2,1347,1405,18
2025,1,11,6,JFK,LAX,1059,1051,-8,1429,1419,-10
2025,1,11,6,JFK,LAX,1105,1325,140,1431,1638,127
2025,1,11,6,JFK,LAX,1200,1157,-3,1517,1456,-21
2025,1,11,6,JFK,LAX,1534,1527,-7,1903,1829,-34
2025,1,11,6,JFK,LAX,1550,1602,12,1924,1916,-8
2025,1,11,6,JFK,LAX,1629,1618,-11,1957,1921,-36
2025,1,11,6,JFK,LAX,1645,1640,-5,2008,1952,-16
2025,1,11,6,JFK,LAX,1705,1659,-6,2037,2039,2
2025,1,11,6,JFK,LAX,1729,1719,-10,2056,2029,-27
2025,1,11,6,JFK,LAX,1959,2143,104,2332,55,83
2025,1,11,6,JFK,LAX,2000,2012,12,2328,2324,-4
2025,1,11,6,JFK,LAX,2100,2053,-7,33,1,-32
2025,1,11,6,JFK,LAX,2130,2125,-5,55,44,-11
2025,1,11,6,JFK,MCI,1120,1120,0,1353,1335,-18
2025,1,11,6,JFK,MCO,645,638,-7,945,1047,62
2025,1,11,6,JFK,MCO,730,729,-1,1035,1108,33
2025,1,11,6,JFK,MCO,910,948,38,1214,1317,63
2025,1,11,6,JFK,MCO,1100,1058,-2,1402,1444,42
2025,1,11,6,JFK,MCO,1130,1252,82,1430,1541,71
2025,1,11,6,JFK,MCO,1330,1353,23,1635,1655,20
2025,1,11,6,JFK,MCO,1359,1413,14,1659,1706,7
2025,1,11,6,JFK,MCO,1500,1508,8,1802,1814,12
2025,1,11,6,JFK,MCO,1550,1732,102,1852,2013,81
2025,1,11,6,JFK,MCO,1559,1628,29,1907,1906,-1
2025,1,11,6,JFK,MCO,1830,2022,112,2133,2316,103
2025,1,11,6,JFK,MIA,525,524,-1,839,857,18
2025,1,11,6,JFK,MIA,700,657,-3,1023,1119,56
2025,1,11,6,JFK,MIA,738,740,2,1100,1114,14
2025,1,11,6,JFK,MIA,859,855,-4,1235,1239,4
2025,1,11,6,JFK,MIA,950,946,-4,1303,1339,36
2025,1,11,6,JFK,MIA,1105,1115,10,1431,1449,18
2025,1,11,6,JFK,MIA,1259,1255,-4,1619,1604,-15
2025,1,11,6,JFK,MIA,1310,1305,-5,1633,1707,34
2025,1,11,6,JFK,MIA,1500,1813,193,1815,2122,187
2025,1,11,6,JFK,MIA,1729,1722,-7,2049,2030,-19
2025,1,11,6,JFK,MIA,1821,1825,4,2145,2128,-17
2025,1,11,6,JFK,MIA,1955,2037,42,2327,2351,24
2025,1,11,6,JFK,MIA,2030,2037,7,2348,2343,-5
2025,1,11,6,JFK,MKE,1800,1750,-10,1954,1950,-4
2025,1,11,6,JFK,MSP,1129,1226,57,1350,1439,49
2025,1,11,6,JFK,MSY,1622,1613,-9,1903,1827,-36
2025,1,11,6,JFK,ORD,800,754,-6,955,1011,16
2025,1,11,6,JFK,ORD,900,856,-4,1047,1039,-8
2025,1,11,6,JFK,ORD,1550,1548,-2,1738,1723,-15
2025,1,11,6,JFK,ORD,1929,1927,-2,2128,2121,-7
2025,1,11,6,JFK,ORF,1110,1120,10,1236,1240,4
2025,1,11,6,JFK,ORF,1900,1849,-11,2037,2027,-10
2025,1,11,6,JFK,ORF,2155,2203,8,2325,2324,-1
2025,1,11,6,JFK,ORH,1241,1236,-5,1343,1333,-10
2025,1,11,6,JFK,PBI,705,733,28,1018,1127,69
2025,1,11,6,JFK,PBI,1030,1029,-1,1335,1346,11
2025,1,11,6,JFK,PBI,1329,1324,-5,1638,1646,8
2025,1,11,6,JFK,PBI,1509,1547,38,1815,1834,19
2025,1,11,6,JFK,PBI,1535,1640,65,1845,1928,43
2025,1,11,6,JFK,PBI,2000,1953,-7,2306,2238,-28
2025,1,11,6,JFK,PDX,1729,1753,24,2107,2052,-15
2025,1,11,6,JFK,PDX,1959,2207,128,2329,53,84
2025,1,11,6,JFK,PHX,700,701,1,1055,1122,27
2025,1,11,6,JFK,PHX,730,813,43,1115,1301,106
2025,1,11,6,JFK,PHX,929,928,-1,1328,1343,15
2025,1,11,6,JFK,PHX,1259,1302,3,1649,1651,2
2025,1,11,6,JFK,PHX,1800,1756,-4,2158,2155,-3
2025,1,11,6,JFK,PHX,1830,1822,-8,2213,2218,5
2025,1,11,6,JFK,PHX,1950,2126,96,2359,140,101
2025,1,11,6,JFK,PIT,1359,1353,-6,1542,1522,-20
2025,1,11,6,JFK,PIT,1516,1555,39,1708,1824,76
2025,1,11,6,JFK,PIT,1715,1711,-4,1855,1906,11
2025,1,11,6,JFK,PIT,2000,1951,-9,2148,2129,-19
2025,1,11,6,JFK,PIT,2029,2019,-10,2220,2156,-24
2025,1,11,6,JFK,PSP,955,950,-5,1316,1346,30
2025,1,11,6,JFK,PSP,1130,1148,18,1437,1514,37
2025,1,11,6,JFK,RDU,829,845,16,1024,1142,78
2025,1,11,6,JFK,RDU,1020,1030,10,1206,1234,28
2025,1,11,6,JFK,RDU,1329,1323,-6,1522,1510,-12
2025,1,11,6,JFK,RDU,1420,1459,39,1609,1637,28
2025,1,11,6,JFK,RDU,1510,1504,-6,1701,1653,-8
2025,1,11,6,JFK,RDU,2030,2026,-4,2225,2210,-15
2025,1,11,6,JFK,RDU,2130,2122,-8,2324,2328,4
2025,1,11,6,JFK,ROC,1015,1010,-5,1145,1156,11
2025,1,11,6,JFK,ROC,1430,1430,0,1558,1607,9
2025,1,11,6,JFK,ROC,1650,1748,58,1826,1938,72
2025,1,11,6,JFK,ROC,2155,2159,4,2326,2318,-8
2025,1,11,6,JFK,ROC,2220,2213,-7,2356,2347,-9
2025,1,11,6,JFK,RSW,600,605,5,920,952,32
2025,1,11,6,JFK,RSW,1543,1538,-5,1904,1824,-40
2025,1,11,6,JFK,SAN,845,858,13,1216,1309,53
2025,1,11,6,JFK,SAN,1630,1628,-2,1945,1940,-5
2025,1,11,6,JFK,SAN,1630,1639,9,1951,2004,13
2025,1,11,6,JFK,SAN,1655,1658,3,2025,2029,4
2025,1,11,6,JFK,SAT,1820,1814,-6,2154,2131,-23
2025,1,11,6,JFK,SAV,830,825,-5,1100,1227,87
2025,1,11,6,JFK,SAV,1345,1405,20,1619,1615,-4
2025,1,11,6,JFK,SAV,1859,1947,48,2141,2156,15
2025,1,11,6,JFK,SEA,710,1048,218,1038,1347,189
2025,1,11,6,JFK,SEA,1300,1319,19,1628,1621,-7
2025,1,11,6,JFK,SEA,1629,1700,31,1957,2007,10
2025,1,11,6,JFK,SEA,1634,1647,13,1955,1932,-23
2025,1,11,6,JFK,SEA,1900,2113,133,2225,2,97
2025,1,11,6,JFK,SFO,600,556,-4,950,957,7
2025,1,11,6,JFK,SFO,800,751,-9,1135,1207,32
2025,1,11,6,JFK,SFO,855,851,-4,1252,1229,-23
2025,1,11,6,JFK,SFO,1110,1104,-6,1455,1419,-36
2025,1,11,6,JFK,SFO,1455,1454,-1,1841,1804,-37
2025,1,11,6,JFK,SFO,1600,1600,0,1946,1914,-32
2025,1,11,6,JFK,SFO,1659,1650,-9,2038,2003,-35
2025,1,11,6,JFK,SFO,1659,1711,12,2052,2042,-10
2025,1,11,6,JFK,SFO,1745,1741,-4,2134,2102,-32
2025,1,11,6,JFK,SFO,1925,1922,-3,2317,2300,-17
2025,1,11,6,JFK,SFO,2030,2026,-4,22,14,-8
2025,1,11,6,JFK,SFO,2030,2222,112,14,148,94
2025,1,11,6,JFK,SJU,600,559,-1,1057,1107,10
2025,1,11,6,JFK,SJU,800,752,-8,1301,1412,71
2025,1,11,6,JFK,SJU,800,802,2,1250,1338,48
2025,1,11,6,JFK,SJU,1155,1223,28,1644,1658,14
2025,1,11,6,JFK,SJU,1313,1402,49,1810,1932,82
2025,1,11,6,JFK,SJU,1630,1838,128,2119,2335,136
2025,1,11,6,JFK,SJU,1830,1841,11,2321,2328,7
2025,1,11,6,JFK,SJU,1859,2128,149,2359,215,136
2025,1,11,6,JFK,SJU,2045,2212,87,142,236,54
2025,1,11,6,JFK,SJU,2259,2315,16,350,349,-1
2025,1,11,6,JFK,SLC,645,642,-3,1022,1029,7
2025,1,11,6,JFK,SLC,1100,1125,25,1433,1456,23
2025,1,11,6,JFK,SLC,1259,1301,2,1633,1611,-22
2025,1,11,6,JFK,SLC,1830,1857,27,2155,2219,24
2025,1,11,6,JFK,SLC,1900,1859,-1,2233,2211,-22
2025,1,11,6,JFK,SNA,900,851,-9,1225,1301,36
2025,1,11,6,JFK,SRQ,630,627,-3,939,1031,52
2025,1,11,6,JFK,STT,829,826,-3,1329,1343,14
2025,1,11,6,JFK,STT,840,840,0,1340,1508,88
2025,1,11,6,JFK,SYR,844,840,-4,1007,1121,74
2025,1,11,6,JFK,SYR,959,1034,35,1121,1159,38
2025,1,11,6,JFK,SYR,1815,2019,124,1936,2132,116
2025,1,11,6,JFK,SYR,2230,2228,-2,2355,2349,-6
2025,1,11,6,JFK,TPA,730,727,-3,1039,1117,38
2025,1,11,6,JFK,TPA,830,831,1,1145,1243,58
2025,1,11,6,JFK,TPA,1102,1053,-9,1408,1401,-7
2025,1,11,6,JFK,TPA,1128,1137,9,1436,1443,7
2025,1,11,6,JFK,TPA,1540,1652,72,1852,2017,85
2025,1,11,6,JFK,TPA,1959,2214,135,2314,110,116
2025,1,12,7,JFK,ATL,600,615,15,834,844,10
2025,1,12,7,JFK,ATL,659,653,-6,938,918,-20
2025,1,12,7,JFK,ATL,835,831,-4,1115,1123,8
2025,1,12,7,JFK,ATL,1100,1053,-7,1341,1320,-21
2025,1,12,7,JFK,ATL,1224,1427,123,1500,1651,111
2025,1,12,7,JFK,ATL,1440,1446,6,1718,1719,1
2025,1,12,7,JFK,ATL,1630,2028,238,1905,2306,241
2025,1,12,7,JFK,ATL,1820,1847,27,2107,2104,-3
2025,1,12,7,JFK,ATL,2010,2040,30,2259,2253,-6
2025,1,12,7,JFK,ATL,2130,2134,4,11,4,-7
2025,1,12,7,JFK,AUS,700,700,0,1034,1032,-2
2025,1,12,7,JFK,AUS,1059,1059,0,1426,1425,-1
2025,1,12,7,JFK,AUS,1259,1420,81,1646,1745,59
2025,1,12,7,JFK,AUS,1850,1848,-2,2220,2212,-8
2025,1,12,7,JFK,AUS,1930,1926,-4,2301,2255,-6
2025,1,12,7,JFK,BNA,730,730,0,920,914,-6
2025,1,12,7,JFK,BNA,955,952,-3,1142,1118,-24
2025,1,12,7,JFK,BNA,1230,1222,-8,1413,1358,-15
2025,1,12,7,JFK,BNA,1459,1457,-2,1644,1642,-2
2025,1,12,7,JFK,BNA,1530,1520,-10,1715,1709,-6
2025,1,12,7,JFK,BOS,600,551,-9,712,649,-23
2025,1,12,7,JFK,BOS,600,801,121,730,909,99
2025,1,12,7,JFK,BOS,730,723,-7,847,827,-20
2025,1,12,7,JFK,BOS,930,924,-6,1046,1030,-16
2025,1,12,7,JFK,BOS,950,953,3,1110,1059,-11
2025,1,12,7,JFK,BOS,1030,1019,-11,1137,1122,-15
2025,1,12,7,JFK,BOS,1330,1532,122,1445,1634,109
2025,1,12,7,JFK,BOS,1430,1428,-2,1554,1533,-21
2025,1,12,7,JFK,BOS,1555,1548,-7,1712,1654,-18
2025,1,12,7,JFK,BOS,1735,1730,-5,1900,1840,-20
2025,1,12,7,JFK,BOS,1800,1751,-9,1920,1903,-17
2025,1,12,7,JFK,BOS,2030,2025,-5,2154,2138,-16
2025,1,12,7,JFK,BOS,2100,2057,-3,2227,2200,-27
2025,1,12,7,JFK,BOS,2129,2124,-5,2247,2229,-18
2025,1,12,7,JFK,BOS,2200,2154,-6,2312,2308,-4
2025,1,12,7,JFK,BOS,2259,2252,-7,18,2353,-25
2025,1,12,7,JFK,BQN,1559,1552,-7,2049,2018,-31
2025,1,12,7,JFK,BQN,2150,2144,-6,242,154,-48
2025,1,12,7,JFK,BUF,630,620,-10,800,740,-20
2025,1,12,7,JFK,BUF,1550,1706,76,1722,1821,59
2025,1,12,7,JFK,BUF,1725,1713,-12,1857,1829,-28
2025,1,12,7,JFK,CHS,1000,959,-1,1218,1225,7
2025,1,12,7,JFK,CHS,1230,1229,-1,1448,1430,-18
2025,1,12,7,JFK,CLE,800,758,-2,1009,1011,2
2025,1,12,7,JFK,CLE,1219,1211,-8,1414,1415,1
2025,1,12,7,JFK,CLT,630,624,-6,841,829,-12
2025,1,12,7,JFK,CLT,800,757,-3,1015,956,-19
2025,1,12,7,JFK,CLT,1200,1153,-7,1408,1350,-18
2025,1,12,7,JFK,CLT,1225,1240,15,1432,1449,17
2025,1,12,7,JFK,CLT,1454,1448,-6,1705,1648,-17
2025,1,12,7,JFK,CLT,1930,1928,-2,2143,2124,-19
2025,1,12,7,JFK,CMH,935,932,-3,1134,1117,-17
2025,1,12,7,JFK,CMH,1142,1133,-9,1339,1335,-4
2025,1,12,7,JFK,CMH,1526,1519,-7,1729,1716,-13
2025,1,12,7,JFK,CMH,1630,1628,-2,1828,1823,-5
2025,1,12,7,JFK,CMH,2029,2019,-10,2233,2224,-9
2025,1,12,7,JFK,CVG,850,841,-9,1117,1124,7
2025,1,12,7,JFK,CVG,1315,1305,-10,1533,1528,-5
2025,1,12,7,JFK,DCA,800,751,-9,932,913,-19
2025,1,12,7,JFK,DCA,855,1013,78,1020,1126,66
2025,1,12,7,JFK,DCA,1500,1451,-9,1636,1626,-10
2025,1,12,7,JFK,DCA,1628,1627,-1,1800,1802,2
2025,1,12,7,JFK,DCA,1744,1740,-4,1914,1851,-23
2025,1,12,7,JFK,DCA,2029,2107,38,2200,2230,30
2025,1,12,7,JFK,DCA,2100,2051,-9,2239,2246,7
2025,1,12,7,JFK,DEN,830,828,-2,1131,1123,-8
2025,1,12,7,JFK,DEN,959,1002,3,1245,1238,-7
2025,1,12,7,JFK,DEN,1655,1701,6,1946,1938,-8
2025,1,12,7,JFK,DEN,1900,1900,0,2138,2134,-4
2025,1,12,7,JFK,DFW,800,758,-2,1120,1117,-3
2025,1,12,7,JFK,DFW,843,832,-11,1205,1200,-5
2025,1,12,7,JFK,DFW,1430,1428,-2,1746,1757,11
2025,1,12,7,JFK,DFW,1559,1552,-7,1915,1919,4
2025,1,12,7,JFK,DFW,1750,1747,-3,2106,2113,7
2025,1,12,7,JFK,DTW,1650,1735,45,1901,1945,44
2025,1,12,7,JFK,EGE,730,730,0,1027,1032,5
2025,1,12,7,JFK,FLL,600,549,-11,904,846,-18
2025,1,12,7,JFK,FLL,700,657,-3,1018,950,-28
2025,1,12,7,JFK,FLL,800,757,-3,1112,1111,-1
2025,1,12,7,JFK,FLL,900,859,-1,1208,1153,-15
2025,1,12,7,JFK,FLL,1115,1204,49,1428,1525,57
2025,1,12,7,JFK,FLL,1315,1322,7,1625,1606,-19
2025,1,12,7,JFK,FLL,1529,1529,0,1846,1922,36
2025,1,12,7,JFK,FLL,1555,1551,-4,1907,1851,-16
2025,1,12,7,JFK,FLL,1720,1743,23,2036,2042,6
2025,1,12,7,JFK,FLL,1930,1924,-6,2242,2218,-24
2025,1,12,7,JFK,FLL,1955,2104,69,2318,2359,41
2025,1,12,7,JFK,HNL,1000,958,-2,1615,1548,-27
2025,1,12,7,JFK,HNL,1000,959,-1,1619,1603,-16
2025,1,12,7,JFK,IAH,800,821,21,1112,1147,35
2025,1,12,7,JFK,IND,1416,1416,0,1639,1701,22
2025,1,12,7,JFK,IND,1440,1439,-1,1704,1708,4
2025,1,12,7,JFK,IND,1630,1624,-6,1855,1844,-11
2025,1,12,7,JFK,IND,1829,1825,-4,2056,2048,-8
2025,1,12,7,JFK,JAX,740,741,1,1025,1025,0
2025,1,12,7,JFK,JAX,815,814,-1,1057,1100,3
2025,1,12,7,JFK,JAX,1330,1324,-6,1611,1547,-24
2025,1,12,7,JFK,JAX,1830,1823,-7,2111,2101,-10
2025,1,12,7,JFK,JAX,1929,1925,-4,2220,2210,-10
2025,1,12,7,JFK,LAS,735,729,-6,1029,1021,-8
2025,1,12,7,JFK,LAS,735,731,-4,1042,1016,-26
2025,1,12,7,JFK,LAS,759,746,-13,1100,1016,-44
2025,1,12,7,JFK,LAS,959,956,-3,1249,1259,10
2025,1,12,7,JFK,LAS,1130,1124,-6,1434,1429,-5
2025,1,12,7,JFK,LAS,1615,1611,-4,1923,1908,-15
2025,1,12,7,JFK,LAS,1735,1759,24,2025,2035,10
2025,1,12,7,JFK,LAS,1859,1854,-5,2208,2207,-1
2025,1,12,7,JFK,LAS,2059,2050,-9,4,2,-2
2025,1,12,7,JFK,LAS,2115,2113,-2,28,7,-21
2025,1,12,7,JFK,LAX,600,552,-8,929,941,12
2025,1,12,7,JFK,LAX,700,643,-17,1021,952,-29
2025,1,12,7,JFK,LAX,700,1024,204,1035,1440,245
2025,1,12,7,JFK,LAX,710,705,-5,1040,1037,-3
2025,1,12,7,JFK,LAX,800,756,-4,1129,1103,-26
2025,1,12,7,JFK,LAX,820,810,-10,1142,1135,-7
2025,1,12,7,JFK,LAX,850,952,62,1226,1252,26
2025,1,12,7,JFK,LAX,930,924,-6,1250,1243,-7
2025,1,12,7,JFK,LAX,955,949,-6,1326,1305,-21
2025,1,12,7,JFK,LAX,1110,1113,3,1438,1450,12
2025,1,12,7,JFK,LAX,1129,1124,-5,1446,1434,-12
2025,1,12,7,JFK,LAX,1305,1338,33,1633,1703,30
2025,1,12,7,JFK,LAX,1400,1351,-9,1719,1721,2
2025,1,12,7,JFK,LAX,1550,1545,-5,1924,1931,7
2025,1,12,7,JFK,LAX,1635,1631,-4,1957,1941,-16
2025,1,12,7,JFK,LAX,1700,1651,-9,2031,1950,-41
2025,1,12,7,JFK,LAX,1705,1658,-7,2037,2030,-7
2025,1,12,7,JFK,LAX,1729,1720,-9,2056,2028,-28
2025,1,12,7,JFK,LAX,1815,1808,-7,2154,2131,-23
2025,1,12,7,JFK,LAX,1830,1829,-1,2149,2203,14
2025,1,12,7,JFK,LAX,1945,1944,-1,2328,2315,-13
2025,1,12,7,JFK,LAX,2030,2025,-5,2359,2347,-12
2025,1,12,7,JFK,LAX,2100,2048,-12,33,6,-27
2025,1,12,7,JFK,LAX,2130,2127,-3,55,51,-4
2025,1,12,7,JFK,MCI,1120,1111,-9,1353,1412,19
2025,1,12,7,JFK,MCO,645,639,-6,945,926,-19
2025,1,12,7,JFK,MCO,730,727,-3,1035,1011,-24
2025,1,12,7,JFK,MCO,910,908,-2,1214,1154,-20
2025,1,12,7,JFK,MCO,1100,1113,13,1402,1408,6
2025,1,12,7,JFK,MCO,1130,1144,14,1430,1450,20
2025,1,12,7,JFK,MCO,1330,1329,-1,1635,1606,-29
2025,1,12,7,JFK,MCO,1359,1429,30,1659,1730,31
2025,1,12,7,JFK,MCO,1500,1447,-13,1802,1757,-5
2025,1,12,7,JFK,MCO,1543,1542,-1,1848,1818,-30
2025,1,12,7,JFK,MCO,1550,1547,-3,1852,1852,0
2025,1,12,7,JFK,MCO,1830,1903,33,2133,2215,42
2025,1,12,7,JFK,MCO,1929,2024,55,2236,2320,44
2025,1,12,7,JFK,MIA,525,521,-4,839,822,-17
2025,1,12,7,JFK,MIA,630,628,-2,948,943,-5
2025,1,12,7,JFK,MIA,700,657,-3,1022,956,-26
2025,1,12,7,JFK,MIA,738,736,-2,1100,1055,-5
2025,1,12,7,JFK,MIA,901,907,6,1236,1217,-19
2025,1,12,7,JFK,MIA,950,951,1,1303,1302,-1
2025,1,12,7,JFK,MIA,1110,1104,-6,1435,1410,-25
2025,1,12,7,JFK,MIA,1310,1316,6,1633,1628,-5
2025,1,12,7,JFK,MIA,1330,1323,-7,1650,1638,-12
2025,1,12,7,JFK,MIA,1500,1759,179,1815,2055,160
2025,1,12,7,JFK,MIA,1526,1557,31,1854,1853,-1
2025,1,12,7,JFK,MIA,1734,1729,-5,2056,2030,-26
2025,1,12,7,JFK,MIA,1821,1820,-1,2145,2131,-14
2025,1,12,7,JFK,MIA,1955,1953,-2,2327,2246,-41
2025,1,12,7,JFK,MIA,2030,2025,-5,2348,2356,8
2025,1,12,7,JFK,MKE,1750,1804,14,1939,2009,30
2025,1,12,7,JFK,MSP,1130,1136,6,1350,1416,26
2025,1,12,7,JFK,MSY,810,804,-6,1057,1041,-16
2025,1,12,7,JFK,MSY,929,1035,66,1207,1301,54
2025,1,12,7,JFK,MSY,1622,1616,-6,1903,1852,-11
2025,1,12,7,JFK,ORD,800,756,-4,955,1001,6
2025,1,12,7,JFK,ORD,900,1332,272,1047,1540,293
2025,1,12,7,JFK,ORD,1350,1344,-6,1544,1537,-7
2025,1,12,7,JFK,ORD,1550,1611,21,1738,1759,21
2025,1,12,7,JFK,ORD,1555,1549,-6,1750,1744,-6
2025,1,12,7,JFK,ORD,1929,1950,21,2128,2135,7
2025,1,12,7,JFK,ORF,1110,1106,-4,1236,1229,-7
2025,1,12,7,JFK,ORF,1430,1427,-3,1558,1607,9
2025,1,12,7,JFK,ORF,2159,2146,-13,2329,2312,-17
2025,1,12,7,JFK,ORH,1258,1248,-10,1401,1342,-19
2025,1,12,7,JFK,PBI,815,1030,135,1130,1337,127
2025,1,12,7,JFK,PBI,1030,1033,3,1335,1331,-4
2025,1,12,7,JFK,PBI,1329,1347,18,1638,1650,12
2025,1,12,7,JFK,PBI,1509,1502,-7,1815,1814,-1
2025,1,12,7,JFK,PBI,1554,1545,-9,1904,1838,-26
2025,1,12,7,JFK,PBI,2000,2000,0,2306,2305,-1
2025,1,12,7,JFK,PDX,1729,1720,-9,2107,2019,-48
2025,1,12,7,JFK,PDX,1959,2007,8,2329,2309,-20
2025,1,12,7,JFK,PHX,630,624,-6,1019,1023,4
2025,1,12,7,JFK,PHX,730,724,-6,1115,1120,5
2025,1,12,7,JFK,PHX,735,732,-3,1135,1142,7
2025,1,12,7,JFK,PHX,930,926,-4,1325,1312,-13
2025,1,12,7,JFK,PHX,1259,1259,0,1649,1651,2
2025,1,12,7,JFK,PHX,1700,1659,-1,2050,2044,-6
2025,1,12,7,JFK,PHX,1830,1829,-1,2213,2214,1
2025,1,12,7,JFK,PHX,1950,1949,-1,2359,2339,-20
2025,1,12,7,JFK,PIT,1400,1351,-9,1542,1529,-13
2025,1,12,7,JFK,PIT,1516,1521,5,1708,1655,-13
2025,1,12,7,JFK,PIT,1730,1723,-7,1912,1903,-9
2025,1,12,7,JFK,PIT,2029,2021,-8,2220,2143,-37
2025,1,12,7,JFK,PSP,1130,1129,-1,1437,1438,1
2025,1,12,7,JFK,RDU,832,958,86,1027,1135,68
2025,1,12,7,JFK,RDU,1030,1025,-5,1216,1215,-1
2025,1,12,7,JFK,RDU,1420,1415,-5,1609,1554,-15
2025,1,12,7,JFK,RDU,1510,1457,-13,1701,1655,-6
2025,1,12,7,JFK,RDU,2029,2023,-6,2224,2200,-24
2025,1,12,7,JFK,RDU,2130,2122,-8,2324,2322,-2
2025,1,12,7,JFK,ROC,1430,1420,-10,1558,1540,-18
2025,1,12,7,JFK,ROC,2155,2154,-1,2326,2323,-3
2025,1,12,7,JFK,ROC,2220,2327,67,2356,48,52
2025,1,12,7,JFK,RSW,600,550,-10,920,846,-34
2025,1,12,7,JFK,RSW,735,727,-8,1056,1108,12
2025,1,12,7,JFK,RSW,1543,1536,-7,1904,1837,-27
2025,1,12,7,JFK,RSW,1750,1745,-5,2110,2107,-3
2025,1,12,7,JFK,SAN,700,652,-8,1011,1006,-5
2025,1,12,7,JFK,SAN,850,854,4,1225,1224,-1
2025,1,12,7,JFK,SAN,1630,1624,-6,1951,1943,-8
2025,1,12,7,JFK,SAN,1630,1625,-5,1945,1947,2
2025,1,12,7,JFK,SAN,1655,1650,-5,2025,2002,-23
2025,1,12,7,JFK,SAT,800,758,-2,1135,1159,24
2025,1,12,7,JFK,SAV,830,821,-9,1100,1050,-10
2025,1,12,7,JFK,SAV,1345,1350,5,1619,1624,5
2025,1,12,7,JFK,SAV,1859,1854,-5,2141,2128,-13
2025,1,12,7,JFK,SEA,710,705,-5,1038,1018,-20
2025,1,12,7,JFK,SEA,1300,1257,-3,1628,1554,-34
2025,1,12,7,JFK,SEA,1600,1555,-5,1927,1859,-28
2025,1,12,7,JFK,SEA,1634,1711,37,1955,2001,6
2025,1,12,7,JFK,SEA,1900,1858,-2,2225,2218,-7
2025,1,12,7,JFK,SFO,600,553,-7,950,922,-28
2025,1,12,7,JFK,SFO,700,658,-2,1052,1014,-38
2025,1,12,7,JFK,SFO,800,756,-4,1135,1125,-10
2025,1,12,7,JFK,SFO,830,822,-8,1234,1202,-32
2025,1,12,7,JFK,SFO,855,853,-2,1252,1221,-31
2025,1,12,7,JFK,SFO,1030,1027,-3,1410,1358,-12
2025,1,12,7,JFK,SFO,1100,1118,18,1453,1453,0
2025,1,12,7,JFK,SFO,1110,1108,-2,1455,1500,5
2025,1,12,7,JFK,SFO,1455,1457,2,1841,1824,-17
2025,1,12,7,JFK,SFO,1534,1543,9,1926,1916,-10
2025,1,12,7,JFK,SFO,1600,1554,-6,1946,1929,-17
2025,1,12,7,JFK,SFO,1659,1656,-3,2038,2012,-26
2025,1,12,7,JFK,SFO,1700,1904,124,2050,2238,108
2025,1,12,7,JFK,SFO,1705,1706,1,2054,2021,-33
2025,1,12,7,JFK,SFO,1809,1811,2,2149,2150,1
2025,1,12,7,JFK,SFO,1925,1925,0,2317,2254,-23
2025,1,12,7,JFK,SFO,2030,2026,-4,14,2350,-24
2025,1,12,7,JFK,SFO,2030,2225,115,22,153,91
2025,1,12,7,JFK,SJU,600,557,-3,1057,1037,-20
2025,1,12,7,JFK,SJU,700,705,5,1151,1123,-28
2025,1,12,7,JFK,SJU,800,753,-7,1252,1215,-37
2025,1,12,7,JFK,SJU,1200,1159,-1,1655,1622,-33
2025,1,12,7,JFK,SJU,1200,1205,5,1649,1631,-18
2025,1,12,7,JFK,SJU,1313,1458,105,1810,1940,90
2025,1,12,7,JFK,SJU,1830,1908,38,2321,2333,12
2025,1,12,7,JFK,SJU,1859,1925,26,2359,2358,-1
2025,1,12,7,JFK,SJU,2045,2137,52,142,150,8
2025,1,12,7,JFK,SJU,2259,2254,-5,350,448,58
2025,1,12,7,JFK,SLC,629,801,92,1006,1114,68
2025,1,12,7,JFK,SLC,1059,1054,-5,1431,1415,-16
2025,1,12,7,JFK,SLC,1300,1255,-5,1633,1631,-2
2025,1,12,7,JFK,SLC,1830,1931,61,2155,2240,45
2025,1,12,7,JFK,SLC,1838,1833,-5,2215,2202,-13
2025,1,12,7,JFK,SNA,900,853,-7,1225,1219,-6
2025,1,12,7,JFK,SRQ,630,623,-7,939,924,-15
2025,1,12,7,JFK,STT,840,1333,293,1340,1744,244
2025,1,12,7,JFK,STT,900,854,-6,1400,1323,-37
2025,1,12,7,JFK,SYR,959,1007,8,1121,1124,3
2025,1,12,7,JFK,SYR,1815,1821,6,1936,1938,2
2025,1,12,7,JFK,SYR,2225,2220,-5,2350,2351,1
2025,1,12,7,JFK,TPA,730,720,-10,1032,1032,0
2025,1,12,7,JFK,TPA,730,726,-4,1039,1032,-7
2025,1,12,7,JFK,TPA,1102,1110,8,1408,1406,-2
2025,1,12,7,JFK,TPA,1130,1131,1,1438,1431,-7
2025,1,12,7,JFK,TPA,1540,1655,75,1850,2116,146
2025,1,12,7,JFK,TPA,1745,1744,-1,2054,2044,-10
2025,1,12,7,JFK,TPA,1959,2124,85,2314,33,79
2025,1,13,1,JFK,ATL,600,711,71,834,950,76
2025,1,13,1,JFK,ATL,659,701,2,938,940,2
2025,1,13,1,JFK,ATL,835,828,-7,1115,1122,7
2025,1,13,1,JFK,ATL,1100,1056,-4,1341,1343,2
2025,1,13,1,JFK,ATL,1224,1224,0,1500,1500,0
2025,1,13,1,JFK,ATL,1440,1438,-2,1718,1714,-4
2025,1,13,1,JFK,ATL,1630,1630,0,1905,1856,-9
2025,1,13,1,JFK,ATL,1820,1825,5,2107,2109,2
2025,1,13,1,JFK,ATL,2010,2008,-2,2259,2248,-11
2025,1,13,1,JFK,ATL,2130,2121,-9,11,2353,-18
2025,1,13,1,JFK,AUS,700,657,-3,1034,1054,20
2025,1,13,1,JFK,AUS,1059,1055,-4,1426,1425,-1
2025,1,13,1,JFK,AUS,1259,1252,-7,1646,1604,-42
2025,1,13,1,JFK,AUS,1800,1800,0,2131,2136,5
2025,1,13,1,JFK,AUS,1850,1848,-2,2220,2209,-11
2025,1,13,1,JFK,BNA,730,723,-7,920,918,-2
2025,1,13,1,JFK,BNA,900,854,-6,1049,1046,-3
2025,1,13,1,JFK,BNA,1230,1221,-9,1413,1414,1
2025,1,13,1,JFK,BNA,1459,1455,-4,1644,1640,-4
2025,1,13,1,JFK,BNA,1529,1523,-6,1715,1708,-7
2025,1,13,1,JFK,BOS,600,555,-5,730,742,12
2025,1,13,1,JFK,BOS,730,723,-7,847,844,-3
2025,1,13,1,JFK,BOS,910,906,-4,1032,1014,-18
2025,1,13,1,JFK,BOS,930,928,-2,1046,1035,-11
2025,1,13,1,JFK,BOS,950,945,-5,1110,1050,-20
2025,1,13,1,JFK,BOS,1330,1349,19,1445,1459,14
2025,1,13,1,JFK,BOS,1430,1522,52,1554,1635,41
2025,1,13,1,JFK,BOS,1555,1547,-8,1712,1657,-15
2025,1,13,1,JFK,BOS,1735,1848,73,1900,2015,75
2025,1,13,1,JFK,BOS,1744,1739,-5,1906,1847,-19
2025,1,13,1,JFK,BOS,2030,2024,-6,2154,2125,-29
2025,1,13,1,JFK,BOS,2100,2055,-5,2227,2205,-22
2025,1,13,1,JFK,BOS,2159,2154,-5,2309,2256,-13
2025,1,13,1,JFK,BOS,2259,2304,5,18,5,-13
2025,1,13,1,JFK,BQN,1559,1619,20,2049,2104,15
2025,1,13,1,JFK,BQN,2150,2140,-10,242,202,-40
2025,1,13,1,JFK,BUF,630,623,-7,800,759,-1
2025,1,13,1,JFK,BUF,1550,1548,-2,1722,1716,-6
2025,1,13,1,JFK,BUF,1725,1720,-5,1857,1840,-17
2025,1,13,1,JFK,CHS,1000,956,-4,1218,1240,22
2025,1,13,1,JFK,CHS,1230,1227,-3,1448,1445,-3
2025,1,13,1,JFK,CLE,800,750,-10,1009,956,-13
2025,1,13,1,JFK,CLE,1220,1211,-9,1415,1404,-11
2025,1,13,1,JFK,CLT,630,625,-5,841,829,-12
2025,1,13,1,JFK,CLT,800,755,-5,1015,1011,-4
2025,1,13,1,JFK,CLT,1200,1155,-5,1408,1358,-10
2025,1,13,1,JFK,CLT,1225,1219,-6,1432,1448,16
2025,1,13,1,JFK,CLT,1454,1447,-7,1705,1652,-13
2025,1,13,1,JFK,CLT,1930,2110,100,2143,2320,97
2025,1,13,1,JFK,CMH,935,927,-8,1134,1138,4
2025,1,13,1,JFK,CMH,1144,1134,-10,1341,1332,-9
2025,1,13,1,JFK,CMH,1526,1524,-2,1729,1726,-3
2025,1,13,1,JFK,CMH,1630,1640,10,1828,1836,8
2025,1,13,1,JFK,CMH,2029,2029,0,2233,2239,6
2025,1,13,1,JFK,CVG,850,845,-5,1117,1101,-16
2025,1,13,1,JFK,CVG,1315,1310,-5,1533,1531,-2
2025,1,13,1,JFK,DCA,800,750,-10,932,932,0
2025,1,13,1,JFK,DCA,855,853,-2,1020,1004,-16
2025,1,13,1,JFK,DCA,1459,1449,-10,1627,1610,-17
2025,1,13,1,JFK,DCA,1628,1624,-4,1800,1730,-30
2025,1,13,1,JFK,DCA,1744,1735,-9,1914,1902,-12
2025,1,13,1,JFK,DCA,2029,2023,-6,2200,2142,-18
2025,1,13,1,JFK,DCA,2059,2053,-6,2241,2228,-13
2025,1,13,1,JFK,DEN,830,833,3,1131,1129,-2
2025,1,13,1,JFK,DEN,959,958,-1,1245,1230,-15
2025,1,13,1,JFK,DEN,1655,1652,-3,1946,2002,16
2025,1,13,1,JFK,DEN,1900,1858,-2,2138,2146,8
2025,1,13,1,JFK,DFW,800,920,80,1120,1242,82
2025,1,13,1,JFK,DFW,843,839,-4,1205,1207,2
2025,1,13,1,JFK,DFW,1430,1427,-3,1746,1746,0
2025,1,13,1,JFK,DFW,1559,1604,5,1915,1910,-5
2025,1,13,1,JFK,DFW,1750,1747,-3,2106,2130,24
2025,1,13,1,JFK,DTW,1650,1648,-2,1901,1846,-15
2025,1,13,1,JFK,EGE,730,757,27,1027,1044,17
2025,1,13,1,JFK,FLL,600,551,-9,904,930,26
2025,1,13,1,JFK,FLL,700,740,40,1018,1142,84
2025,1,13,1,JFK,FLL,800,751,-9,1112,1121,9
2025,1,13,1,JFK,FLL,900,857,-3,1208,1215,7
2025,1,13,1,JFK,FLL,1115,1131,16,1428,1425,-3
2025,1,13,1,JFK,FLL,1315,1440,85,1625,1748,83
2025,1,13,1,JFK,FLL,1529,1523,-6,1846,1832,-14
2025,1,13,1,JFK,FLL,1555,1659,64,1907,2014,67
2025,1,13,1,JFK,FLL,1720,1734,14,2036,2039,3
2025,1,13,1,JFK,FLL,1930,1922,-8,2242,2224,-18
2025,1,13,1,JFK,FLL,1955,1944,-11,2318,2251,-27
2025,1,13,1,JFK,HNL,1000,956,-4,1619,1522,-57
2025,1,13,1,JFK,HNL,1000,1013,13,1615,1601,-14
2025,1,13,1,JFK,IAH,800,752,-8,1112,1112,0
2025,1,13,1,JFK,IND,1416,1411,-5,1639,1653,14
2025,1,13,1,JFK,IND,1440,1431,-9,1704,1710,6
2025,1,13,1,JFK,IND,1559,1551,-8,1825,1820,-5
2025,1,13,1,JFK,IND,1829,1836,7,2056,2114,18
2025,1,13,1,JFK,JAX,740,732,-8,1025,1041,16
2025,1,13,1,JFK,JAX,815,817,2,1057,1105,8
2025,1,13,1,JFK,JAX,1330,1323,-7,1611,1601,-10
2025,1,13,1,JFK,JAX,1830,1829,-1,2111,2115,4
2025,1,13,1,JFK,JAX,1929,1926,-3,2220,2218,-2
2025,1,13,1,JFK,LAS,735,734,-1,1029,1022,-7
2025,1,13,1,JFK,LAS,735,735,0,1042,1109,27
2025,1,13,1,JFK,LAS,759,756,-3,1100,1120,20
2025,1,13,1,JFK,LAS,959,949,-10,1249,1232,-17
2025,1,13,1,JFK,LAS,1130,1130,0,1434,1421,-13
2025,1,13,1,JFK,LAS,1615,1623,8,1923,1857,-26
2025,1,13,1,JFK,LAS,1735,1724,-11,2025,1957,-28
2025,1,13,1,JFK,LAS,1859,1922,23,2208,2201,-7
2025,1,13,1,JFK,LAS,2059,2052,-7,4,2337,-27
2025,1,13,1,JFK,LAS,2115,2110,-5,28,2351,-37
2025,1,13,1,JFK,LAX,600,557,-3,929,857,-32
2025,1,13,1,JFK,LAX,659,656,-3,1028,1027,-1
2025,1,13,1,JFK,LAX,700,725,25,1021,1050,29
2025,1,13,1,JFK,LAX,710,908,118,1040,1208,88
2025,1,13,1,JFK,LAX,820,811,-9,1142,1107,-35
2025,1,13,1,JFK,LAX,850,841,-9,1226,1210,-16
2025,1,13,1,JFK,LAX,930,924,-6,1250,1227,-23
2025,1,13,1,JFK,LAX,955,954,-1,1326,1307,-19
2025,1,13,1,JFK,LAX,1100,1101,1,1430,1423,-7
2025,1,13,1,JFK,LAX,1110,1104,-6,1438,1425,-13
2025,1,13,1,JFK,LAX,1129,1123,-6,1446,1424,-22
2025,1,13,1,JFK,LAX,1305,1256,-9,1633,1605,-28
2025,1,13,1,JFK,LAX,1400,1350,-10,1719,1650,-29
2025,1,13,1,JFK,LAX,1534,1533,-1,1903,1845,-18
2025,1,13,1,JFK,LAX,1550,1543,-7,1924,1833,-51
2025,1,13,1,JFK,LAX,1630,1628,-2,1957,1934,-23
2025,1,13,1,JFK,LAX,1635,1640,5,1957,1936,-21
2025,1,13,1,JFK,LAX,1705,1702,-3,2037,2023,-14
2025,1,13,1,JFK,LAX,1729,1730,1,2056,2019,-37
2025,1,13,1,JFK,LAX,1815,1815,0,2154,2136,-18
2025,1,13,1,JFK,LAX,1830,1830,0,2149,2129,-20
2025,1,13,1,JFK,LAX,1929,1941,12,2310,2238,-32
2025,1,13,1,JFK,LAX,1959,1954,-5,2332,2309,-23
2025,1,13,1,JFK,LAX,2100,2054,-6,33,2343,-50
2025,1,13,1,JFK,LAX,2130,2126,-4,55,24,-31
2025,1,13,1,JFK,MCI,1120,1117,-3,1353,1415,22
2025,1,13,1,JFK,MCO,645,639,-6,945,934,-11
2025,1,13,1,JFK,MCO,730,724,-6,1035,1020,-15
2025,1,13,1,JFK,MCO,910,907,-3,1214,1221,7
2025,1,13,1,JFK,MCO,1100,1058,-2,1400,1404,4
2025,1,13,1,JFK,MCO,1130,1125,-5,1430,1427,-3
2025,1,13,1,JFK,MCO,1330,1324,-6,1635,1620,-15
2025,1,13,1,JFK,MCO,1359,1354,-5,1659,1656,-3
2025,1,13,1,JFK,MCO,1500,1457,-3,1802,1751,-11
2025,1,13,1,JFK,MCO,1543,1615,32,1848,1902,14
2025,1,13,1,JFK,MCO,1550,1542,-8,1852,1841,-11
2025,1,13,1,JFK,MCO,1830,1912,42,2133,2323,110
2025,1,13,1,JFK,MCO,1929,2006,37,2236,2317,41
2025,1,13,1,JFK,MIA,525,519,-6,839,827,-12
2025,1,13,1,JFK,MIA,630,633,3,948,950,2
2025,1,13,1,JFK,MIA,700,656,-4,1022,1034,12
2025,1,13,1,JFK,MIA,738,807,29,1100,1118,18
2025,1,13,1,JFK,MIA,901,859,-2,1236,1212,-24
2025,1,13,1,JFK,MIA,950,950,0,1303,1249,-14
2025,1,13,1,JFK,MIA,1110,1109,-1,1435,1415,-20
2025,1,13,1,JFK,MIA,1310,1308,-2,1633,1641,8
2025,1,13,1,JFK,MIA,1330,1328,-2,1650,1630,-20
2025,1,13,1,JFK,MIA,1500,1508,8,1815,1819,4
2025,1,13,1,JFK,MIA,1526,1522,-4,1854,1838,-16
2025,1,13,1,JFK,MIA,1734,1745,11,2056,2105,9
2025,1,13,1,JFK,MIA,1821,1816,-5,2145,2157,12
2025,1,13,1,JFK,MIA,1955,1947,-8,2327,2251,-36
2025,1,13,1,JFK,MIA,2030,2028,-2,2348,2339,-9
2025,1,13,1,JFK,MKE,1750,1844,54,1939,2046,67
2025,1,13,1,JFK,MSP,1130,1132,2,1350,1338,-12
2025,1,13,1,JFK,MSY,810,802,-8,1057,1048,-9
2025,1,13,1,JFK,MSY,929,932,3,1207,1216,9
2025,1,13,1,JFK,MSY,1622,1617,-5,1903,1851,-12
2025,1,13,1,JFK,ORD,800,759,-1,955,950,-5
2025,1,13,1,JFK,ORD,900,855,-5,1047,1032,-15
2025,1,13,1,JFK,ORD,1350,1343,-7,1544,1522,-22
2025,1,13,1,JFK,ORD,1550,1555,5,1738,1741,3
2025,1,13,1,JFK,ORD,1555,1553,-2,1750,1748,-2
2025,1,13,1,JFK,ORD,1929,1946,17,2128,2135,7
2025,1,13,1,JFK,ORF,1110,1059,-11,1236,1220,-16
2025,1,13,1,JFK,ORF,2155,2144,-11,2325,2306,-19
2025,1,13,1,JFK,ORH,1259,1350,51,1402,1444,42
2025,1,13,1,JFK,PBI,815,805,-10,1130,1117,-13
2025,1,13,1,JFK,PBI,1030,1038,8,1335,1333,-2
2025,1,13,1,JFK,PBI,1329,1401,32,1638,1704,26
2025,1,13,1,JFK,PBI,1509,1506,-3,1815,1821,6
2025,1,13,1,JFK,PBI,1554,1550,-4,1904,1851,-13
2025,1,13,1,JFK,PBI,2000,1958,-2,2306,2256,-10
2025,1,13,1,JFK,PDX,1729,1725,-4,2107,2026,-41
2025,1,13,1,JFK,PDX,1959,1953,-6,2329,2251,-38
2025,1,13,1,JFK,PHX,625,623,-2,1015,1023,8
2025,1,13,1,JFK,PHX,730,722,-8,1115,1100,-15
2025,1,13,1,JFK,PHX,735,734,-1,1135,1214,39
2025,1,13,1,JFK,PHX,930,926,-4,1325,1303,-22
2025,1,13,1,JFK,PHX,1259,1258,-1,1649,1642,-7
2025,1,13,1,JFK,PHX,1700,1655,-5,2050,2047,-3
2025,1,13,1,JFK,PHX,1830,1940,70,2213,2310,57
2025,1,13,1,JFK,PHX,1950,1948,-2,2359,2336,-23
2025,1,13,1,JFK,PIT,1400,1350,-10,1542,1536,-6
2025,1,13,1,JFK,PIT,1516,1528,12,1708,1706,-2
2025,1,13,1,JFK,PIT,1715,1707,-8,1855,1827,-28
2025,1,13,1,JFK,PIT,2029,2023,-6,2220,2155,-25
2025,1,13,1,JFK,PSP,930,918,-12,1237,1220,-17
2025,1,13,1,JFK,RDU,832,826,-6,1027,1017,-10
2025,1,13,1,JFK,RDU,1030,1020,-10,1216,1205,-11
2025,1,13,1,JFK,RDU,1420,1414,-6,1609,1556,-13
2025,1,13,1,JFK,RDU,1510,1542,32,1701,1736,35
2025,1,13,1,JFK,RDU,2030,2025,-5,2225,2213,-12
2025,1,13,1,JFK,RDU,2130,2124,-6,2324,2313,-11
2025,1,13,1,JFK,ROC,1050,1046,-4,1217,1218,1
2025,1,13,1,JFK,ROC,1430,1424,-6,1558,1546,-12
2025,1,13,1,JFK,ROC,2155,2241,46,2326,3,37
2025,1,13,1,JFK,ROC,2220,2214,-6,2356,2345,-11
2025,1,13,1,JFK,RSW,600,602,2,920,907,-13
2025,1,13,1,JFK,RSW,735,729,-6,1056,1132,36
2025,1,13,1,JFK,RSW,1543,1550,7,1904,1900,-4
2025,1,13,1,JFK,RSW,1750,1752,2,2110,2055,-15
2025,1,13,1,JFK,SAN,700,649,-11,1011,955,-16
2025,1,13,1,JFK,SAN,850,846,-4,1225,1200,-25
2025,1,13,1,JFK,SAN,1630,1627,-3,1945,1926,-19
2025,1,13,1,JFK,SAN,1630,1630,0,1951,1937,-14
2025,1,13,1,JFK,SAN,1655,1701,6,2025,2006,-19
2025,1,13,1,JFK,SAT,800,752,-8,1135,1135,0
2025,1,13,1,JFK,SAV,830,821,-9,1100,1046,-14
2025,1,13,1,JFK,SAV,1345,1341,-4,1619,1607,-12
2025,1,13,1,JFK,SAV,1859,1853,-6,2141,2135,-6
2025,1,13,1,JFK,SEA,710,742,32,1038,1145,67
2025,1,13,1,JFK,SEA,1130,1128,-2,1458,1436,-22
2025,1,13,1,JFK,SEA,1600,1612,12,1927,1909,-18
2025,1,13,1,JFK,SEA,1634,1700,26,1955,2006,11
2025,1,13,1,JFK,SEA,1900,1859,-1,2225,2209,-16
2025,1,13,1,JFK,SFO,600,556,-4,950,916,-34
2025,1,13,1,JFK,SFO,700,657,-3,1052,1040,-12
2025,1,13,1,JFK,SFO,730,727,-3,1129,1106,-23
2025,1,13,1,JFK,SFO,800,753,-7,1135,1102,-33
2025,1,13,1,JFK,SFO,825,819,-6,1233,1139,-54
2025,1,13,1,JFK,SFO,855,851,-4,1252,1219,-33
2025,1,13,1,JFK,SFO,1030,1021,-9,1410,1337,-33
2025,1,13,1,JFK,SFO,1110,1106,-4,1455,1422,-33
2025,1,13,1,JFK,SFO,1300,1250,-10,1645,1553,-52
2025,1,13,1,JFK,SFO,1455,1506,11,1841,1820,-21
2025,1,13,1,JFK,SFO,1600,1553,-7,1946,1854,-52
2025,1,13,1,JFK,SFO,1659,1654,-5,2038,1954,-44
2025,1,13,1,JFK,SFO,1700,1652,-8,2050,1946,-64
2025,1,13,1,JFK,SFO,1705,1659,-6,2054,2005,-49
2025,1,13,1,JFK,SFO,1809,1827,18,2149,2154,5
2025,1,13,1,JFK,SFO,1925,1924,-1,2317,2252,-25
2025,1,13,1,JFK,SFO,2030,2020,-10,14,2329,-45
2025,1,13,1,JFK,SFO,2030,2025,-5,22,2336,-46
2025,1,13,1,JFK,SJU,600,554,-6,1057,1128,31
2025,1,13,1,JFK,SJU,700,702,2,1151,1123,-28
2025,1,13,1,JFK,SJU,800,754,-6,1252,1209,-43
2025,1,13,1,JFK,SJU,800,758,-2,1301,1303,2
2025,1,13,1,JFK,SJU,1155,1153,-2,1644,1614,-30
2025,1,13,1,JFK,SJU,1200,1205,5,1655,1625,-30
2025,1,13,1,JFK,SJU,1313,1354,41,1810,1919,69
2025,1,13,1,JFK,SJU,1830,1826,-4,2321,2328,7
2025,1,13,1,JFK,SJU,1859,1919,20,2359,17,18
2025,1,13,1,JFK,SJU,2045,2101,16,142,216,34
2025,1,13,1,JFK,SJU,2259,2246,-13,350,320,-30
2025,1,13,1,JFK,SLC,650,1030,220,1027,1345,198
2025,1,13,1,JFK,SLC,1059,1101,2,1431,1427,-4
2025,1,13,1,JFK,SLC,1300,1256,-4,1633,1619,-14
2025,1,13,1,JFK,SLC,1830,1843,13,2155,2154,-1
2025,1,13,1,JFK,SLC,1838,1838,0,2215,2152,-23
2025,1,13,1,JFK,SNA,900,854,-6,1225,1200,-25
2025,1,13,1,JFK,SRQ,630,621,-9,939,926,-13
2025,1,13,1,JFK,STT,840,836,-4,1340,1309,-31
2025,1,13,1,JFK,STT,859,909,10,1359,1344,-15
2025,1,13,1,JFK,SYR,959,957,-2,1121,1101,-20
2025,1,13,1,JFK,SYR,1815,1810,-5,1936,1917,-19
2025,1,13,1,JFK,SYR,2225,2217,-8,2350,2341,-9
2025,1,13,1,JFK,TPA,730,720,-10,1032,1027,-5
2025,1,13,1,JFK,TPA,730,729,-1,1039,1054,15
2025,1,13,1,JFK,TPA,1102,1049,-13,1408,1414,6
2025,1,13,1,JFK,TPA,1128,1136,8,1436,1502,26
2025,1,13,1,JFK,TPA,1540,1548,8,1850,1851,1
2025,1,13,1,JFK,TPA,1745,1755,10,2054,2055,1
2025,1,13,1,JFK,TPA,1959,1954,-5,2314,2304,-10
2025,1,14,2,JFK,ATL,600,601,1,834,839,5
2025,1,14,2,JFK,ATL,659,655,-4,938,1001,23
2025,1,14,2,JFK,ATL,835,828,-7,1115,1049,-26
2025,1,14,2,JFK,ATL,1100,1047,-13,1341,1326,-15
2025,1,14,2,JFK,ATL,1224,1218,-6,1500,1436,-24
2025,1,14,2,JFK,ATL,1440,1434,-6,1718,1716,-2
2025,1,14,2,JFK,ATL,1630,1630,0,1905,1905,0
2025,1,14,2,JFK,ATL,1820,1819,-1,2107,2106,-1
2025,1,14,2,JFK,ATL,2010,2006,-4,2259,2231,-28
2025,1,14,2,JFK,ATL,2130,2124,-6,11,7,-4
2025,1,14,2,JFK,AUS,700,652,-8,1034,1022,-12
2025,1,14,2,JFK,AUS,1059,1101,2,1426,1444,18
2025,1,14,2,JFK,AUS,1259,1257,-2,1646,1607,-39
2025,1,14,2,JFK,AUS,1800,1903,63,2131,2250,79
2025,1,14,2,JFK,AUS,1850,1845,-5,2220,2226,6
2025,1,14,2,JFK,BNA,900,857,-3,1049,1041,-8
2025,1,14,2,JFK,BNA,1230,1220,-10,1413,1412,-1
2025,1,14,2,JFK,BNA,1459,1453,-6,1644,1656,12
2025,1,14,2,JFK,BNA,1529,1524,-5,1715,1723,8
2025,1,14,2,JFK,BOS,600,553,-7,730,713,-17
2025,1,14,2,JFK,BOS,730,728,-2,847,839,-8
2025,1,14,2,JFK,BOS,910,901,-9,1032,1000,-32
2025,1,14,2,JFK,BOS,929,924,-5,1045,1017,-28
2025,1,14,2,JFK,BOS,950,1157,127,1110,1255,105
2025,1,14,2,JFK,BOS,1130,1120,-10,1244,1242,-2
2025,1,14,2,JFK,BOS,1330,1324,-6,1445,1421,-24
2025,1,14,2,JFK,BOS,1430,1521,51,1554,1620,26
2025,1,14,2,JFK,BOS,1555,1549,-6,1712,1701,-11
2025,1,14,2,JFK,BOS,1735,1731,-4,1900,1836,-24
2025,1,14,2,JFK,BOS,1744,1740,-4,1906,1845,-21
2025,1,14,2,JFK,BOS,2030,2026,-4,2154,2125,-29
2025,1,14,2,JFK,BOS,2059,2056,-3,2222,2203,-19
2025,1,14,2,JFK,BOS,2159,2154,-5,2309,2255,-14
2025,1,14,2,JFK,BOS,2259,2309,10,18,29,11
2025,1,14,2,JFK,BQN,1530,1802,152,2022,2233,131
2025,1,14,2,JFK,BQN,2150,2229,39,242,302,20
2025,1,14,2,JFK,BUF,630,621,-9,800,739,-21
2025,1,14,2,JFK,BUF,1550,1550,0,1722,1714,-8
2025,1,14,2,JFK,BUF,1725,1711,-14,1857,1841,-16
2025,1,14,2,JFK,CHS,959,949,-10,1219,1217,-2
2025,1,14,2,JFK,CHS,1255,1246,-9,1513,1508,-5
2025,1,14,2,JFK,CLE,759,752,-7,959,945,-14
2025,1,14,2,JFK,CLE,1220,1212,-8,1415,1407,-8
2025,1,14,2,JFK,CLT,630,621,-9,841,835,-6
2025,1,14,2,JFK,CLT,800,750,-10,1015,950,-25
2025,1,14,2,JFK,CLT,1200,1154,-6,1408,1356,-12
2025,1,14,2,JFK,CLT,1225,1349,84,1432,1603,91
2025,1,14,2,JFK,CLT,1454,1450,-4,1705,1702,-3
2025,1,14,2,JFK,CLT,1930,1927,-3,2143,2138,-5
2025,1,14,2,JFK,CMH,935,927,-8,1134,1125,-9
2025,1,14,2,JFK,CMH,1144,1130,-14,1341,1328,-13
2025,1,14,2,JFK,CMH,1526,1526,0,1729,1732,3
2025,1,14,2,JFK,CMH,1630,1623,-7,1828,1828,0
2025,1,14,2,JFK,CMH,2029,2024,-5,2233,2219,-14
2025,1,14,2,JFK,CVG,850,845,-5,1117,1111,-6
2025,1,14,2,JFK,CVG,1315,1307,-8,1533,1541,8
2025,1,14,2,JFK,DCA,800,754,-6,932,919,-13
2025,1,14,2,JFK,DCA,855,846,-9,1020,954,-26
2025,1,14,2,JFK,DCA,1459,1454,-5,1627,1610,-17
2025,1,14,2,JFK,DCA,1628,1621,-7,1800,1733,-27
2025,1,14,2,JFK,DCA,1744,1742,-2,1914,1906,-8
2025,1,14,2,JFK,DCA,2029,2028,-1,2200,2154,-6
2025,1,14,2,JFK,DCA,2059,2055,-4,2241,2235,-6
2025,1,14,2,JFK,DEN,830,825,-5,1131,1107,-24
2025,1,14,2,JFK,DEN,1655,1645,-10,1946,1855,-51
2025,1,14,2,JFK,DEN,1900,1855,-5,2138,2132,-6
2025,1,14,2,JFK,DFW,800,804,4,1120,1139,19
2025,1,14,2,JFK,DFW,843,836,-7,1205,1200,-5
2025,1,14,2,JFK,DFW,1430,1424,-6,1746,1749,3
2025,1,14,2,JFK,DFW,1559,1552,-7,1915,1906,-9
2025,1,14,2,JFK,DFW,1750,1755,5,2106,2137,31
2025,1,14,2,JFK,DTW,1650,1644,-6,1901,1846,-15
2025,1,14,2,JFK,EGE,730,725,-5,1027,1008,-19
2025,1,14,2,JFK,FLL,600,553,-7,904,850,-14
2025,1,14,2,JFK,FLL,700,653,-7,1018,955,-23
2025,1,14,2,JFK,FLL,800,752,-8,1112,1122,10
2025,1,14,2,JFK,FLL,900,857,-3,1208,1158,-10
2025,1,14,2,JFK,FLL,1115,1113,-2,1428,1417,-11
2025,1,14,2,JFK,FLL,1315,1316,1,1625,1623,-2
2025,1,14,2,JFK,FLL,1529,1532,3,1846,1849,3
2025,1,14,2,JFK,FLL,1555,1550,-5,1907,1907,0
2025,1,14,2,JFK,FLL,1720,1716,-4,2036,2025,-11
2025,1,14,2,JFK,FLL,1930,1925,-5,2242,2250,8
2025,1,14,2,JFK,HNL,1000,1005,5,1615,1538,-37
2025,1,14,2,JFK,IND,1416,1410,-6,1639,1704,25
2025,1,14,2,JFK,IND,1440,1433,-7,1704,1713,9
2025,1,14,2,JFK,IND,1559,1551,-8,1825,1823,-2
2025,1,14,2,JFK,IND,1829,1826,-3,2056,2119,23
2025,1,14,2,JFK,JAX,740,738,-2,1025,1044,19
2025,1,14,2,JFK,JAX,815,807,-8,1057,1101,4
2025,1,14,2,JFK,JAX,1330,1322,-8,1611,1608,-3
2025,1,14,2,JFK,JAX,1830,1825,-5,2111,2113,2
2025,1,14,2,JFK,JAX,1929,1926,-3,2220,2219,-1
2025,1,14,2,JFK,LAS,735,727,-8,1029,1011,-18
2025,1,14,2,JFK,LAS,735,731,-4,1042,1019,-23
2025,1,14,2,JFK,LAS,759,745,-14,1100,1038,-22
2025,1,14,2,JFK,LAS,959,950,-9,1249,1237,-12
2025,1,14,2,JFK,LAS,1130,1156,26,1434,1435,1
2025,1,14,2,JFK,LAS,1615,1613,-2,1923,1841,-42
2025,1,14,2,JFK,LAS,1735,1734,-1,2025,2001,-24
2025,1,14,2,JFK,LAS,1859,1853,-6,2208,2131,-37
2025,1,14,2,JFK,LAS,2059,2203,64,4,16,12
2025,1,14,2,JFK,LAS,2115,2107,-8,28,2339,-49
2025,1,14,2,JFK,LAX,600,555,-5,929,903,-26
2025,1,14,2,JFK,LAX,659,707,8,1028,1016,-12
2025,1,14,2,JFK,LAX,700,649,-11,1021,1004,-17
2025,1,14,2,JFK,LAX,710,704,-6,1040,1039,-1
2025,1,14,2,JFK,LAX,800,753,-7,1129,1042,-47
2025,1,14,2,JFK,LAX,820,814,-6,1142,1121,-21
2025,1,14,2,JFK,LAX,850,844,-6,1226,1144,-42
2025,1,14,2,JFK,LAX,929,914,-15,1249,1159,-50
2025,1,14,2,JFK,LAX,955,951,-4,1326,1246,-40
2025,1,14,2,JFK,LAX,1100,1058,-2,1430,1347,-43
2025,1,14,2,JFK,LAX,1110,1101,-9,1435,1403,-32
2025,1,14,2,JFK,LAX,1129,1116,-13,1446,1408,-38
2025,1,14,2,JFK,LAX,1305,1810,305,1633,2121,288
2025,1,14,2,JFK,LAX,1400,1400,0,1719,1652,-27
2025,1,14,2,JFK,LAX,1534,1527,-7,1903,1816,-47
2025,1,14,2,JFK,LAX,1550,1548,-2,1924,1851,-33
2025,1,14,2,JFK,LAX,1630,1625,-5,1957,1924,-33
2025,1,14,2,JFK,LAX,1635,1621,-14,1957,1911,-46
2025,1,14,2,JFK,LAX,1705,1654,-11,2037,2003,-34
2025,1,14,2,JFK,LAX,1729,1725,-4,2056,2022,-34
2025,1,14,2,JFK,LAX,1830,1820,-10,2149,2106,-43
2025,1,14,2,JFK,LAX,1945,1937,-8,2328,2243,-45
2025,1,14,2,JFK,LAX,1959,1953,-6,2332,2238,-54
2025,1,14,2,JFK,LAX,2100,2053,-7,33,2342,-51
2025,1,14,2,JFK,LAX,2130,2120,-10,55,12,-43
2025,1,14,2,JFK,MCI,1120,1154,34,1353,1424,31
2025,1,14,2,JFK,MCO,646,643,-3,946,948,2
2025,1,14,2,JFK,MCO,730,720,-10,1035,1029,-6
2025,1,14,2,JFK,MCO,910,906,-4,1214,1208,-6
2025,1,14,2,JFK,MCO,1100,1049,-11,1400,1351,-9
2025,1,14,2,JFK,MCO,1130,1125,-5,1430,1422,-8
2025,1,14,2,JFK,MCO,1330,1325,-5,1635,1628,-7
2025,1,14,2,JFK,MCO,1359,1353,-6,1659,1655,-4
2025,1,14,2,JFK,MCO,1500,1453,-7,1802,1802,0
2025,1,14,2,JFK,MCO,1546,1540,-6,1854,1832,-22
2025,1,14,2,JFK,MCO,1550,1544,-6,1852,1900,8
2025,1,14,2,JFK,MCO,1830,1831,1,2133,2205,32
2025,1,14,2,JFK,MIA,525,524,-1,839,855,16
2025,1,14,2,JFK,MIA,630,624,-6,948,938,-10
2025,1,14,2,JFK,MIA,700,649,-11,1022,954,-28
2025,1,14,2,JFK,MIA,738,731,-7,1100,1105,5
2025,1,14,2,JFK,MIA,901,858,-3,1236,1220,-16
2025,1,14,2,JFK,MIA,950,946,-4,1303,1303,0
2025,1,14,2,JFK,MIA,1110,1103,-7,1435,1408,-27
2025,1,14,2,JFK,MIA,1310,1304,-6,1633,1626,-7
2025,1,14,2,JFK,MIA,1330,1339,9,1650,1712,22
2025,1,14,2,JFK,MIA,1500,1551,51,1815,1907,52
2025,1,14,2,JFK,MIA,1734,1731,-3,2056,2103,7
2025,1,14,2,JFK,MIA,1745,1737,-8,2111,2051,-20
2025,1,14,2,JFK,MIA,1821,1823,2,2145,2150,5
2025,1,14,2,JFK,MIA,2030,2023,-7,2348,2329,-19
2025,1,14,2,JFK,MKE,1750,2027,157,1939,2150,131
2025,1,14,2,JFK,MSP,1130,1127,-3,1350,1335,-15
2025,1,14,2,JFK,MSY,810,806,-4,1057,1038,-19
2025,1,14,2,JFK,MSY,1622,1614,-8,1903,1900,-3
2025,1,14,2,JFK,ORD,800,806,6,955,1001,6
2025,1,14,2,JFK,ORD,900,857,-3,1047,1032,-15
2025,1,14,2,JFK,ORD,1550,1546,-4,1738,1720,-18
2025,1,14,2,JFK,ORD,1555,1553,-2,1750,1738,-12
2025,1,14,2,JFK,ORD,1929,1928,-1,2128,2109,-19
2025,1,14,2,JFK,ORF,1110,1059,-11,1236,1222,-14
2025,1,14,2,JFK,ORF,2155,2141,-14,2325,2305,-20
2025,1,14,2,JFK,ORH,1259,1247,-12,1402,1358,-4
2025,1,14,2,JFK,PBI,815,807,-8,1130,1140,10
2025,1,14,2,JFK,PBI,1030,1029,-1,1335,1335,0
2025,1,14,2,JFK,PBI,1329,1350,21,1638,1659,21
2025,1,14,2,JFK,PBI,1509,1507,-2,1815,1806,-9
2025,1,14,2,JFK,PBI,1554,1607,13,1904,1907,3
2025,1,14,2,JFK,PBI,2000,2036,36,2306,2346,40
2025,1,14,2,JFK,PDX,1729,1741,12,2107,2032,-35
2025,1,14,2,JFK,PDX,1959,2021,22,2329,2310,-19
2025,1,14,2,JFK,PHX,625,620,-5,1015,958,-17
2025,1,14,2,JFK,PHX,730,718,-12,1115,1058,-17
2025,1,14,2,JFK,PHX,735,734,-1,1135,1147,12
2025,1,14,2,JFK,PHX,930,921,-9,1325,1251,-34
2025,1,14,2,JFK,PHX,1259,1258,-1,1649,1637,-12
2025,1,14,2,JFK,PHX,1700,1653,-7,2050,2032,-18
2025,1,14,2,JFK,PHX,1830,1822,-8,2213,2211,-2
2025,1,14,2,JFK,PHX,1950,1952,2,2359,2318,-41
2025,1,14,2,JFK,PIT,1400,1349,-11,1542,1528,-14
2025,1,14,2,JFK,PIT,1516,1512,-4,1708,1701,-7
2025,1,14,2,JFK,PIT,1715,1708,-7,1855,1833,-22
2025,1,14,2,JFK,PIT,2029,2028,-1,2220,2215,-5
2025,1,14,2,JFK,PSP,930,920,-10,1237,1154,-43
2025,1,14,2,JFK,RDU,829,817,-12,1024,1007,-17
2025,1,14,2,JFK,RDU,1030,1021,-9,1216,1230,14
2025,1,14,2,JFK,RDU,1420,1410,-10,1609,1555,-14
2025,1,14,2,JFK,RDU,1510,1502,-8,1701,1659,-2
2025,1,14,2,JFK,RDU,2030,2027,-3,2225,2227,2
2025,1,14,2,JFK,RDU,2130,2124,-6,2324,2333,9
2025,1,14,2,JFK,ROC,1050,1047,-3,1217,1203,-14
2025,1,14,2,JFK,ROC,1430,1425,-5,1558,1555,-3
2025,1,14,2,JFK,ROC,2155,2152,-3,2326,2307,-19
2025,1,14,2,JFK,ROC,2220,2237,17,2356,25,29
2025,1,14,2,JFK,RSW,600,551,-9,920,920,0
2025,1,14,2,JFK,RSW,735,729,-6,1056,1057,1
2025,1,14,2,JFK,RSW,1543,1541,-2,1904,1857,-7
2025,1,14,2,JFK,RSW,1750,1748,-2,2110,2057,-13
2025,1,14,2,JFK,SAN,700,653,-7,1011,951,-20
2025,1,14,2,JFK,SAN,850,848,-2,1225,1153,-32
2025,1,14,2,JFK,SAN,1630,1621,-9,1945,1926,-19
2025,1,14,2,JFK,SAN,1630,1624,-6,1951,1928,-23
2025,1,14,2,JFK,SAN,1655,1652,-3,2025,1954,-31
2025,1,14,2,JFK,SAT,800,758,-2,1135,1130,-5
2025,1,14,2,JFK,SAV,1345,1338,-7,1619,1615,-4
2025,1,14,2,JFK,SAV,1859,1850,-9,2141,2141,0
2025,1,14,2,JFK,SEA,710,706,-4,1038,1036,-2
2025,1,14,2,JFK,SEA,1130,1126,-4,1458,1405,-53
2025,1,14,2,JFK,SEA,1600,1555,-5,1927,1846,-41
2025,1,14,2,JFK,SEA,1634,1635,1,1955,1916,-39
2025,1,14,2,JFK,SEA,1900,1902,2,2225,2206,-19
2025,1,14,2,JFK,SFO,600,558,-2,950,854,-56
2025,1,14,2,JFK,SFO,700,655,-5,1052,1022,-30
2025,1,14,2,JFK,SFO,800,753,-7,1135,1051,-44
2025,1,14,2,JFK,SFO,825,821,-4,1233,1141,-52
2025,1,14,2,JFK,SFO,855,845,-10,1252,1224,-28
2025,1,14,2,JFK,SFO,1030,1023,-7,1410,1407,-3
2025,1,14,2,JFK,SFO,1110,1102,-8,1455,1352,-63
2025,1,14,2,JFK,SFO,1300,1253,-7,1645,1556,-49
2025,1,14,2,JFK,SFO,1455,1446,-9,1841,1750,-51
2025,1,14,2,JFK,SFO,1600,1553,-7,1946,1856,-50
2025,1,14,2,JFK,SFO,1659,1654,-5,2038,1948,-50
2025,1,14,2,JFK,SFO,1700,1654,-6,2050,1942,-68
2025,1,14,2,JFK,SFO,1705,1703,-2,2054,1956,-58
2025,1,14,2,JFK,SFO,1809,1804,-5,2149,2121,-28
2025,1,14,2,JFK,SFO,2030,2026,-4,22,2327,-55
2025,1,14,2,JFK,SFO,2030,2027,-3,14,2343,-31
2025,1,14,2,JFK,SJU,600,553,-7,1057,1114,17
2025,1,14,2,JFK,SJU,800,757,-3,1252,1236,-16
2025,1,14,2,JFK,SJU,800,759,-1,1301,1300,-1
2025,1,14,2,JFK,SJU,1200,1157,-3,1655,1648,-7
2025,1,14,2,JFK,SJU,1200,1200,0,1649,1635,-14
2025,1,14,2,JFK,SJU,1313,1421,68,1810,1855,45
2025,1,14,2,JFK,SJU,1600,1605,5,2046,2049,3
2025,1,14,2,JFK,SJU,2045,2037,-8,142,111,-31
2025,1,14,2,JFK,SJU,2259,2259,0,350,350,0
2025,1,14,2,JFK,SLC,650,647,-3,1027,959,-28
2025,1,14,2,JFK,SLC,1059,1059,0,1431,1350,-41
2025,1,14,2,JFK,SLC,1300,1304,4,1633,1612,-21
2025,1,14,2,JFK,SLC,1830,1830,0,2155,2145,-10
2025,1,14,2,JFK,SLC,1838,1835,-3,2215,2139,-36
2025,1,14,2,JFK,SNA,900,851,-9,1225,1202,-23
2025,1,14,2,JFK,SRQ,630,629,-1,939,954,15
2025,1,14,2,JFK,STT,840,834,-6,1340,1311,-29
2025,1,14,2,JFK,STT,859,851,-8,1359,1321,-38
2025,1,14,2,JFK,SYR,1815,1811,-4,1936,1923,-13
2025,1,14,2,JFK,SYR,2230,2227,-3,2355,2359,4
2025,1,14,2,JFK,TPA,730,722,-8,1032,1042,10
2025,1,14,2,JFK,TPA,1102,1050,-12,1408,1358,-10
2025,1,14,2,JFK,TPA,1128,1133,5,1436,1453,17
2025,1,14,2,JFK,TPA,1540,1537,-3,1850,1845,-5
2025,1,14,2,JFK,TPA,1745,1744,-1,2054,2058,4
2025,1,14,2,JFK,TPA,1959,1957,-2,2314,2314,0
2025,1,15,3,JFK,ATL,600,556,-4,834,824,-10
2025,1,15,3,JFK,ATL,659,657,-2,938,929,-9
2025,1,15,3,JFK,ATL,835,828,-7,1115,1051,-24
2025,1,15,3,JFK,ATL,1100,1049,-11,1341,1352,11
2025,1,15,3,JFK,ATL,1224,1234,10,1500,1455,-5
2025,1,15,3,JFK,ATL,1440,1447,7,1718,1730,12
2025,1,15,3,JFK,ATL,1630,1627,-3,1905,1851,-14
2025,1,15,3,JFK,ATL,1820,1830,10,2107,2107,0
2025,1,15,3,JFK,ATL,2010,2006,-4,2259,2227,-32
2025,1,15,3,JFK,ATL,2130,2133,3,11,2349,-22
2025,1,15,3,JFK,AUS,700,655,-5,1034,1015,-19
2025,1,15,3,JFK,AUS,1059,1052,-7,1426,1423,-3
2025,1,15,3,JFK,AUS,1259,1331,32,1646,1642,-4
2025,1,15,3,JFK,AUS,1800,1757,-3,2131,2113,-18
2025,1,15,3,JFK,AUS,1850,1846,-4,2220,2158,-22
2025,1,15,3,JFK,BNA,900,850,-10,1049,1035,-14
2025,1,15,3,JFK,BNA,1230,1222,-8,1413,1404,-9
2025,1,15,3,JFK,BNA,1459,1450,-9,1644,1634,-10
2025,1,15,3,JFK,BNA,1529,1522,-7,1715,1705,-10
2025,1,15,3,JFK,BOS,600,553,-7,730,749,19
2025,1,15,3,JFK,BOS,730,720,-10,847,831,-16
2025,1,15,3,JFK,BOS,910,905,-5,1032,1018,-14
2025,1,15,3,JFK,BOS,930,924,-6,1046,1024,-22
2025,1,15,3,JFK,BOS,950,946,-4,1110,1050,-20
2025,1,15,3,JFK,BOS,1330,1320,-10,1445,1415,-30
2025,1,15,3,JFK,BOS,1430,1424,-6,1554,1535,-19
2025,1,15,3,JFK,BOS,1555,1752,117,1712,1918,126
2025,1,15,3,JFK,BOS,1735,1725,-10,1900,1839,-21
2025,1,15,3,JFK,BOS,1744,1739,-5,1906,1843,-23
2025,1,15,3,JFK,BOS,2030,2031,1,2154,2139,-15
2025,1,15,3,JFK,BOS,2059,2111,12,2222,2220,-2
2025,1,15,3,JFK,BOS,2159,2153,-6,2309,2256,-13
2025,1,15,3,JFK,BOS,2259,2255,-4,18,2355,-23
2025,1,15,3,JFK,BQN,1530,1534,4,2022,2011,-11
2025,1,15,3,JFK,BQN,2150,2203,13,242,325,43
2025,1,15,3,JFK,BUF,630,622,-8,800,759,-1
2025,1,15,3,JFK,BUF,1550,1542,-8,1722,1711,-11
2025,1,15,3,JFK,BUF,1725,2010,165,1857,2136,159
2025,1,15,3,JFK,CHS,959,951,-8,1219,1205,-14
2025,1,15,3,JFK,CHS,1255,1250,-5,1513,1509,-4
2025,1,15,3,JFK,CLE,759,750,-9,959,955,-4
2025,1,15,3,JFK,CLE,1220,1208,-12,1415,1356,-19
2025,1,15,3,JFK,CLT,630,630,0,841,827,-14
2025,1,15,3,JFK,CLT,800,755,-5,1015,1004,-11
2025,1,15,3,JFK,CLT,1200,1204,4,1408,1410,2
2025,1,15,3,JFK,CLT,1225,1217,-8,1432,1422,-10
2025,1,15,3,JFK,CLT,1454,1452,-2,1705,1649,-16
2025,1,15,3,JFK,CLT,1930,1924,-6,2143,2131,-12
2025,1,15,3,JFK,CMH,935,942,7,1134,1126,-8
2025,1,15,3,JFK,CMH,1144,1135,-9,1341,1324,-17
2025,1,15,3,JFK,CMH,1526,1515,-11,1729,1701,-28
2025,1,15,3,JFK,CMH,1630,1619,-11,1828,1806,-22
2025,1,15,3,JFK,CMH,2029,2027,-2,2233,2209,-24
2025,1,15,3,JFK,CVG,850,836,-14,1117,1048,-29
2025,1,15,3,JFK,CVG,1315,1309,-6,1533,1520,-13
2025,1,15,3,JFK,DCA,800,749,-11,932,928,-4
2025,1,15,3,JFK,DCA,855,845,-10,1020,959,-21
2025,1,15,3,JFK,DCA,1459,1449,-10,1627,1617,-10
2025,1,15,3,JFK,DCA,1628,1625,-3,1800,1736,-24
2025,1,15,3,JFK,DCA,1744,1740,-4,1914,1900,-14
2025,1,15,3,JFK,DCA,2029,2022,-7,2200,2136,-24
2025,1,15,3,JFK,DCA,2059,2052,-7,2241,2239,-2
2025,1,15,3,JFK,DEN,830,822,-8,1131,1055,-36
2025,1,15,3,JFK,DEN,1655,1656,1,1946,1907,-39
2025,1,15,3,JFK,DEN,1900,1901,1,2138,2122,-16
2025,1,15,3,JFK,DFW,800,756,-4,1120,1111,-9
2025,1,15,3,JFK,DFW,843,840,-3,1205,1154,-11
2025,1,15,3,JFK,DFW,1430,1427,-3,1746,1745,-1
2025,1,15,3,JFK,DFW,1559,1555,-4,1915,1912,-3
2025,1,15,3,JFK,DFW,1750,1748,-2,2106,2047,-19
2025,1,15,3,JFK,DTW,1650,1647,-3,1901,1842,-19
2025,1,15,3,JFK,EGE,730,725,-5,1027,937,-50
2025,1,15,3,JFK,FLL,600,601,1,904,914,10
2025,1,15,3,JFK,FLL,700,658,-2,1018,1003,-15
2025,1,15,3,JFK,FLL,800,755,-5,1112,1102,-10
2025,1,15,3,JFK,FLL,900,907,7,1208,1217,9
2025,1,15,3,JFK,FLL,1115,1138,23,1428,1438,10
2025,1,15,3,JFK,FLL,1315,1311,-4,1625,1621,-4
2025,1,15,3,JFK,FLL,1529,1543,14,1846,1843,-3
2025,1,15,3,JFK,FLL,1555,1550,-5,1907,1850,-17
2025,1,15,3,JFK,FLL,1720,1717,-3,2036,2023,-13
2025,1,15,3,JFK,FLL,1930,1930,0,2242,2244,2
2025,1,15,3,JFK,HNL,1000,958,-2,1615,1519,-56
2025,1,15,3,JFK,IND,1416,1406,-10,1639,1622,-17
2025,1,15,3,JFK,IND,1440,1437,-3,1704,1655,-9
2025,1,15,3,JFK,IND,1559,1553,-6,1825,1758,-27
2025,1,15,3,JFK,IND,1829,1821,-8,2056,2030,-26
2025,1,15,3,JFK,JAX,740,744,4,1025,1019,-6
2025,1,15,3,JFK,JAX,815,827,12,1057,1102,5
2025,1,15,3,JFK,JAX,1330,1325,-5,1611,1610,-1
2025,1,15,3,JFK,JAX,1830,1825,-5,2111,2102,-9
2025,1,15,3,JFK,JAX,1929,1924,-5,2220,2211,-9
2025,1,15,3,JFK,LAS,735,733,-2,1029,949,-40
2025,1,15,3,JFK,LAS,735,734,-1,1042,943,-59
2025,1,15,3,JFK,LAS,759,832,33,1100,1036,-24
2025,1,15,3,JFK,LAS,959,954,-5,1249,1206,-43
2025,1,15,3,JFK,LAS,1130,1129,-1,1434,1402,-32
2025,1,15,3,JFK,LAS,1615,1610,-5,1923,1819,-64
2025,1,15,3,JFK,LAS,1735,1741,6,2025,2011,-14
2025,1,15,3,JFK,LAS,1859,1855,-4,2208,2117,-51
2025,1,15,3,JFK,LAS,2059,2055,-4,4,2339,-25
2025,1,15,3,JFK,LAS,2115,2102,-13,28,2339,-49
2025,1,15,3,JFK,LAX,600,555,-5,929,830,-59
2025,1,15,3,JFK,LAX,659,653,-6,1028,930,-58
2025,1,15,3,JFK,LAX,700,651,-9,1021,925,-56
2025,1,15,3,JFK,LAX,710,706,-4,1040,948,-52
2025,1,15,3,JFK,LAX,800,756,-4,1129,1037,-52
2025,1,15,3,JFK,LAX,820,808,-12,1142,1048,-54
2025,1,15,3,JFK,LAX,850,845,-5,1226,1129,-57
2025,1,15,3,JFK,LAX,930,920,-10,1250,1152,-58
2025,1,15,3,JFK,LAX,955,952,-3,1326,1223,-63
2025,1,15,3,JFK,LAX,1100,1053,-7,1430,1336,-54
2025,1,15,3,JFK,LAX,1110,1107,-3,1435,1338,-57
2025,1,15,3,JFK,LAX,1129,1122,-7,1446,1359,-47
2025,1,15,3,JFK,LAX,1305,1303,-2,1633,1542,-51
2025,1,15,3,JFK,LAX,1400,1356,-4,1719,1633,-46
2025,1,15,3,JFK,LAX,1550,1544,-6,1924,1819,-65
2025,1,15,3,JFK,LAX,1630,1624,-6,1957,1852,-65
2025,1,15,3,JFK,LAX,1635,1626,-9,1957,1901,-56
2025,1,15,3,JFK,LAX,1705,1701,-4,2037,1923,-74
2025,1,15,3,JFK,LAX,1729,1724,-5,2056,2009,-47
2025,1,15,3,JFK,LAX,1830,1825,-5,2149,2123,-26
2025,1,15,3,JFK,LAX,1929,1931,2,2310,2306,-4
2025,1,15,3,JFK,LAX,1959,2201,122,2332,53,81
2025,1,15,3,JFK,LAX,2100,2059,-1,33,2346,-47
2025,1,15,3,JFK,LAX,2130,2122,-8,55,18,-37
2025,1,15,3,JFK,MCI,1120,1114,-6,1353,1344,-9
2025,1,15,3,JFK,MCO,645,644,-1,945,947,2
2025,1,15,3,JFK,MCO,730,724,-6,1035,1021,-14
2025,1,15,3,JFK,MCO,910,908,-2,1214,1203,-11
2025,1,15,3,JFK,MCO,1100,1052,-8,1400,1409,9
2025,1,15,3,JFK,MCO,1130,1124,-6,1430,1412,-18
2025,1,15,3,JFK,MCO,1330,1324,-6,1635,1614,-21
2025,1,15,3,JFK,MCO,1359,1351,-8,1659,1658,-1
2025,1,15,3,JFK,MCO,1500,1454,-6,1802,1752,-10
2025,1,15,3,JFK,MCO,1546,1544,-2,1854,1841,-13
2025,1,15,3,JFK,MCO,1550,1548,-2,1852,1847,-5
2025,1,15,3,JFK,MCO,1730,1735,5,2035,2033,-2
2025,1,15,3,JFK,MIA,525,522,-3,839,848,9
2025,1,15,3,JFK,MIA,630,628,-2,948,952,4
2025,1,15,3,JFK,MIA,700,659,-1,1022,1006,-16
2025,1,15,3,JFK,MIA,738,734,-4,1100,1050,-10
2025,1,15,3,JFK,MIA,901,906,5,1236,1222,-14
2025,1,15,3,JFK,MIA,950,1001,11,1303,1306,3
2025,1,15,3,JFK,MIA,1110,1107,-3,1435,1413,-22
2025,1,15,3,JFK,MIA,1310,1311,1,1633,1619,-14
2025,1,15,3,JFK,MIA,1330,1329,-1,1650,1640,-10
2025,1,15,3,JFK,MIA,1500,1506,6,1815,1819,4
2025,1,15,3,JFK,MIA,1734,1737,3,2056,2052,-4
2025,1,15,3,JFK,MIA,1745,1751,6,2111,2106,-5
2025,1,15,3,JFK,MIA,1821,1819,-2,2145,2138,-7
2025,1,15,3,JFK,MIA,2030,2028,-2,2348,2347,-1
2025,1,15,3,JFK,MKE,1750,1746,-4,1939,1939,0
2025,1,15,3,JFK,MSP,1130,1122,-8,1350,1331,-19
2025,1,15,3,JFK,MSY,810,803,-7,1057,1045,-12
2025,1,15,3,JFK,MSY,1622,1629,7,1903,1900,-3
2025,1,15,3,JFK,ORD,800,754,-6,955,938,-17
2025,1,15,3,JFK,ORD,900,854,-6,1047,1025,-22
2025,1,15,3,JFK,ORD,1550,1543,-7,1738,1714,-24
2025,1,15,3,JFK,ORD,1555,1552,-3,1750,1724,-26
2025,1,15,3,JFK,ORD,1929,1929,0,2128,2116,-12
2025,1,15,3,JFK,ORF,1110,1059,-11,1236,1214,-22
2025,1,15,3,JFK,ORF,2155,2145,-10,2325,2303,-22
2025,1,15,3,JFK,ORH,1259,1259,0,1402,1402,0
2025,1,15,3,JFK,PBI,815,811,-4,1130,1126,-4
2025,1,15,3,JFK,PBI,1030,1045,15,1335,1357,22
2025,1,15,3,JFK,PBI,1329,1323,-6,1638,1618,-20
2025,1,15,3,JFK,PBI,1509,1511,2,1815,1816,1
2025,1,15,3,JFK,PBI,1554,1548,-6,1904,1853,-11
2025,1,15,3,JFK,PBI,2000,1951,-9,2306,2247,-19
2025,1,15,3,JFK,PDX,1729,1730,1,2107,2036,-31
2025,1,15,3,JFK,PDX,1959,1957,-2,2329,2314,-15
2025,1,15,3,JFK,PHX,625,638,13,1015,1007,-8
2025,1,15,3,JFK,PHX,730,720,-10,1115,1033,-42
2025,1,15,3,JFK,PHX,735,732,-3,1135,1101,-34
2025,1,15,3,JFK,PHX,930,926,-4,1325,1216,-69
2025,1,15,3,JFK,PHX,1259,1300,1,1649,1556,-53
2025,1,15,3,JFK,PHX,1700,1658,-2,2050,2004,-46
2025,1,15,3,JFK,PHX,1830,1826,-4,2213,2137,-36
2025,1,15,3,JFK,PHX,1950,2000,10,2359,2313,-46
2025,1,15,3,JFK,PIT,1400,1348,-12,1542,1522,-20
2025,1,15,3,JFK,PIT,1516,1504,-12,1708,1644,-24
2025,1,15,3,JFK,PIT,1715,1706,-9,1855,1827,-28
2025,1,15,3,JFK,PIT,2029,2020,-9,2220,2139,-41
2025,1,15,3,JFK,RDU,829,822,-7,1024,1019,-5
2025,1,15,3,JFK,RDU,1030,1022,-8,1216,1208,-8
2025,1,15,3,JFK,RDU,1420,1410,-10,1609,1611,2
2025,1,15,3,JFK,RDU,1510,1505,-5,1701,1658,-3
2025,1,15,3,JFK,RDU,2030,2019,-11,2225,2159,-26
2025,1,15,3,JFK,RDU,2130,2125,-5,2324,2303,-21
2025,1,15,3,JFK,ROC,1050,1040,-10,1217,1159,-18
2025,1,15,3,JFK,ROC,1430,1427,-3,1558,1558,0
2025,1,15,3,JFK,ROC,2155,2151,-4,2326,2300,-26
2025,1,15,3,JFK,ROC,2220,2226,6,2356,2344,-12
2025,1,15,3,JFK,RSW,600,549,-11,920,913,-7
2025,1,15,3,JFK,RSW,735,726,-9,1056,1043,-13
2025,1,15,3,JFK,RSW,1543,1536,-7,1904,1844,-20
2025,1,15,3,JFK,RSW,1830,1829,-1,2149,2149,0
2025,1,15,3,JFK,SAN,700,652,-8,1011,923,-48
2025,1,15,3,JFK,SAN,850,853,3,1225,1123,-62
2025,1,15,3,JFK,SAN,1630,1624,-6,1945,1854,-51
2025,1,15,3,JFK,SAN,1630,1629,-1,1951,1954,3
2025,1,15,3,JFK,SAN,1655,1700,5,2025,1924,-61
2025,1,15,3,JFK,SAT,800,757,-3,1135,1150,15
2025,1,15,3,JFK,SAV,1345,1343,-2,1619,1613,-6
2025,1,15,3,JFK,SAV,1859,1918,19,2141,2153,12
2025,1,15,3,JFK,SEA,710,710,0,1038,1031,-7
2025,1,15,3,JFK,SEA,1130,1126,-4,1458,1431,-27
2025,1,15,3,JFK,SEA,1600,1600,0,1927,1910,-17
2025,1,15,3,JFK,SEA,1634,1633,-1,1955,1934,-21
2025,1,15,3,JFK,SEA,1900,1909,9,2225,2217,-8
2025,1,15,3,JFK,SFO,600,604,4,950,908,-42
2025,1,15,3,JFK,SFO,700,657,-3,1052,1001,-51
2025,1,15,3,JFK,SFO,800,749,-11,1135,1043,-52
2025,1,15,3,JFK,SFO,825,821,-4,1233,1121,-72
2025,1,15,3,JFK,SFO,855,849,-6,1252,1205,-47
2025,1,15,3,JFK,SFO,1030,1028,-2,1410,1314,-56
2025,1,15,3,JFK,SFO,1110,1109,-1,1455,1400,-55
2025,1,15,3,JFK,SFO,1300,1254,-6,1645,1545,-60
2025,1,15,3,JFK,SFO,1455,1450,-5,1841,1735,-66
2025,1,15,3,JFK,SFO,1534,1531,-3,1926,1833,-53
2025,1,15,3,JFK,SFO,1600,1554,-6,1946,1853,-53
2025,1,15,3,JFK,SFO,1659,1656,-3,2038,1947,-51
2025,1,15,3,JFK,SFO,1700,1658,-2,2050,1950,-60
2025,1,15,3,JFK,SFO,1705,1657,-8,2054,1958,-56
2025,1,15,3,JFK,SFO,1809,1801,-8,2149,2109,-40
2025,1,15,3,JFK,SFO,1925,1927,2,2317,2307,-10
2025,1,15,3,JFK,SFO,2030,2019,-11,14,2323,-51
2025,1,15,3,JFK,SFO,2030,2023,-7,22,2337,-45
2025,1,15,3,JFK,SJU,600,618,18,1057,1050,-7
2025,1,15,3,JFK,SJU,800,754,-6,1252,1234,-18
2025,1,15,3,JFK,SJU,800,810,10,1301,1250,-11
2025,1,15,3,JFK,SJU,1155,1202,7,1644,1638,-6
2025,1,15,3,JFK,SJU,1200,1153,-7,1655,1634,-21
2025,1,15,3,JFK,SJU,1313,1314,1,1810,1843,33
2025,1,15,3,JFK,SJU,1600,1613,13,2046,2057,11
2025,1,15,3,JFK,SJU,1859,1857,-2,2359,12,13
2025,1,15,3,JFK,SJU,2045,2053,8,142,149,7
2025,1,15,3,JFK,SJU,2259,2318,19,350,510,80
2025,1,15,3,JFK,SLC,650,704,14,1027,1019,-8
2025,1,15,3,JFK,SLC,1059,1111,12,1431,1358,-33
2025,1,15,3,JFK,SLC,1300,1256,-4,1633,1554,-39
2025,1,15,3,JFK,SLC,1830,1833,3,2155,2150,-5
2025,1,15,3,JFK,SLC,1838,1836,-2,2215,2202,-13
2025,1,15,3,JFK,SNA,900,855,-5,1225,1150,-35
2025,1,15,3,JFK,SRQ,630,623,-7,939,933,-6
2025,1,15,3,JFK,STT,840,839,-1,1340,1317,-23
2025,1,15,3,JFK,STT,859,849,-10,1359,1327,-32
2025,1,15,3,JFK,SYR,1815,1847,32,1936,2018,42
2025,1,15,3,JFK,SYR,2225,2217,-8,2350,2328,-22
2025,1,15,3,JFK,TPA,730,721,-9,1032,1019,-13
2025,1,15,3,JFK,TPA,1102,1051,-11,1408,1356,-12
2025,1,15,3,JFK,TPA,1128,1126,-2,1436,1434,-2
2025,1,15,3,JFK,TPA,1540,1536,-4,1850,1831,-19
2025,1,15,3,JFK,TPA,1745,1742,-3,2054,2059,5
2025,1,15,3,JFK,TPA,1959,1954,-5,2314,2254,-20
2025,1,16,4,JFK,ATL,600,559,-1,834,817,-17
2025,1,16,4,JFK,ATL,659,657,-2,938,937,-1
2025,1,16,4,JFK,ATL,835,833,-2,1115,1124,9
2025,1,16,4,JFK,ATL,1100,1119,19,1341,1338,-3
2025,1,16,4,JFK,ATL,1224,1220,-4,1500,1433,-27
2025,1,16,4,JFK,ATL,1440,1435,-5,1718,1656,-22
2025,1,16,4,JFK,ATL,1630,1626,-4,1905,1858,-7
2025,1,16,4,JFK,ATL,1820,1844,24,2107,2051,-16
2025,1,16,4,JFK,ATL,2010,2005,-5,2259,2346,47
2025,1,16,4,JFK,ATL,2130,2236,66,11,43,32
2025,1,16,4,JFK,AUS,700,659,-1,1034,1020,-14
2025,1,16,4,JFK,AUS,1059,1054,-5,1426,1402,-24
2025,1,16,4,JFK,AUS,1259,1256,-3,1646,1558,-48
2025,1,16,4,JFK,AUS,1800,1754,-6,2131,2039,-52
2025,1,16,4,JFK,AUS,1850,1849,-1,2220,2137,-43
2025,1,16,4,JFK,BNA,730,729,-1,920,857,-23
2025,1,16,4,JFK,BNA,900,850,-10,1049,1019,-30
2025,1,16,4,JFK,BNA,1230,1226,-4,1413,1352,-21
2025,1,16,4,JFK,BNA,1459,1457,-2,1644,1618,-26
2025,1,16,4,JFK,BNA,1529,1521,-8,1715,1705,-10
2025,1,16,4,JFK,BOS,600,559,-1,730,716,-14
2025,1,16,4,JFK,BOS,730,722,-8,847,823,-24
2025,1,16,4,JFK,BOS,910,903,-7,1032,1007,-25
2025,1,16,4,JFK,BOS,930,923,-7,1046,1022,-24
2025,1,16,4,JFK,BOS,950,1000,10,1110,1101,-9
2025,1,16,4,JFK,BOS,1330,1324,-6,1445,1430,-15
2025,1,16,4,JFK,BOS,1430,1423,-7,1554,1544,-10
2025,1,16,4,JFK,BOS,1555,1543,-12,1712,1653,-19
2025,1,16,4,JFK,BOS,1735,1728,-7,1900,1839,-21
2025,1,16,4,JFK,BOS,1744,1739,-5,1906,1849,-17
2025,1,16,4,JFK,BOS,2030,2021,-9,2154,2143,-11
2025,1,16,4,JFK,BOS,2100,2057,-3,2227,2310,43
2025,1,16,4,JFK,BOS,2159,2153,-6,2309,2317,8
2025,1,16,4,JFK,BOS,2259,2256,-3,18,2359,-19
2025,1,16,4,JFK,BQN,1559,1556,-3,2049,2059,10
2025,1,16,4,JFK,BQN,2150,2339,109,242,411,89
2025,1,16,4,JFK,BUF,630,620,-10,800,737,-23
2025,1,16,4,JFK,BUF,1550,1547,-3,1722,1753,31
2025,1,16,4,JFK,BUF,1725,1832,67,1857,1956,59
2025,1,16,4,JFK,CHS,959,951,-8,1219,1155,-24
2025,1,16,4,JFK,CHS,1255,1250,-5,1513,1455,-18
2025,1,16,4,JFK,CLE,759,750,-9,959,945,-14
2025,1,16,4,JFK,CLE,1220,1212,-8,1415,1400,-15
2025,1,16,4,JFK,CLT,630,624,-6,841,813,-28
2025,1,16,4,JFK,CLT,800,759,-1,1015,951,-24
2025,1,16,4,JFK,CLT,1200,1152,-8,1408,1339,-29
2025,1,16,4,JFK,CLT,1225,1220,-5,1432,1414,-18
2025,1,16,4,JFK,CLT,1454,1502,8,1705,1659,-6
2025,1,16,4,JFK,CLT,1930,1930,0,2143,2122,-21
2025,1,16,4,JFK,CMH,935,928,-7,1134,1113,-21
2025,1,16,4,JFK,CMH,1144,1132,-12,1341,1316,-25
2025,1,16,4,JFK,CMH,1526,1527,1,1729,1711,-18
2025,1,16,4,JFK,CMH,1630,1620,-10,1828,1808,-20
2025,1,16,4,JFK,CMH,2029,2023,-6,2233,2335,62
2025,1,16,4,JFK,CVG,850,843,-7,1117,1045,-32
2025,1,16,4,JFK,CVG,1315,1323,8,1533,1526,-7
2025,1,16,4,JFK,DCA,800,750,-10,932,919,-13
2025,1,16,4,JFK,DCA,855,850,-5,1020,1009,-11
2025,1,16,4,JFK,DCA,1459,1447,-12,1627,1558,-29
2025,1,16,4,JFK,DCA,1628,1621,-7,1800,1726,-34
2025,1,16,4,JFK,DCA,1744,1738,-6,1914,1846,-28
2025,1,16,4,JFK,DCA,2029,2024,-5,2200,2302,62
2025,1,16,4,JFK,DCA,2059,2055,-4,2241,2323,42
2025,1,16,4,JFK,DEN,830,828,-2,1131,1041,-50
2025,1,16,4,JFK,DEN,959,1017,18,1245,1237,-8
2025,1,16,4,JFK,DEN,1655,1706,11,1946,1933,-13
2025,1,16,4,JFK,DEN,1900,1932,32,2138,2154,16
2025,1,16,4,JFK,DFW,800,758,-2,1120,1046,-34
2025,1,16,4,JFK,DFW,843,840,-3,1205,1136,-29
2025,1,16,4,JFK,DFW,1430,1454,24,1746,1734,-12
2025,1,16,4,JFK,DFW,1559,1615,16,1915,1844,-31
2025,1,16,4,JFK,DFW,1750,1901,71,2106,2137,31
2025,1,16,4,JFK,DTW,1650,1644,-6,1901,1823,-38
2025,1,16,4,JFK,EGE,730,743,13,1027,1011,-16
2025,1,16,4,JFK,FLL,600,610,10,904,906,2
2025,1,16,4,JFK,FLL,700,657,-3,1018,951,-27
2025,1,16,4,JFK,FLL,800,758,-2,1112,1107,-5
2025,1,16,4,JFK,FLL,900,900,0,1208,1213,5
2025,1,16,4,JFK,FLL,1115,1114,-1,1428,1410,-18
2025,1,16,4,JFK,FLL,1315,1315,0,1625,1614,-11
2025,1,16,4,JFK,FLL,1530,1530,0,1849,1822,-27
2025,1,16,4,JFK,FLL,1555,1554,-1,1907,1858,-9
2025,1,16,4,JFK,FLL,1720,1722,2,2036,2020,-16
2025,1,16,4,JFK,FLL,1930,1936,6,2242,2246,4
2025,1,16,4,JFK,FLL,1955,1948,-7,2318,2249,-29
2025,1,16,4,JFK,HNL,1000,1007,7,1619,1546,-33
2025,1,16,4,JFK,HNL,1000,1008,8,1615,1602,-13
2025,1,16,4,JFK,IAH,800,1017,137,1112,1319,127
2025,1,16,4,JFK,IND,1416,1412,-4,1639,1621,-18
2025,1,16,4,JFK,IND,1440,1438,-2,1704,1647,-17
2025,1,16,4,JFK,IND,1559,1548,-11,1825,1807,-18
2025,1,16,4,JFK,IND,1829,1825,-4,2056,2033,-23
2025,1,16,4,JFK,JAX,740,733,-7,1025,959,-26
2025,1,16,4,JFK,JAX,815,815,0,1057,1046,-11
2025,1,16,4,JFK,JAX,1330,1324,-6,1611,1546,-25
2025,1,16,4,JFK,JAX,1830,2010,100,2111,2226,75
2025,1,16,4,JFK,JAX,1929,1932,3,2220,2154,-26
2025,1,16,4,JFK,LAS,735,728,-7,1042,1002,-40
2025,1,16,4,JFK,LAS,735,732,-3,1029,1010,-19
2025,1,16,4,JFK,LAS,759,802,3,1058,1030,-28
2025,1,16,4,JFK,LAS,959,949,-10,1249,1220,-29
2025,1,16,4,JFK,LAS,1130,1125,-5,1434,1345,-49
2025,1,16,4,JFK,LAS,1615,1616,1,1923,1843,-40
2025,1,16,4,JFK,LAS,1735,1732,-3,2025,1953,-32
2025,1,16,4,JFK,LAS,1859,1853,-6,2208,2117,-51
2025,1,16,4,JFK,LAS,2059,2111,12,4,2356,-8
2025,1,16,4,JFK,LAS,2115,2114,-1,28,2345,-43
2025,1,16,4,JFK,LAX,600,552,-8,929,846,-43
2025,1,16,4,JFK,LAX,659,653,-6,1028,942,-46
2025,1,16,4,JFK,LAX,700,652,-8,1021,939,-42
2025,1,16,4,JFK,LAX,710,708,-2,1040,1032,-8
2025,1,16,4,JFK,LAX,800,758,-2,1129,1046,-43
2025,1,16,4,JFK,LAX,820,815,-5,1142,1106,-36
2025,1,16,4,JFK,LAX,850,842,-8,1226,1148,-38
2025,1,16,4,JFK,LAX,930,926,-4,1250,1237,-13
2025,1,16,4,JFK,LAX,955,949,-6,1326,1246,-40
2025,1,16,4,JFK,LAX,1110,1223,73,1438,1505,27
2025,1,16,4,JFK,LAX,1129,1127,-2,1446,1420,-26
2025,1,16,4,JFK,LAX,1305,1301,-4,1633,1558,-35
2025,1,16,4,JFK,LAX,1400,1355,-5,1719,1647,-32
2025,1,16,4,JFK,LAX,1550,1549,-1,1924,1843,-41
2025,1,16,4,JFK,LAX,1630,1621,-9,1957,1939,-18
2025,1,16,4,JFK,LAX,1635,1639,4,1957,1925,-32
2025,1,16,4,JFK,LAX,1705,1703,-2,2037,1958,-39
2025,1,16,4,JFK,LAX,1729,1723,-6,2056,2014,-42
2025,1,16,4,JFK,LAX,1815,1810,-5,2154,2128,-26
2025,1,16,4,JFK,LAX,1945,1942,-3,2328,2310,-18
2025,1,16,4,JFK,LAX,1959,2004,5,2332,2300,-32
2025,1,16,4,JFK,LAX,2025,2024,-1,2355,2323,-32
2025,1,16,4,JFK,LAX,2100,2109,9,33,23,-10
2025,1,16,4,JFK,LAX,2130,2125,-5,55,125,30
2025,1,16,4,JFK,MCI,1120,1112,-8,1353,1333,-20
2025,1,16,4,JFK,MCO,645,641,-4,945,937,-8
2025,1,16,4,JFK,MCO,730,730,0,1035,1034,-1
2025,1,16,4,JFK,MCO,910,904,-6,1214,1200,-14
2025,1,16,4,JFK,MCO,1100,1059,-1,1400,1342,-18
2025,1,16,4,JFK,MCO,1130,1126,-4,1430,1409,-21
2025,1,16,4,JFK,MCO,1330,1334,4,1635,1619,-16
2025,1,16,4,JFK,MCO,1400,1430,30,1700,1724,24
2025,1,16,4,JFK,MCO,1500,1508,8,1806,1752,-14
2025,1,16,4,JFK,MCO,1543,1553,10,1848,1846,-2
2025,1,16,4,JFK,MCO,1550,1548,-2,1852,1846,-6
2025,1,16,4,JFK,MCO,1830,1829,-1,2133,2108,-25
2025,1,16,4,JFK,MCO,1929,1929,0,2236,2226,-10
2025,1,16,4,JFK,MIA,525,521,-4,839,822,-17
2025,1,16,4,JFK,MIA,630,625,-5,948,931,-17
2025,1,16,4,JFK,MIA,700,657,-3,1022,1004,-18
2025,1,16,4,JFK,MIA,738,751,13,1100,1100,0
2025,1,16,4,JFK,MIA,901,927,26,1236,1240,4
2025,1,16,4,JFK,MIA,950,950,0,1303,1246,-17
2025,1,16,4,JFK,MIA,1110,1115,5,1435,1408,-27
2025,1,16,4,JFK,MIA,1310,1303,-7,1633,1608,-25
2025,1,16,4,JFK,MIA,1330,1331,1,1650,1645,-5
2025,1,16,4,JFK,MIA,1500,1503,3,1815,1759,-16
2025,1,16,4,JFK,MIA,1526,1529,3,1854,1833,-21
2025,1,16,4,JFK,MIA,1734,1731,-3,2056,2042,-14
2025,1,16,4,JFK,MIA,1821,1826,5,2145,2128,-17
2025,1,16,4,JFK,MIA,1955,2005,10,2327,2343,16
2025,1,16,4,JFK,MIA,2030,2106,36,2348,18,30
2025,1,16,4,JFK,MKE,1750,1742,-8,1939,1939,0
2025,1,16,4,JFK,MSP,1130,1124,-6,1350,1322,-28
2025,1,16,4,JFK,MSY,810,802,-8,1057,1019,-38
2025,1,16,4,JFK,MSY,929,924,-5,1207,1143,-24
2025,1,16,4,JFK,MSY,1622,1617,-5,1903,1830,-33
2025,1,16,4,JFK,ORD,800,757,-3,955,929,-26
2025,1,16,4,JFK,ORD,900,855,-5,1047,1022,-25
2025,1,16,4,JFK,ORD,1350,1347,-3,1544,1527,-17
2025,1,16,4,JFK,ORD,1550,1544,-6,1738,1710,-28
2025,1,16,4,JFK,ORD,1555,1545,-10,1750,1711,-39
2025,1,16,4,JFK,ORD,1929,1927,-2,2128,2208,40
2025,1,16,4,JFK,ORF,1110,1101,-9,1236,1210,-26
2025,1,16,4,JFK,ORF,2155,2203,8,2325,2327,2
2025,1,16,4,JFK,ORH,1259,1304,5,1402,1402,0
2025,1,16,4,JFK,PBI,815,810,-5,1130,1115,-15
2025,1,16,4,JFK,PBI,1030,1032,2,1335,1323,-12
2025,1,16,4,JFK,PBI,1329,1431,62,1638,1713,35
2025,1,16,4,JFK,PBI,1509,1602,53,1815,1855,40
2025,1,16,4,JFK,PBI,1554,1800,126,1904,2101,117
2025,1,16,4,JFK,PBI,2000,2125,85,2306,32,86
2025,1,16,4,JFK,PDX,1729,1723,-6,2107,2040,-27
2025,1,16,4,JFK,PDX,1959,2001,2,2329,43,74
2025,1,16,4,JFK,PHX,625,624,-1,1015,944,-31
2025,1,16,4,JFK,PHX,730,721,-9,1115,1038,-37
2025,1,16,4,JFK,PHX,735,729,-6,1135,1050,-45
2025,1,16,4,JFK,PHX,930,928,-2,1325,1241,-44
2025,1,16,4,JFK,PHX,1259,1256,-3,1649,1623,-26
2025,1,16,4,JFK,PHX,1700,1658,-2,2050,2010,-40
2025,1,16,4,JFK,PHX,1830,2126,176,2213,52,159
2025,1,16,4,JFK,PHX,1950,1949,-1,2359,2305,-54
2025,1,16,4,JFK,PIT,1400,1347,-13,1542,1523,-19
2025,1,16,4,JFK,PIT,1516,1513,-3,1708,1713,5
2025,1,16,4,JFK,PIT,1715,1659,-16,1855,1832,-23
2025,1,16,4,JFK,PIT,2029,2046,17,2220,2324,64
2025,1,16,4,JFK,PSP,930,924,-6,1237,1205,-32
2025,1,16,4,JFK,RDU,832,858,26,1027,1039,12
2025,1,16,4,JFK,RDU,1030,1023,-7,1216,1206,-10
2025,1,16,4,JFK,RDU,1420,1549,89,1609,1730,81
2025,1,16,4,JFK,RDU,1510,1502,-8,1701,1641,-20
2025,1,16,4,JFK,RDU,2030,2113,43,2225,2317,52
2025,1,16,4,JFK,RDU,2130,2127,-3,2324,2329,5
2025,1,16,4,JFK,ROC,1050,1041,-9,1217,1203,-14
2025,1,16,4,JFK,ROC,1430,1448,18,1558,1606,8
2025,1,16,4,JFK,ROC,2155,2214,19,2326,27,61
2025,1,16,4,JFK,ROC,2220,2211,-9,2356,2349,-7
2025,1,16,4,JFK,RSW,600,555,-5,920,907,-13
2025,1,16,4,JFK,RSW,735,736,1,1056,1037,-19
2025,1,16,4,JFK,RSW,1543,1539,-4,1904,1834,-30
2025,1,16,4,JFK,RSW,1750,1803,13,2110,2103,-7
2025,1,16,4,JFK,SAN,700,706,6,1011,1008,-3
2025,1,16,4,JFK,SAN,850,845,-5,1225,1135,-50
2025,1,16,4,JFK,SAN,1630,1622,-8,1945,1915,-30
2025,1,16,4,JFK,SAN,1630,1633,3,1951,1936,-15
2025,1,16,4,JFK,SAN,1655,1720,25,2025,2015,-10
2025,1,16,4,JFK,SAT,800,752,-8,1135,1059,-36
2025,1,16,4,JFK,SAV,830,821,-9,1100,1040,-20
2025,1,16,4,JFK,SAV,1345,1342,-3,1619,1556,-23
2025,1,16,4,JFK,SAV,1859,1902,3,2141,2129,-12
2025,1,16,4,JFK,SEA,710,707,-3,1038,1044,6
2025,1,16,4,JFK,SEA,1130,1123,-7,1458,1501,3
2025,1,16,4,JFK,SEA,1600,1652,52,1927,2027,60
2025,1,16,4,JFK,SEA,1634,1654,20,1955,2037,42
2025,1,16,4,JFK,SEA,1900,1903,3,2225,2240,15
2025,1,16,4,JFK,SFO,600,554,-6,950,900,-50
2025,1,16,4,JFK,SFO,700,652,-8,1052,1018,-34
2025,1,16,4,JFK,SFO,800,801,1,1135,1106,-29
2025,1,16,4,JFK,SFO,825,825,0,1233,1125,-68
2025,1,16,4,JFK,SFO,855,850,-5,1252,1156,-56
2025,1,16,4,JFK,SFO,1030,1029,-1,1410,1330,-40
2025,1,16,4,JFK,SFO,1100,1420,200,1453,1724,151
2025,1,16,4,JFK,SFO,1110,1107,-3,1455,1403,-52
2025,1,16,4,JFK,SFO,1300,1249,-11,1645,1611,-34
2025,1,16,4,JFK,SFO,1455,1640,105,1841,1945,64
2025,1,16,4,JFK,SFO,1534,1524,-10,1926,1832,-54
2025,1,16,4,JFK,SFO,1600,1556,-4,1946,1902,-44
2025,1,16,4,JFK,SFO,1659,1813,74,2038,2201,83
2025,1,16,4,JFK,SFO,1700,1657,-3,2050,2005,-45
2025,1,16,4,JFK,SFO,1705,1713,8,2054,2016,-38
2025,1,16,4,JFK,SFO,1824,1816,-8,2207,2129,-38
2025,1,16,4,JFK,SFO,1925,1922,-3,2317,2302,-15
2025,1,16,4,JFK,SFO,2030,2027,-3,14,2344,-30
2025,1,16,4,JFK,SFO,2030,2030,0,22,14,-8
2025,1,16,4,JFK,SJU,600,552,-8,1051,1048,-3
2025,1,16,4,JFK,SJU,800,753,-7,1252,1231,-21
2025,1,16,4,JFK,SJU,800,758,-2,1301,1258,-3
2025,1,16,4,JFK,SJU,1200,1152,-8,1655,1706,11
2025,1,16,4,JFK,SJU,1200,1211,11,1649,1715,26
2025,1,16,4,JFK,SJU,1314,1554,160,1805,2115,190
2025,1,16,4,JFK,SJU,1859,1911,12,2359,5,6
2025,1,16,4,JFK,SJU,2045,2054,9,142,128,-14
2025,1,16,4,JFK,SJU,2259,2306,7,350,353,3
2025,1,16,4,JFK,SLC,650,648,-2,1027,942,-45
2025,1,16,4,JFK,SLC,1059,1119,20,1431,1434,3
2025,1,16,4,JFK,SLC,1300,1256,-4,1633,1600,-33
2025,1,16,4,JFK,SLC,1830,1826,-4,2155,2127,-28
2025,1,16,4,JFK,SLC,1838,2044,126,2215,8,113
2025,1,16,4,JFK,SNA,900,853,-7,1225,1238,13
2025,1,16,4,JFK,SRQ,630,620,-10,939,917,-22
2025,1,16,4,JFK,STT,840,839,-1,1340,1332,-8
2025,1,16,4,JFK,STT,859,847,-12,1359,1341,-18
2025,1,16,4,JFK,SYR,959,958,-1,1121,1100,-21
2025,1,16,4,JFK,SYR,1815,1811,-4,1936,1922,-14
2025,1,16,4,JFK,SYR,2225,2226,1,2350,2354,4
2025,1,16,4,JFK,TPA,730,728,-2,1039,1020,-19
2025,1,16,4,JFK,TPA,730,731,1,1032,1035,3
2025,1,16,4,JFK,TPA,1104,1113,9,1410,1408,-2
2025,1,16,4,JFK,TPA,1130,1123,-7,1438,1418,-20
2025,1,16,4,JFK,TPA,1540,1541,1,1850,1823,-27
2025,1,16,4,JFK,TPA,1745,1739,-6,2054,2032,-22
2025,1,16,4,JFK,TPA,1959,1956,-3,2314,26,72
2025,1,17,5,JFK,ATL,600,558,-2,834,839,5
2025,1,17,5,JFK,ATL,659,657,-2,938,934,-4
2025,1,17,5,JFK,ATL,835,837,2,1115,1115,0
2025,1,17,5,JFK,ATL,1100,1109,9,1341,1333,-8
2025,1,17,5,JFK,ATL,1224,1237,13,1500,1448,-12
2025,1,17,5,JFK,ATL,1440,1445,5,1718,1703,-15
2025,1,17,5,JFK,ATL,1559,1556,-3,1838,1818,-20
2025,1,17,5,JFK,ATL,1820,1818,-2,2107,2038,-29
2025,1,17,5,JFK,ATL,2010,2015,5,2259,2238,-21
2025,1,17,5,JFK,ATL,2130,2130,0,11,2354,-17
2025,1,17,5,JFK,AUS,700,705,5,1034,1038,4
2025,1,17,5,JFK,AUS,1059,1054,-5,1426,1409,-17
2025,1,17,5,JFK,AUS,1259,1303,4,1646,1628,-18
2025,1,17,5,JFK,AUS,1800,1756,-4,2131,2112,-19
2025,1,17,5,JFK,AUS,1850,1844,-6,2220,2145,-35
2025,1,17,5,JFK,BNA,730,1020,170,920,1139,139
2025,1,17,5,JFK,BNA,900,855,-5,1049,1035,-14
2025,1,17,5,JFK,BNA,1230,1219,-11,1413,1338,-35
2025,1,17,5,JFK,BNA,1459,1452,-7,1644,1612,-32
2025,1,17,5,JFK,BNA,1529,1530,1,1715,1646,-29
2025,1,17,5,JFK,BOS,600,556,-4,730,738,8
2025,1,17,5,JFK,BOS,730,716,-14,847,830,-17
2025,1,17,5,JFK,BOS,910,901,-9,1032,1023,-9
2025,1,17,5,JFK,BOS,930,927,-3,1046,1036,-10
2025,1,17,5,JFK,BOS,950,946,-4,1110,1058,-12
2025,1,17,5,JFK,BOS,1330,1326,-4,1445,1431,-14
2025,1,17,5,JFK,BOS,1430,1428,-2,1554,1529,-25
2025,1,17,5,JFK,BOS,1555,1549,-6,1712,1712,0
2025,1,17,5,JFK,BOS,1735,1727,-8,1900,1842,-18
2025,1,17,5,JFK,BOS,1744,1735,-9,1906,1847,-19
2025,1,17,5,JFK,BOS,2030,2021,-9,2154,2124,-30
2025,1,17,5,JFK,BOS,2100,2058,-2,2227,2222,-5
2025,1,17,5,JFK,BOS,2159,2152,-7,2309,2257,-12
2025,1,17,5,JFK,BOS,2259,2259,0,18,6,-12
2025,1,17,5,JFK,BQN,1559,1550,-9,2049,2040,-9
2025,1,17,5,JFK,BQN,2150,2153,3,242,224,-18
2025,1,17,5,JFK,BUF,630,627,-3,800,745,-15
2025,1,17,5,JFK,BUF,1550,1611,21,1722,1730,8
2025,1,17,5,JFK,BUF,1725,1724,-1,1857,1841,-16
2025,1,17,5,JFK,CHS,1000,955,-5,1218,1158,-20
2025,1,17,5,JFK,CHS,1255,1251,-4,1513,1441,-32
2025,1,17,5,JFK,CLE,759,805,6,959,954,-5
2025,1,17,5,JFK,CLE,1220,1210,-10,1415,1407,-8
2025,1,17,5,JFK,CLT,630,623,-7,841,815,-26
2025,1,17,5,JFK,CLT,800,754,-6,1015,1009,-6
2025,1,17,5,JFK,CLT,1200,1208,8,1408,1353,-15
2025,1,17,5,JFK,CLT,1225,1224,-1,1432,1410,-22
2025,1,17,5,JFK,CLT,1454,1455,1,1705,1642,-23
2025,1,17,5,JFK,CLT,1930,1927,-3,2143,2115,-28
2025,1,17,5,JFK,CMH,935,924,-11,1134,1119,-15
2025,1,17,5,JFK,CMH,1144,1133,-11,1341,1325,-16
2025,1,17,5,JFK,CMH,1526,1523,-3,1729,1700,-29
2025,1,17,5,JFK,CMH,1630,1633,3,1828,1821,-7
2025,1,17,5,JFK,CMH,2029,2023,-6,2233,2202,-31
2025,1,17,5,JFK,CVG,850,845,-5,1117,1056,-21
2025,1,17,5,JFK,CVG,1315,1307,-8,1533,1504,-29
2025,1,17,5,JFK,DCA,800,811,11,932,929,-3
2025,1,17,5,JFK,DCA,855,846,-9,1020,1006,-14
2025,1,17,5,JFK,DCA,1459,1451,-8,1627,1600,-27
2025,1,17,5,JFK,DCA,1630,1625,-5,1800,1735,-25
2025,1,17,5,JFK,DCA,1744,1738,-6,1914,1911,-3
2025,1,17,5,JFK,DCA,2029,2030,1,2200,2142,-18
2025,1,17,5,JFK,DCA,2059,2054,-5,2241,2249,8
2025,1,17,5,JFK,DEN,830,826,-4,1131,1038,-53
2025,1,17,5,JFK,DEN,959,1004,5,1245,1236,-9
2025,1,17,5,JFK,DEN,1655,1648,-7,1946,1914,-32
2025,1,17,5,JFK,DEN,1900,1921,21,2138,2132,-6
2025,1,17,5,JFK,DFW,800,758,-2,1120,1046,-34
2025,1,17,5,JFK,DFW,843,833,-10,1205,1121,-44
2025,1,17,5,JFK,DFW,1430,1441,11,1746,1729,-17
2025,1,17,5,JFK,DFW,1559,1753,114,1915,2038,83
2025,1,17,5,JFK,DFW,1750,1748,-2,2106,2042,-24
2025,1,17,5,JFK,DTW,1650,1711,21,1901,1905,4
2025,1,17,5,JFK,EGE,730,845,75,1027,1120,53
2025,1,17,5,JFK,FLL,600,605,5,904,856,-8
2025,1,17,5,JFK,FLL,700,706,6,1018,1033,15
2025,1,17,5,JFK,FLL,800,800,0,1112,1107,-5
2025,1,17,5,JFK,FLL,900,858,-2,1208,1200,-8
2025,1,17,5,JFK,FLL,1115,1123,8,1428,1415,-13
2025,1,17,5,JFK,FLL,1315,1315,0,1625,1605,-20
2025,1,17,5,JFK,FLL,1529,1537,8,1846,1826,-20
2025,1,17,5,JFK,FLL,1555,1546,-9,1907,1907,0
2025,1,17,5,JFK,FLL,1720,1747,27,2036,2038,2
2025,1,17,5,JFK,FLL,1930,1927,-3,2242,2217,-25
2025,1,17,5,JFK,FLL,1955,1955,0,2318,2246,-32
2025,1,17,5,JFK,HNL,1000,950,-10,1619,1607,-12
2025,1,17,5,JFK,HNL,1000,1003,3,1615,1621,6
2025,1,17,5,JFK,IAH,800,800,0,1112,1058,-14
2025,1,17,5,JFK,IND,1416,1413,-3,1639,1618,-21
2025,1,17,5,JFK,IND,1440,1430,-10,1704,1635,-29
2025,1,17,5,JFK,IND,1559,1623,24,1825,1829,4
2025,1,17,5,JFK,IND,1829,1820,-9,2056,2033,-23
2025,1,17,5,JFK,JAX,740,734,-6,1025,953,-32
2025,1,17,5,JFK,JAX,815,811,-4,1057,1038,-19
2025,1,17,5,JFK,JAX,1330,1325,-5,1611,1544,-27
2025,1,17,5,JFK,JAX,1830,1849,19,2111,2121,10
2025,1,17,5,JFK,JAX,1929,1923,-6,2220,2150,-30
2025,1,17,5,JFK,LAS,735,733,-2,1029,1000,-29
2025,1,17,5,JFK,LAS,735,1028,173,1042,1258,136
2025,1,17,5,JFK,LAS,759,800,1,1058,1039,-19
2025,1,17,5,JFK,LAS,959,950,-9,1249,1231,-18
2025,1,17,5,JFK,LAS,1130,1129,-1,1434,1412,-22
2025,1,17,5,JFK,LAS,1615,1610,-5,1923,1841,-42
2025,1,17,5,JFK,LAS,1735,1733,-2,2025,2008,-17
2025,1,17,5,JFK,LAS,1859,1858,-1,2208,2126,-42
2025,1,17,5,JFK,LAS,2059,2046,-13,4,2341,-23
2025,1,17,5,JFK,LAS,2115,2117,2,28,2359,-29
2025,1,17,5,JFK,LAX,600,556,-4,929,903,-26
2025,1,17,5,JFK,LAX,659,654,-5,1028,959,-29
2025,1,17,5,JFK,LAX,700,654,-6,1021,951,-30
2025,1,17,5,JFK,LAX,710,708,-2,1040,946,-54
2025,1,17,5,JFK,LAX,800,758,-2,1129,1101,-28
2025,1,17,5,JFK,LAX,820,812,-8,1142,1102,-40
2025,1,17,5,JFK,LAX,850,844,-6,1226,1144,-42
2025,1,17,5,JFK,LAX,930,922,-8,1250,1210,-40
2025,1,17,5,JFK,LAX,955,950,-5,1326,1242,-44
2025,1,17,5,JFK,LAX,1100,1057,-3,1430,1358,-32
2025,1,17,5,JFK,LAX,1105,1113,8,1431,1409,-22
2025,1,17,5,JFK,LAX,1129,1127,-2,1446,1415,-31
2025,1,17,5,JFK,LAX,1305,1255,-10,1633,1549,-44
2025,1,17,5,JFK,LAX,1400,1352,-8,1719,1649,-30
2025,1,17,5,JFK,LAX,1534,1533,-1,1903,1835,-28
2025,1,17,5,JFK,LAX,1550,1546,-4,1924,1830,-54
2025,1,17,5,JFK,LAX,1630,1622,-8,1957,1934,-23
2025,1,17,5,JFK,LAX,1635,1627,-8,1957,1934,-23
2025,1,17,5,JFK,LAX,1705,1700,-5,2037,2003,-34
2025,1,17,5,JFK,LAX,1729,1723,-6,2056,2022,-34
2025,1,17,5,JFK,LAX,1815,1816,1,2154,2123,-31
2025,1,17,5,JFK,LAX,1830,1823,-7,2149,2122,-27
2025,1,17,5,JFK,LAX,1945,2010,25,2328,2345,17
2025,1,17,5,JFK,LAX,1959,2047,48,2332,4,32
2025,1,17,5,JFK,LAX,2100,2055,-5,33,1,-32
2025,1,17,5,JFK,LAX,2130,2130,0,55,42,-13
2025,1,17,5,JFK,MCI,1120,1116,-4,1353,1338,-15
2025,1,17,5,JFK,MCO,645,645,0,945,947,2
2025,1,17,5,JFK,MCO,730,726,-4,1035,1041,6
2025,1,17,5,JFK,MCO,910,910,0,1214,1200,-14
2025,1,17,5,JFK,MCO,1100,1110,10,1400,1358,-2
2025,1,17,5,JFK,MCO,1130,1132,2,1430,1414,-16
2025,1,17,5,JFK,MCO,1330,1327,-3,1635,1606,-29
2025,1,17,5,JFK,MCO,1359,1400,1,1659,1654,-5
2025,1,17,5,JFK,MCO,1500,1729,149,1806,2013,127
2025,1,17,5,JFK,MCO,1543,1802,139,1848,2037,109
2025,1,17,5,JFK,MCO,1550,1549,-1,1852,1841,-11
2025,1,17,5,JFK,MCO,1830,1831,1,2133,2112,-21
2025,1,17,5,JFK,MCO,1929,1928,-1,2236,2159,-37
2025,1,17,5,JFK,MIA,525,523,-2,839,817,-22
2025,1,17,5,JFK,MIA,630,1549,559,948,1855,547
2025,1,17,5,JFK,MIA,700,716,16,1022,1051,29
2025,1,17,5,JFK,MIA,738,733,-5,1100,1030,-30
2025,1,17,5,JFK,MIA,901,856,-5,1236,1200,-36
2025,1,17,5,JFK,MIA,950,948,-2,1303,1313,10
2025,1,17,5,JFK,MIA,1110,1117,7,1435,1420,-15
2025,1,17,5,JFK,MIA,1310,1303,-7,1633,1623,-10
2025,1,17,5,JFK,MIA,1330,1351,21,1650,1659,9
2025,1,17,5,JFK,MIA,1500,1558,58,1815,1859,44
2025,1,17,5,JFK,MIA,1526,1553,27,1854,1853,-1
2025,1,17,5,JFK,MIA,1734,1733,-1,2056,2049,-7
2025,1,17,5,JFK,MIA,1821,1821,0,2145,2133,-12
2025,1,17,5,JFK,MIA,1955,1953,-2,2327,2243,-44
2025,1,17,5,JFK,MIA,2030,2048,18,2348,2346,-2
2025,1,17,5,JFK,MKE,1750,1740,-10,1936,1920,-16
2025,1,17,5,JFK,MSP,1130,1128,-2,1350,1342,-8
2025,1,17,5,JFK,MSY,810,803,-7,1057,1045,-12
2025,1,17,5,JFK,MSY,929,923,-6,1207,1134,-33
2025,1,17,5,JFK,MSY,1622,1618,-4,1903,1838,-25
2025,1,17,5,JFK,ORD,800,755,-5,955,952,-3
2025,1,17,5,JFK,ORD,900,855,-5,1047,1026,-21
2025,1,17,5,JFK,ORD,1350,1346,-4,1544,1518,-26
2025,1,17,5,JFK,ORD,1550,1544,-6,1738,1733,-5
2025,1,17,5,JFK,ORD,1555,1551,-4,1750,1734,-16
2025,1,17,5,JFK,ORD,1929,1919,-10,2128,2050,-38
2025,1,17,5,JFK,ORF,1110,1104,-6,1236,1221,-15
2025,1,17,5,JFK,ORF,2155,2145,-10,2325,2259,-26
2025,1,17,5,JFK,ORH,1259,1336,37,1402,1447,45
2025,1,17,5,JFK,PBI,815,815,0,1130,1119,-11
2025,1,17,5,JFK,PBI,1030,1113,43,1335,1412,37
2025,1,17,5,JFK,PBI,1329,1449,80,1638,1756,78
2025,1,17,5,JFK,PBI,1509,1505,-4,1815,1811,-4
2025,1,17,5,JFK,PBI,1554,1607,13,1904,1923,19
2025,1,17,5,JFK,PBI,2000,1957,-3,2306,2251,-15
2025,1,17,5,JFK,PDX,1729,1737,8,2107,2044,-23
2025,1,17,5,JFK,PDX,1959,1957,-2,2329,2310,-19
2025,1,17,5,JFK,PHX,625,621,-4,1015,954,-21
2025,1,17,5,JFK,PHX,730,728,-2,1115,1058,-17
2025,1,17,5,JFK,PHX,735,731,-4,1135,1116,-19
2025,1,17,5,JFK,PHX,930,928,-2,1325,1248,-37
2025,1,17,5,JFK,PHX,1259,1256,-3,1649,1620,-29
2025,1,17,5,JFK,PHX,1700,1658,-2,2050,2011,-39
2025,1,17,5,JFK,PHX,1830,1828,-2,2213,2227,14
2025,1,17,5,JFK,PHX,1950,2002,12,2359,2333,-26
2025,1,17,5,JFK,PIT,1400,1353,-7,1542,1527,-15
2025,1,17,5,JFK,PIT,1516,1506,-10,1708,1639,-29
2025,1,17,5,JFK,PIT,1715,1709,-6,1855,1843,-12
2025,1,17,5,JFK,PIT,2029,2025,-4,2220,2141,-39
2025,1,17,5,JFK,RDU,832,827,-5,1027,959,-28
2025,1,17,5,JFK,RDU,1030,1021,-9,1216,1154,-22
2025,1,17,5,JFK,RDU,1420,1628,128,1609,1801,112
2025,1,17,5,JFK,RDU,1510,1501,-9,1701,1647,-14
2025,1,17,5,JFK,RDU,2030,2028,-2,2225,2207,-18
2025,1,17,5,JFK,RDU,2130,2125,-5,2324,2301,-23
2025,1,17,5,JFK,ROC,1050,1046,-4,1217,1220,3
2025,1,17,5,JFK,ROC,1430,1426,-4,1558,1541,-17
2025,1,17,5,JFK,ROC,2155,2230,35,2326,2346,20
2025,1,17,5,JFK,ROC,2220,2220,0,2356,2338,-18
2025,1,17,5,JFK,RSW,600,556,-4,920,855,-25
2025,1,17,5,JFK,RSW,735,729,-6,1056,1045,-11
2025,1,17,5,JFK,RSW,1543,1531,-12,1904,1825,-39
2025,1,17,5,JFK,RSW,1750,1758,8,2110,2059,-11
2025,1,17,5,JFK,SAN,700,653,-7,1011,935,-36
2025,1,17,5,JFK,SAN,850,851,1,1225,1149,-36
2025,1,17,5,JFK,SAN,1630,1621,-9,1951,1914,-37
2025,1,17,5,JFK,SAN,1630,1623,-7,1945,1914,-31
2025,1,17,5,JFK,SAN,1655,1703,8,2025,1953,-32
2025,1,17,5,JFK,SAT,800,757,-3,1135,1127,-8
2025,1,17,5,JFK,SAV,830,901,31,1100,1123,23
2025,1,17,5,JFK,SAV,1345,1340,-5,1619,1559,-20
2025,1,17,5,JFK,SAV,1859,1854,-5,2141,2120,-21
2025,1,17,5,JFK,SEA,1130,1128,-2,1458,1454,-4
2025,1,17,5,JFK,SEA,1600,1628,28,1927,1947,20
2025,1,17,5,JFK,SEA,1634,1635,1,1955,1938,-17
2025,1,17,5,JFK,SEA,1900,1909,9,2225,2227,2
2025,1,17,5,JFK,SFO,600,616,16,950,947,-3
2025,1,17,5,JFK,SFO,700,657,-3,1052,1109,17
2025,1,17,5,JFK,SFO,800,754,-6,1135,1112,-23
2025,1,17,5,JFK,SFO,825,829,4,1233,1157,-36
2025,1,17,5,JFK,SFO,855,846,-9,1252,1230,-22
2025,1,17,5,JFK,SFO,1030,1040,10,1410,1348,-22
2025,1,17,5,JFK,SFO,1110,1113,3,1459,1500,1
2025,1,17,5,JFK,SFO,1300,1251,-9,1645,1611,-34
2025,1,17,5,JFK,SFO,1455,1446,-9,1841,1755,-46
2025,1,17,5,JFK,SFO,1600,1556,-4,1946,1922,-24
2025,1,17,5,JFK,SFO,1659,1657,-2,2038,2016,-22
2025,1,17,5,JFK,SFO,1700,1654,-6,2050,2038,-12
2025,1,17,5,JFK,SFO,1705,1702,-3,2054,2037,-17
2025,1,17,5,JFK,SFO,1809,1836,27,2149,2229,40
2025,1,17,5,JFK,SFO,1925,1922,-3,2317,2302,-15
2025,1,17,5,JFK,SFO,2030,2022,-8,14,2356,-18
2025,1,17,5,JFK,SFO,2030,2023,-7,22,5,-17
2025,1,17,5,JFK,SJU,600,625,25,1051,1104,13
2025,1,17,5,JFK,SJU,800,755,-5,1252,1253,1
2025,1,17,5,JFK,SJU,800,759,-1,1301,1301,0
2025,1,17,5,JFK,SJU,1155,1158,3,1644,1632,-12
2025,1,17,5,JFK,SJU,1200,1158,-2,1655,1637,-18
2025,1,17,5,JFK,SJU,1314,1559,165,1805,2102,177
2025,1,17,5,JFK,SJU,1600,2044,284,2046,124,278
2025,1,17,5,JFK,SJU,1859,1855,-4,2359,2351,-8
2025,1,17,5,JFK,SJU,2045,2050,5,142,152,10
2025,1,17,5,JFK,SJU,2259,2310,11,350,348,-2
2025,1,17,5,JFK,SLC,650,647,-3,1027,950,-37
2025,1,17,5,JFK,SLC,1059,1056,-3,1431,1416,-15
2025,1,17,5,JFK,SLC,1300,1258,-2,1633,1630,-3
2025,1,17,5,JFK,SLC,1830,1835,5,2155,2147,-8
2025,1,17,5,JFK,SLC,1838,1840,2,2215,2153,-22
2025,1,17,5,JFK,SNA,900,852,-8,1225,1206,-19
2025,1,17,5,JFK,SRQ,630,620,-10,939,900,-39
2025,1,17,5,JFK,STT,840,840,0,1340,1327,-13
2025,1,17,5,JFK,STT,859,958,59,1359,1524,85
2025,1,17,5,JFK,SYR,959,1156,117,1121,1305,104
2025,1,17,5,JFK,SYR,1815,1939,84,1936,2042,66
2025,1,17,5,JFK,SYR,2225,2224,-1,2350,2342,-8
2025,1,17,5,JFK,TPA,730,727,-3,1032,1011,-21
2025,1,17,5,JFK,TPA,730,728,-2,1039,1020,-19
2025,1,17,5,JFK,TPA,1104,1119,15,1410,1417,7
2025,1,17,5,JFK,TPA,1128,1127,-1,1436,1416,-20
2025,1,17,5,JFK,TPA,1540,1659,79,1850,1934,44
2025,1,17,5,JFK,TPA,1745,1738,-7,2054,2024,-30
2025,1,17,5,JFK,TPA,1959,1958,-1,2314,2238,-36
2025,1,18,6,JFK,ATL,600,556,-4,834,826,-8
2025,1,18,6,JFK,ATL,659,658,-1,938,951,13
2025,1,18,6,JFK,ATL,855,909,14,1133,1138,5
2025,1,18,6,JFK,ATL,1100,1249,109,1341,1535,114
2025,1,18,6,JFK,ATL,1435,1425,-10,1705,1649,-16
2025,1,18,6,JFK,ATL,1440,1445,5,1718,1708,-10
2025,1,18,6,JFK,ATL,1830,1847,17,2118,2122,4
2025,1,18,6,JFK,ATL,1959,1957,-2,2248,2228,-20
2025,1,18,6,JFK,ATL,2130,2132,2,11,3,-8
2025,1,18,6,JFK,AUS,700,654,-6,1034,1029,-5
2025,1,18,6,JFK,AUS,1730,1725,-5,2055,2040,-15
2025,1,18,6,JFK,AUS,1850,1848,-2,2220,2228,8
2025,1,18,6,JFK,BNA,900,852,-8,1049,1020,-29
2025,1,18,6,JFK,BNA,1229,1228,-1,1412,1430,18
2025,1,18,6,JFK,BNA,1459,1457,-2,1644,1652,8
2025,1,18,6,JFK,BNA,1529,1527,-2,1715,1722,7
2025,1,18,6,JFK,BOS,630,628,-2,800,744,-16
2025,1,18,6,JFK,BOS,730,728,-2,847,840,-7
2025,1,18,6,JFK,BOS,908,902,-6,1026,1016,-10
2025,1,18,6,JFK,BOS,929,928,-1,1045,1036,-9
2025,1,18,6,JFK,BOS,1330,1339,9,1445,1445,0
2025,1,18,6,JFK,BOS,1430,1429,-1,1554,1539,-15
2025,1,18,6,JFK,BOS,1545,1543,-2,1702,1645,-17
2025,1,18,6,JFK,BOS,1630,1633,3,1749,1757,8
2025,1,18,6,JFK,BOS,1744,1744,0,1906,1856,-10
2025,1,18,6,JFK,BOS,2029,2023,-6,2153,2131,-22
2025,1,18,6,JFK,BOS,2100,2059,-1,2228,2214,-14
2025,1,18,6,JFK,BOS,2159,2150,-9,2309,2253,-16
2025,1,18,6,JFK,BOS,2259,2340,41,18,34,16
2025,1,18,6,JFK,BQN,1600,1611,11,2050,2045,-5
2025,1,18,6,JFK,BQN,2150,2235,45,242,317,35
2025,1,18,6,JFK,BUF,630,626,-4,800,746,-14
2025,1,18,6,JFK,BUF,1550,1647,57,1722,1813,51
2025,1,18,6,JFK,BUF,1730,1731,1,1900,1849,-11
2025,1,18,6,JFK,CHS,959,1018,19,1219,1240,21
2025,1,18,6,JFK,CHS,1255,1251,-4,1513,1511,-2
2025,1,18,6,JFK,CLE,800,800,0,1009,947,-22
2025,1,18,6,JFK,CLE,1220,1211,-9,1415,1352,-23
2025,1,18,6,JFK,CLT,629,626,-3,840,821,-19
2025,1,18,6,JFK,CLT,1129,1125,-4,1340,1317,-23
2025,1,18,6,JFK,CLT,1145,1138,-7,1357,1352,-5
2025,1,18,6,JFK,CLT,1453,1533,40,1712,1727,15
2025,1,18,6,JFK,CLT,1930,1929,-1,2147,2137,-10
2025,1,18,6,JFK,CMH,1129,1119,-10,1327,1258,-29
2025,1,18,6,JFK,CMH,1526,1531,5,1729,1717,-12
2025,1,18,6,JFK,CMH,1630,1621,-9,1828,1816,-12
2025,1,18,6,JFK,CMH,2029,2030,1,2233,2300,27
2025,1,18,6,JFK,CVG,850,957,67,1117,1218,61
2025,1,18,6,JFK,CVG,1315,1304,-11,1533,1517,-16
2025,1,18,6,JFK,DCA,800,753,-7,932,912,-20
2025,1,18,6,JFK,DCA,1459,1452,-7,1627,1619,-8
2025,1,18,6,JFK,DCA,1628,1625,-3,1800,1743,-17
2025,1,18,6,JFK,DCA,1744,1744,0,1914,1903,-11
2025,1,18,6,JFK,DCA,2029,2024,-5,2200,2153,-7
2025,1,18,6,JFK,DCA,2100,2057,-3,2239,2207,-32
2025,1,18,6,JFK,DEN,755,754,-1,1043,1031,-12
2025,1,18,6,JFK,DEN,1655,1651,-4,1946,1922,-24
2025,1,18,6,JFK,DEN,1900,1904,4,2138,2151,13
2025,1,18,6,JFK,DFW,1430,1535,65,1746,1906,80
2025,1,18,6,JFK,DFW,1559,1557,-2,1915,1900,-15
2025,1,18,6,JFK,DFW,1800,1756,-4,2119,2108,-11
2025,1,18,6,JFK,EGE,730,727,-3,1027,1007,-20
2025,1,18,6,JFK,FLL,630,625,-5,935,922,-13
2025,1,18,6,JFK,FLL,700,655,-5,1018,1005,-13
2025,1,18,6,JFK,FLL,800,758,-2,1112,1103,-9
2025,1,18,6,JFK,FLL,900,907,7,1208,1212,4
2025,1,18,6,JFK,FLL,1115,1109,-6,1428,1433,5
2025,1,18,6,JFK,FLL,1320,1322,2,1630,1645,15
2025,1,18,6,JFK,FLL,1529,1736,127,1846,2131,165
2025,1,18,6,JFK,FLL,1555,1553,-2,1907,1857,-10
2025,1,18,6,JFK,FLL,1720,1720,0,2036,2059,23
2025,1,18,6,JFK,FLL,1930,1929,-1,2242,2251,9
2025,1,18,6,JFK,HNL,1000,951,-9,1615,1611,-4
2025,1,18,6,JFK,HNL,1000,957,-3,1619,1547,-32
2025,1,18,6,JFK,IND,1416,1418,2,1639,1641,2
2025,1,18,6,JFK,IND,1440,1437,-3,1704,1659,-5
2025,1,18,6,JFK,IND,1559,1546,-13,1825,1756,-29
2025,1,18,6,JFK,IND,1829,1827,-2,2056,2049,-7
2025,1,18,6,JFK,JAX,740,734,-6,1025,1023,-2
2025,1,18,6,JFK,JAX,815,805,-10,1057,1051,-6
2025,1,18,6,JFK,JAX,1800,1752,-8,2050,2044,-6
2025,1,18,6,JFK,JAX,1830,1840,10,2111,2118,7
2025,1,18,6,JFK,LAS,735,731,-4,1036,1034,-2
2025,1,18,6,JFK,LAS,735,734,-1,1029,1023,-6
2025,1,18,6,JFK,LAS,759,753,-6,1058,1036,-22
2025,1,18,6,JFK,LAS,1000,956,-4,1250,1246,-4
2025,1,18,6,JFK,LAS,1130,1125,-5,1429,1404,-25
2025,1,18,6,JFK,LAS,1615,1613,-2,1923,1902,-21
2025,1,18,6,JFK,LAS,1859,1907,8,2208,2216,8
2025,1,18,6,JFK,LAS,1859,1909,10,2154,2218,24
2025,1,18,6,JFK,LAS,2029,2022,-7,2340,2345,5
2025,1,18,6,JFK,LAS,2054,2111,17,2359,2357,-2
2025,1,18,6,JFK,LAX,600,555,-5,929,907,-22
2025,1,18,6,JFK,LAX,659,652,-7,1028,1033,5
2025,1,18,6,JFK,LAX,700,655,-5,1021,1000,-21
2025,1,18,6,JFK,LAX,740,735,-5,1108,1043,-25
2025,1,18,6,JFK,LAX,800,758,-2,1129,1116,-13
2025,1,18,6,JFK,LAX,820,804,-16,1142,1122,-20
2025,1,18,6,JFK,LAX,955,952,-3,1326,1311,-15
2025,1,18,6,JFK,LAX,1000,950,-10,1319,1259,-20
2025,1,18,6,JFK,LAX,1059,1111,12,1429,1411,-18
2025,1,18,6,JFK,LAX,1105,1104,-1,1431,1416,-15
2025,1,18,6,JFK,LAX,1200,1152,-8,1517,1448,-29
2025,1,18,6,JFK,LAX,1534,1547,13,1903,1847,-16
2025,1,18,6,JFK,LAX,1550,1555,5,1924,1858,-26
2025,1,18,6,JFK,LAX,1629,1629,0,1957,1945,-12
2025,1,18,6,JFK,LAX,1705,1916,131,2037,2304,147
2025,1,18,6,JFK,LAX,1710,1723,13,2033,2032,-1
2025,1,18,6,JFK,LAX,1729,1720,-9,2056,2035,-21
2025,1,18,6,JFK,LAX,1940,2026,46,2308,2340,32
2025,1,18,6,JFK,LAX,2000,2000,0,2333,2314,-19
2025,1,18,6,JFK,LAX,2015,2009,-6,2355,13,18
2025,1,18,6,JFK,LAX,2100,2058,-2,33,6,-27
2025,1,18,6,JFK,LAX,2130,2126,-4,55,39,-16
2025,1,18,6,JFK,MCI,1120,1115,-5,1353,1341,-12
2025,1,18,6,JFK,MCO,645,637,-8,945,933,-12
2025,1,18,6,JFK,MCO,730,725,-5,1035,1025,-10
2025,1,18,6,JFK,MCO,910,911,1,1214,1201,-13
2025,1,18,6,JFK,MCO,1100,1104,4,1400,1404,4
2025,1,18,6,JFK,MCO,1130,1131,1,1430,1420,-10
2025,1,18,6,JFK,MCO,1330,1327,-3,1635,1625,-10
2025,1,18,6,JFK,MCO,1359,1402,3,1659,1657,-2
2025,1,18,6,JFK,MCO,1500,1459,-1,1806,1811,5
2025,1,18,6,JFK,MCO,1550,1553,3,1852,1853,1
2025,1,18,6,JFK,MCO,1559,1553,-6,1907,1850,-17
2025,1,18,6,JFK,MCO,1830,1838,8,2133,2138,5
2025,1,18,6,JFK,MIA,525,522,-3,839,838,-1
2025,1,18,6,JFK,MIA,700,659,-1,1023,1007,-16
2025,1,18,6,JFK,MIA,738,737,-1,1100,1102,2
2025,1,18,6,JFK,MIA,859,855,-4,1235,1205,-30
2025,1,18,6,JFK,MIA,950,948,-2,1303,1254,-9
2025,1,18,6,JFK,MIA,1105,1105,0,1431,1413,-18
2025,1,18,6,JFK,MIA,1259,1302,3,1619,1624,5
2025,1,18,6,JFK,MIA,1310,1307,-3,1633,1635,2
2025,1,18,6,JFK,MIA,1500,1500,0,1815,1819,4
2025,1,18,6,JFK,MIA,1729,1928,119,2049,2257,128
2025,1,18,6,JFK,MIA,1821,1832,11,2145,2141,-4
2025,1,18,6,JFK,MIA,1955,1953,-2,2327,2300,-27
2025,1,18,6,JFK,MIA,2030,2100,30,2348,104,76
2025,1,18,6,JFK,MKE,1800,1754,-6,1954,1950,-4
2025,1,18,6,JFK,MSP,1129,1124,-5,1350,1342,-8
2025,1,18,6,JFK,MSY,810,802,-8,1057,1100,3
2025,1,18,6,JFK,MSY,1622,1619,-3,1903,1833,-30
2025,1,18,6,JFK,ORD,800,758,-2,955,943,-12
2025,1,18,6,JFK,ORD,900,856,-4,1047,1025,-22
2025,1,18,6,JFK,ORD,1550,1549,-1,1738,1723,-15
2025,1,18,6,JFK,ORD,1929,1925,-4,2128,2138,10
2025,1,18,6,JFK,ORF,1110,1101,-9,1236,1220,-16
2025,1,18,6,JFK,ORF,1900,1850,-10,2037,2028,-9
2025,1,18,6,JFK,ORF,2155,2149,-6,2325,2311,-14
2025,1,18,6,JFK,ORH,1259,1317,18,1402,1418,16
2025,1,18,6,JFK,PBI,710,710,0,1023,1012,-11
2025,1,18,6,JFK,PBI,1030,1043,13,1335,1342,7
2025,1,18,6,JFK,PBI,1329,1350,21,1638,1644,6
2025,1,18,6,JFK,PBI,1509,1647,98,1815,1941,86
2025,1,18,6,JFK,PBI,1535,1534,-1,1849,1830,-19
2025,1,18,6,JFK,PBI,2000,1955,-5,2306,2255,-11
2025,1,18,6,JFK,PDX,1729,1747,18,2107,2057,-10
2025,1,18,6,JFK,PDX,1959,2003,4,2329,2315,-14
2025,1,18,6,JFK,PHX,700,656,-4,1055,1046,-9
2025,1,18,6,JFK,PHX,730,729,-1,1115,1112,-3
2025,1,18,6,JFK,PHX,929,926,-3,1328,1259,-29
2025,1,18,6,JFK,PHX,1258,1258,0,1648,1648,0
2025,1,18,6,JFK,PHX,1800,1758,-2,2158,2130,-28
2025,1,18,6,JFK,PHX,1830,1821,-9,2213,2152,-21
2025,1,18,6,JFK,PHX,1950,1943,-7,2359,2331,-28
2025,1,18,6,JFK,PIT,1400,1352,-8,1542,1530,-12
2025,1,18,6,JFK,PIT,1516,1609,53,1708,1745,37
2025,1,18,6,JFK,PIT,1715,1711,-4,1855,1842,-13
2025,1,18,6,JFK,PIT,2029,2023,-6,2220,2157,-23
2025,1,18,6,JFK,PIT,2030,2027,-3,2217,2212,-5
2025,1,18,6,JFK,PSP,955,949,-6,1316,1247,-29
2025,1,18,6,JFK,PSP,1130,1120,-10,1437,1421,-16
2025,1,18,6,JFK,RDU,829,853,24,1024,1039,15
2025,1,18,6,JFK,RDU,1020,1015,-5,1206,1156,-10
2025,1,18,6,JFK,RDU,1330,1325,-5,1522,1524,2
2025,1,18,6,JFK,RDU,1420,1415,-5,1609,1601,-8
2025,1,18,6,JFK,RDU,1510,1508,-2,1701,1704,3
2025,1,18,6,JFK,RDU,2030,2029,-1,2225,2208,-17
2025,1,18,6,JFK,RDU,2130,2119,-11,2324,2308,-16
2025,1,18,6,JFK,ROC,1015,1007,-8,1145,1125,-20
2025,1,18,6,JFK,ROC,1430,1437,7,1558,1546,-12
2025,1,18,6,JFK,ROC,1650,1647,-3,1826,1806,-20
2025,1,18,6,JFK,ROC,2155,2152,-3,2326,2308,-18
2025,1,18,6,JFK,ROC,2220,2227,7,2356,2353,-3
2025,1,18,6,JFK,RSW,600,555,-5,920,904,-16
2025,1,18,6,JFK,RSW,735,730,-5,1056,1052,-4
2025,1,18,6,JFK,RSW,1543,1537,-6,1904,1834,-30
2025,1,18,6,JFK,SAN,845,841,-4,1216,1147,-29
2025,1,18,6,JFK,SAN,1630,1701,31,1945,2006,21
2025,1,18,6,JFK,SAN,1630,1721,51,1951,2026,35
2025,1,18,6,JFK,SAN,1655,1645,-10,2025,2000,-25
2025,1,18,6,JFK,SAT,1650,1704,14,2019,2027,8
2025,1,18,6,JFK,SAV,830,835,5,1100,1059,-1
2025,1,18,6,JFK,SAV,1345,1337,-8,1619,1624,5
2025,1,18,6,JFK,SAV,1859,1908,9,2141,2202,21
2025,1,18,6,JFK,SEA,710,728,18,1038,1032,-6
2025,1,18,6,JFK,SEA,1300,1259,-1,1628,1600,-28
2025,1,18,6,JFK,SEA,1629,1651,22,1957,1955,-2
2025,1,18,6,JFK,SEA,1634,1722,48,1955,2032,37
2025,1,18,6,JFK,SEA,1900,1849,-11,2225,2225,0
2025,1,18,6,JFK,SFO,600,555,-5,950,921,-29
2025,1,18,6,JFK,SFO,855,855,0,1252,1214,-38
2025,1,18,6,JFK,SFO,1030,1021,-9,1410,1334,-36
2025,1,18,6,JFK,SFO,1110,1110,0,1459,1429,-30
2025,1,18,6,JFK,SFO,1455,1452,-3,1841,1803,-38
2025,1,18,6,JFK,SFO,1600,1819,139,1946,2153,127
2025,1,18,6,JFK,SFO,1659,1651,-8,2038,2012,-26
2025,1,18,6,JFK,SFO,1659,1653,-6,2052,2031,-21
2025,1,18,6,JFK,SFO,1745,1740,-5,2134,2109,-25
2025,1,18,6,JFK,SFO,2030,2018,-12,14,2356,-18
2025,1,18,6,JFK,SFO,2030,2036,6,22,5,-17
2025,1,18,6,JFK,SJU,600,550,-10,1051,1009,-42
2025,1,18,6,JFK,SJU,800,758,-2,1301,1256,-5
2025,1,18,6,JFK,SJU,800,759,-1,1250,1244,-6
2025,1,18,6,JFK,SJU,1155,1334,99,1644,1820,96
2025,1,18,6,JFK,SJU,1159,1157,-2,1652,1637,-15
2025,1,18,6,JFK,SJU,1314,1315,1,1805,1803,-2
2025,1,18,6,JFK,SJU,1630,1629,-1,2119,2116,-3
2025,1,18,6,JFK,SJU,1859,1853,-6,2359,13,14
2025,1,18,6,JFK,SJU,2045,2043,-2,142,129,-13
2025,1,18,6,JFK,SJU,2259,2346,47,350,419,29
2025,1,18,6,JFK,SLC,645,644,-1,1022,955,-27
2025,1,18,6,JFK,SLC,1100,1057,-3,1433,1404,-29
2025,1,18,6,JFK,SLC,1259,1252,-7,1633,1607,-26
2025,1,18,6,JFK,SLC,1830,1826,-4,2155,2142,-13
2025,1,18,6,JFK,SLC,1900,1903,3,2233,2229,-4
2025,1,18,6,JFK,SNA,900,858,-2,1225,1218,-7
2025,1,18,6,JFK,STT,829,819,-10,1329,1257,-32
2025,1,18,6,JFK,STT,840,837,-3,1340,1323,-17
2025,1,18,6,JFK,SYR,844,835,-9,1007,947,-20
2025,1,18,6,JFK,SYR,959,950,-9,1121,1103,-18
2025,1,18,6,JFK,SYR,1815,1808,-7,1936,1914,-22
2025,1,18,6,JFK,SYR,2230,2224,-6,2355,2345,-10
2025,1,18,6,JFK,TPA,730,725,-5,1039,1022,-17
2025,1,18,6,JFK,TPA,830,824,-6,1145,1126,-19
2025,1,18,6,JFK,TPA,1104,1100,-4,1410,1409,-1
2025,1,18,6,JFK,TPA,1128,1130,2,1436,1445,9
2025,1,18,6,JFK,TPA,1540,1537,-3,1852,1839,-13
2025,1,18,6,JFK,TPA,1959,2027,28,2314,2350,36
2025,1,19,7,JFK,ATL,600,556,-4,834,829,-5
2025,1,19,7,JFK,ATL,659,657,-2,938,934,-4
2025,1,19,7,JFK,ATL,835,827,-8,1115,1105,-10
2025,1,19,7,JFK,ATL,1100,1051,-9,1341,1341,0
2025,1,19,7,JFK,ATL,1224,1227,3,1500,1503,3
2025,1,19,7,JFK,ATL,1440,1439,-1,1718,1755,37
2025,1,19,7,JFK,ATL,1630,1640,10,1905,2015,70
2025,1,19,7,JFK,ATL,1820,1906,46,2107,2356,169
2025,1,19,7,JFK,ATL,2010,2101,51,2259,36,97
2025,1,19,7,JFK,AUS,700,657,-3,1034,1022,-12
2025,1,19,7,JFK,AUS,1059,1056,-3,1426,1431,5
2025,1,19,7,JFK,AUS,1259,1257,-2,1646,1633,-13
2025,1,19,7,JFK,AUS,1800,1755,-5,2131,2149,18
2025,1,19,7,JFK,AUS,1850,845,835,2220,1352,932
2025,1,19,7,JFK,BNA,730,725,-5,920,909,-11
2025,1,19,7,JFK,BNA,955,947,-8,1142,1135,-7
2025,1,19,7,JFK,BNA,1230,1222,-8,1413,1412,-1
2025,1,19,7,JFK,BNA,1459,1501,2,1644,1646,2
2025,1,19,7,JFK,BNA,1529,1522,-7,1715,1729,14
2025,1,19,7,JFK,BOS,600,701,61,730,801,31
2025,1,19,7,JFK,BOS,730,722,-8,847,822,-25
2025,1,19,7,JFK,BOS,930,924,-6,1046,1022,-24
2025,1,19,7,JFK,BOS,950,949,-1,1110,1127,17
2025,1,19,7,JFK,BOS,1030,1023,-7,1137,1121,-16
2025,1,19,7,JFK,BOS,1100,1055,-5,1213,1156,-17
2025,1,19,7,JFK,BOS,1330,1331,1,1445,1438,-7
2025,1,19,7,JFK,BOS,1430,1426,-4,1554,1615,21
2025,1,19,7,JFK,BQN,2150,2246,56,242,413,91
2025,1,19,7,JFK,BUF,630,625,-5,800,750,-10
2025,1,19,7,JFK,CHS,1000,954,-6,1218,1224,6
2025,1,19,7,JFK,CHS,1255,1252,-3,1513,1515,2
2025,1,19,7,JFK,CLE,800,752,-8,1009,953,-16
2025,1,19,7,JFK,CLE,1220,1213,-7,1415,1400,-15
2025,1,19,7,JFK,CLT,630,627,-3,841,829,-12
2025,1,19,7,JFK,CLT,800,758,-2,1015,1010,-5
2025,1,19,7,JFK,CLT,1200,1154,-6,1408,1358,-10
2025,1,19,7,JFK,CLT,1225,1224,-1,1432,1427,-5
2025,1,19,7,JFK,CLT,1454,1452,-2,1705,1738,33
2025,1,19,7,JFK,CMH,935,926,-9,1134,1117,-17
2025,1,19,7,JFK,CMH,1144,1300,76,1341,1507,86
2025,1,19,7,JFK,CMH,1526,1704,98,1729,1947,138
2025,1,19,7,JFK,CVG,850,841,-9,1117,1043,-34
2025,1,19,7,JFK,CVG,1315,1313,-2,1533,1534,1
2025,1,19,7,JFK,DCA,855,855,0,1020,1008,-12
2025,1,19,7,JFK,DEN,830,830,0,1131,1101,-30
2025,1,19,7,JFK,DEN,959,956,-3,1245,1238,-7
2025,1,19,7,JFK,DEN,1655,1651,-4,1946,1953,7
2025,1,19,7,JFK,DFW,800,756,-4,1120,1120,0
2025,1,19,7,JFK,DFW,843,839,-4,1205,1204,-1
2025,1,19,7,JFK,DFW,1430,1428,-2,1746,1803,17
2025,1,19,7,JFK,DFW,1559,1715,76,1915,2046,91
2025,1,19,7,JFK,DFW,1750,1750,0,2106,2128,22
2025,1,19,7,JFK,DTW,1650,1643,-7,1901,1859,-2
2025,1,19,7,JFK,FLL,600,557,-3,904,906,2
2025,1,19,7,JFK,FLL,700,658,-2,1018,1110,52
2025,1,19,7,JFK,FLL,800,754,-6,1112,1122,10
2025,1,19,7,JFK,FLL,900,901,1,1208,1230,22
2025,1,19,7,JFK,FLL,1115,1114,-1,1428,1440,12
2025,1,19,7,JFK,FLL,1315,1314,-1,1625,1643,18
2025,1,19,7,JFK,FLL,1529,1606,37,1846,2008,82
2025,1,19,7,JFK,FLL,1720,1743,23,2036,2135,59
2025,1,19,7,JFK,FLL,1955,2231,156,2318,233,195
2025,1,19,7,JFK,HNL,1000,955,-5,1615,1555,-20
2025,1,19,7,JFK,HNL,1000,956,-4,1619,1615,-4
2025,1,19,7,JFK,IAH,800,811,11,1112,1124,12
2025,1,19,7,JFK,IND,1416,1431,15,1639,1724,45
2025,1,19,7,JFK,IND,1440,1431,-9,1704,1704,0
2025,1,19,7,JFK,IND,1559,1550,-9,1825,1837,12
2025,1,19,7,JFK,JAX,740,735,-5,1025,1038,13
2025,1,19,7,JFK,JAX,815,812,-3,1057,1115,18
2025,1,19,7,JFK,JAX,1330,1331,1,1611,1628,17
2025,1,19,7,JFK,LAS,735,729,-6,1042,1017,-25
2025,1,19,7,JFK,LAS,735,731,-4,1029,1017,-12
2025,1,19,7,JFK,LAS,759,750,-9,1058,1034,-24
2025,1,19,7,JFK,LAS,959,947,-12,1249,1301,12
2025,1,19,7,JFK,LAS,1130,1120,-10,1434,1400,-34
2025,1,19,7,JFK,LAS,1615,1607,-8,1923,1930,7
2025,1,19,7,JFK,LAS,1735,1727,-8,2025,2033,8
2025,1,19,7,JFK,LAS,1859,1909,10,2208,32,144
2025,1,19,7,JFK,LAS,2059,2258,119,4,233,149
2025,1,19,7,JFK,LAS,2115,2239,84,28,309,161
2025,1,19,7,JFK,LAX,600,550,-10,929,904,-25
2025,1,19,7,JFK,LAX,700,648,-12,1021,958,-23
2025,1,19,7,JFK,LAX,700,651,-9,1035,1009,-26
2025,1,19,7,JFK,LAX,710,710,0,1040,1014,-26
2025,1,19,7,JFK,LAX,800,754,-6,1129,1103,-26
2025,1,19,7,JFK,LAX,820,813,-7,1142,1127,-15
2025,1,19,7,JFK,LAX,850,847,-3,1226,1150,-36
2025,1,19,7,JFK,LAX,930,922,-8,1250,1246,-4
2025,1,19,7,JFK,LAX,955,952,-3,1326,1255,-31
2025,1,19,7,JFK,LAX,1100,1100,0,1430,1413,-17
2025,1,19,7,JFK,LAX,1105,1057,-8,1431,1409,-22
2025,1,19,7,JFK,LAX,1129,1122,-7,1446,1438,-8
2025,1,19,7,JFK,LAX,1305,1329,24,1633,1644,11
2025,1,19,7,JFK,LAX,1400,1356,-4,1719,1734,15
2025,1,19,7,JFK,LAX,1534,1529,-5,1903,1829,-34
2025,1,19,7,JFK,LAX,1550,1550,0,1924,1934,10
2025,1,19,7,JFK,LAX,1630,1623,-7,1957,1946,-11
2025,1,19,7,JFK,LAX,1645,1636,-9,2008,1953,-15
2025,1,19,7,JFK,LAX,1705,1721,16,2037,2118,41
2025,1,19,7,JFK,LAX,1729,1737,8,2056,2108,12
2025,1,19,7,JFK,LAX,1815,1814,-1,2154,2226,32
2025,1,19,7,JFK,LAX,1830,1819,-11,2149,2158,9
2025,1,19,7,JFK,LAX,1945,825,760,2328,1221,773
2025,1,19,7,JFK,LAX,2100,2307,127,33,241,128
2025,1,19,7,JFK,LAX,2130,2257,87,55,316,141
2025,1,19,7,JFK,MCI,1120,1109,-11,1353,1348,-5
2025,1,19,7,JFK,MCO,645,647,2,945,955,10
2025,1,19,7,JFK,MCO,730,759,29,1035,1110,35
2025,1,19,7,JFK,MCO,910,932,22,1214,1245,31
2025,1,19,7,JFK,MCO,1059,1100,1,1359,1429,30
2025,1,19,7,JFK,MCO,1130,1125,-5,1430,1458,28
2025,1,19,7,JFK,MCO,1330,1324,-6,1635,1719,44
2025,1,19,7,JFK,MCO,1359,1450,51,1659,1841,102
2025,1,19,7,JFK,MCO,1500,1458,-2,1806,1855,49
2025,1,19,7,JFK,MCO,1543,1636,53,1848,2027,99
2025,1,19,7,JFK,MCO,1550,1623,33,1852,2003,71
2025,1,19,7,JFK,MCO,1830,2158,208,2133,200,267
2025,1,19,7,JFK,MIA,525,522,-3,839,927,48
2025,1,19,7,JFK,MIA,630,628,-2,948,1021,33
2025,1,19,7,JFK,MIA,700,659,-1,1022,1047,25
2025,1,19,7,JFK,MIA,738,740,2,1100,1122,22
2025,1,19,7,JFK,MIA,901,859,-2,1236,1234,-2
2025,1,19,7,JFK,MIA,950,948,-2,1303,1311,8
2025,1,19,7,JFK,MIA,1110,1223,73,1435,1625,110
2025,1,19,7,JFK,MIA,1310,1305,-5,1633,1652,19
2025,1,19,7,JFK,MIA,1330,1336,6,1650,1721,31
2025,1,19,7,JFK,MIA,1526,1608,42,1854,2001,67
2025,1,19,7,JFK,MIA,1734,1737,3,2056,2158,62
2025,1,19,7,JFK,MIA,1821,1821,0,2145,2212,27
2025,1,19,7,JFK,MIA,1955,2304,189,2327,256,209
2025,1,19,7,JFK,MSP,1130,1122,-8,1350,1340,-10
2025,1,19,7,JFK,MSY,810,802,-8,1057,1038,-19
2025,1,19,7,JFK,MSY,929,920,-9,1207,1205,-2
2025,1,19,7,JFK,MSY,1622,2240,378,1903,204,421
2025,1,19,7,JFK,ORD,800,757,-3,955,942,-13
2025,1,19,7,JFK,ORD,900,853,-7,1047,1015,-32
2025,1,19,7,JFK,ORD,1350,1346,-4,1544,1520,-24
2025,1,19,7,JFK,ORD,1550,1635,45,1738,1835,57
2025,1,19,7,JFK,ORD,1555,1716,81,1750,1949,119
2025,1,19,7,JFK,ORF,1110,1103,-7,1236,1229,-7
2025,1,19,7,JFK,ORH,1259,1259,0,1402,1350,-12
2025,1,19,7,JFK,PBI,815,815,0,1130,1201,31
2025,1,19,7,JFK,PBI,1030,1038,8,1335,1411,36
2025,1,19,7,JFK,PBI,1400,1357,-3,1709,1716,7
2025,1,19,7,JFK,PBI,1554,1552,-2,1904,1942,38
2025,1,19,7,JFK,PDX,1729,1722,-7,2107,2048,-19
2025,1,19,7,JFK,PDX,1959,2210,131,2329,219,170
2025,1,19,7,JFK,PHX,630,632,2,1019,1010,-9
2025,1,19,7,JFK,PHX,730,728,-2,1115,1106,-9
2025,1,19,7,JFK,PHX,735,731,-4,1135,1113,-22
2025,1,19,7,JFK,PHX,930,929,-1,1325,1258,-27
2025,1,19,7,JFK,PHX,1259,1255,-4,1649,1626,-23
2025,1,19,7,JFK,PHX,1700,1656,-4,2050,2114,24
2025,1,19,7,JFK,PHX,1830,1819,-11,2213,2232,19
2025,1,19,7,JFK,PIT,1400,1350,-10,1542,1600,18
2025,1,19,7,JFK,PIT,1516,1550,34,1708,1830,82
2025,1,19,7,JFK,PIT,1715,1734,19,1855,1937,42
2025,1,19,7,JFK,PSP,1130,1121,-9,1437,1428,-9
2025,1,19,7,JFK,RDU,832,906,34,1027,1054,27
2025,1,19,7,JFK,RDU,1030,1025,-5,1216,1217,1
2025,1,19,7,JFK,RDU,1420,1414,-6,1609,1621,12
2025,1,19,7,JFK,RDU,1510,1503,-7,1701,1725,24
2025,1,19,7,JFK,ROC,1430,1443,13,1558,1620,22
2025,1,19,7,JFK,RSW,600,605,5,920,938,18
2025,1,19,7,JFK,RSW,735,728,-7,1056,1050,-6
2025,1,19,7,JFK,RSW,1543,1533,-10,1904,1924,20
2025,1,19,7,JFK,SAN,700,649,-11,1011,1002,-9
2025,1,19,7,JFK,SAN,850,854,4,1225,1204,-21
2025,1,19,7,JFK,SAN,1630,1623,-7,1945,1931,-14
2025,1,19,7,JFK,SAN,1630,1631,1,1951,2027,36
2025,1,19,7,JFK,SAN,1655,1655,0,2025,2110,45
2025,1,19,7,JFK,SAT,800,750,-10,1135,1110,-25
2025,1,19,7,JFK,SAV,830,823,-7,1100,1057,-3
2025,1,19,7,JFK,SAV,1345,1342,-3,1619,1702,43
2025,1,19,7,JFK,SEA,710,705,-5,1038,1024,-14
2025,1,19,7,JFK,SEA,1300,1254,-6,1628,1553,-35
2025,1,19,7,JFK,SEA,1600,1630,30,1927,2002,35
2025,1,19,7,JFK,SEA,1634,1719,45,1955,2110,75
2025,1,19,7,JFK,SEA,1900,1902,2,2225,32,127
2025,1,19,7,JFK,SFO,600,556,-4,950,1033,43
2025,1,19,7,JFK,SFO,700,655,-5,1052,1008,-44
2025,1,19,7,JFK,SFO,800,800,0,1140,1137,-3
2025,1,19,7,JFK,SFO,830,821,-9,1234,1157,-37
2025,1,19,7,JFK,SFO,855,845,-10,1252,1216,-36
2025,1,19,7,JFK,SFO,1030,1022,-8,1410,1355,-15
2025,1,19,7,JFK,SFO,1110,1138,28,1459,1501,2
2025,1,19,7,JFK,SFO,1200,1151,-9,1537,1521,-16
2025,1,19,7,JFK,SFO,1455,1446,-9,1841,1751,-50
2025,1,19,7,JFK,SFO,1600,1550,-10,1946,1944,-2
2025,1,19,7,JFK,SFO,1659,1645,-14,2038,2026,-12
2025,1,19,7,JFK,SFO,1700,1657,-3,2050,2029,-21
2025,1,19,7,JFK,SFO,1705,1710,5,2054,2100,6
2025,1,19,7,JFK,SFO,2030,2119,49,14,123,69
2025,1,19,7,JFK,SFO,2030,2345,195,22,330,188
2025,1,19,7,JFK,SJU,600,554,-6,1051,1113,22
2025,1,19,7,JFK,SJU,800,748,-12,1252,1240,-12
2025,1,19,7,JFK,SJU,800,754,-6,1301,1239,-22
2025,1,19,7,JFK,SJU,1200,1154,-6,1655,1641,-14
2025,1,19,7,JFK,SJU,1200,1200,0,1649,1658,9
2025,1,19,7,JFK,SJU,1314,1304,-10,1805,1803,-2
2025,1,19,7,JFK,SJU,1600,1559,-1,2046,2111,25
2025,1,19,7,JFK,SJU,1859,1900,1,2359,148,109
2025,1,19,7,JFK,SJU,2045,2049,4,142,224,42
2025,1,19,7,JFK,SJU,2259,8,69,350,644,174
2025,1,19,7,JFK,SLC,629,622,-7,1006,919,-47
2025,1,19,7,JFK,SLC,1059,1057,-2,1431,1358,-33
2025,1,19,7,JFK,SLC,1300,1255,-5,1633,1622,-11
2025,1,19,7,JFK,SLC,1838,1829,-9,2215,2150,-25
2025,1,19,7,JFK,SNA,900,846,-14,1225,1200,-25
2025,1,19,7,JFK,STT,840,835,-5,1340,1314,-26
2025,1,19,7,JFK,STT,900,855,-5,1400,1333,-27
2025,1,19,7,JFK,SYR,959,956,-3,1121,1105,-16
2025,1,19,7,JFK,TPA,730,722,-8,1032,1111,39
2025,1,19,7,JFK,TPA,730,727,-3,1039,1046,7
2025,1,19,7,JFK,TPA,1104,1051,-13,1410,1425,15
2025,1,19,7,JFK,TPA,1130,1209,39,1438,1540,62
2025,1,19,7,JFK,TPA,1540,1548,8,1850,1936,46
2025,1,19,7,JFK,TPA,1959,2215,136,2314,346,272
2025,1,20,1,JFK,ATL,600,911,191,834,1221,227
2025,1,20,1,JFK,ATL,659,721,22,938,1045,67
2025,1,20,1,JFK,ATL,835,835,0,1115,1128,13
2025,1,20,1,JFK,ATL,1100,1054,-6,1341,1404,23
2025,1,20,1,JFK,ATL,1224,1245,21,1500,1514,14
2025,1,20,1,JFK,ATL,1440,1600,80,1718,1844,86
2025,1,20,1,JFK,ATL,1630,1632,2,1905,1922,17
2025,1,20,1,JFK,ATL,1820,1820,0,2107,2138,31
2025,1,20,1,JFK,ATL,2010,2009,-1,2259,2303,4
2025,1,20,1,JFK,ATL,2130,2137,7,11,23,12
2025,1,20,1,JFK,AUS,700,716,16,1034,1104,30
2025,1,20,1,JFK,AUS,1059,1054,-5,1426,1453,27
2025,1,20,1,JFK,AUS,1259,1255,-4,1646,1626,-20
2025,1,20,1,JFK,AUS,1800,1753,-7,2131,2154,23
2025,1,20,1,JFK,AUS,1850,1850,0,2220,2243,23
2025,1,20,1,JFK,BNA,730,726,-4,920,943,23
2025,1,20,1,JFK,BNA,900,855,-5,1049,1232,103
2025,1,20,1,JFK,BNA,1230,1221,-9,1413,1418,5
2025,1,20,1,JFK,BNA,1459,1527,28,1644,1721,37
2025,1,20,1,JFK,BNA,1529,1526,-3,1715,1757,42
2025,1,20,1,JFK,BOS,600,634,34,730,909,99
2025,1,20,1,JFK,BOS,730,800,30,847,930,43
2025,1,20,1,JFK,BOS,910,935,25,1032,1120,48
2025,1,20,1,JFK,BOS,930,1335,245,1046,1438,232
2025,1,20,1,JFK,BOS,950,949,-1,1110,1129,19
2025,1,20,1,JFK,BOS,1330,1538,128,1445,1640,115
2025,1,20,1,JFK,BOS,1430,1809,219,1554,1916,202
2025,1,20,1,JFK,BOS,1555,1612,17,1712,1715,3
2025,1,20,1,JFK,BOS,1735,1751,16,1900,1911,11
2025,1,20,1,JFK,BOS,1744,1738,-6,1906,1852,-14
2025,1,20,1,JFK,BOS,2030,2052,22,2154,2154,0
2025,1,20,1,JFK,BOS,2100,2235,95,2227,2349,82
2025,1,20,1,JFK,BOS,2159,2155,-4,2309,2301,-8
2025,1,20,1,JFK,BOS,2259,2315,16,18,9,-9
2025,1,20,1,JFK,BQN,1559,1552,-7,2049,2031,-18
2025,1,20,1,JFK,BQN,2150,2203,13,242,250,8
2025,1,20,1,JFK,BUF,630,630,0,800,816,16
2025,1,20,1,JFK,BUF,1550,1547,-3,1722,1710,-12
2025,1,20,1,JFK,BUF,1725,1832,67,1857,1957,60
2025,1,20,1,JFK,CHS,1000,1048,48,1218,1409,111
2025,1,20,1,JFK,CHS,1255,1536,161,1513,1804,171
2025,1,20,1,JFK,CLE,759,755,-4,959,955,-4
2025,1,20,1,JFK,CLT,630,631,1,841,840,-1
2025,1,20,1,JFK,CLT,800,1053,173,1015,1327,192
2025,1,20,1,JFK,CLT,1200,1206,6,1408,1420,12
2025,1,20,1,JFK,CLT,1225,1221,-4,1432,1443,11
2025,1,20,1,JFK,CLT,1454,1514,20,1705,1729,24
2025,1,20,1,JFK,CLT,1930,1927,-3,2143,2143,0
2025,1,20,1,JFK,CMH,935,1027,52,1134,1237,63
2025,1,20,1,JFK,CMH,1144,1138,-6,1341,1347,6
2025,1,20,1,JFK,CMH,1526,1524,-2,1729,1721,-8
2025,1,20,1,JFK,CMH,1630,1708,38,1828,1930,62
2025,1,20,1,JFK,CMH,2029,2302,153,2233,123,170
2025,1,20,1,JFK,CVG,850,856,6,1117,1123,6
2025,1,20,1,JFK,CVG,1315,1305,-10,1533,1541,8
2025,1,20,1,JFK,DCA,800,814,14,932,944,12
2025,1,20,1,JFK,DCA,855,850,-5,1020,1103,43
2025,1,20,1,JFK,DCA,1459,1608,69,1627,1723,56
2025,1,20,1,JFK,DCA,1628,1710,42,1800,1842,42
2025,1,20,1,JFK,DCA,1744,1739,-5,1914,1856,-18
2025,1,20,1,JFK,DCA,2029,2021,-8,2200,2142,-18
2025,1,20,1,JFK,DCA,2059,2056,-3,2241,2310,29
2025,1,20,1,JFK,DEN,830,833,3,1131,1202,31
2025,1,20,1,JFK,DEN,959,1433,274,1245,1710,265
2025,1,20,1,JFK,DEN,1655,1649,-6,1946,1933,-13
2025,1,20,1,JFK,DEN,1900,1858,-2,2138,2137,-1
2025,1,20,1,JFK,DFW,800,812,12,1120,1145,25
2025,1,20,1,JFK,DFW,1430,1434,4,1746,1800,14
2025,1,20,1,JFK,DFW,1559,1653,54,1915,2117,122
2025,1,20,1,JFK,DFW,1750,2141,231,2106,122,256
2025,1,20,1,JFK,DTW,1650,1739,49,1901,1955,54
2025,1,20,1,JFK,EGE,730,1143,253,1027,1457,270
2025,1,20,1,JFK,FLL,600,607,7,904,1011,67
2025,1,20,1,JFK,FLL,700,706,6,1018,1037,19
2025,1,20,1,JFK,FLL,800,812,12,1112,1151,39
2025,1,20,1,JFK,FLL,900,858,-2,1208,1306,58
2025,1,20,1,JFK,FLL,1115,1228,73,1428,1548,80
2025,1,20,1,JFK,FLL,1315,1316,1,1625,1638,13
2025,1,20,1,JFK,FLL,1529,1707,98,1846,2041,115
2025,1,20,1,JFK,FLL,1555,1554,-1,1907,1908,1
2025,1,20,1,JFK,FLL,1720,2120,240,2036,104,268
2025,1,20,1,JFK,FLL,1930,1929,-1,2242,2330,48
2025,1,20,1,JFK,FLL,1955,2059,64,2318,7,49
2025,1,20,1,JFK,HNL,1000,1029,29,1615,1647,32
2025,1,20,1,JFK,HNL,1000,1057,57,1619,1648,29
2025,1,20,1,JFK,IAH,800,859,59,1112,1255,103
2025,1,20,1,JFK,IND,1416,1412,-4,1639,1645,6
2025,1,20,1,JFK,IND,1440,1438,-2,1704,1711,7
2025,1,20,1,JFK,IND,1559,1623,24,1825,1858,33
2025,1,20,1,JFK,IND,1829,1904,35,2056,2148,52
2025,1,20,1,JFK,JAX,740,831,51,1025,1235,130
2025,1,20,1,JFK,JAX,815,818,3,1057,1228,91
2025,1,20,1,JFK,JAX,1330,1325,-5,1611,1613,2
2025,1,20,1,JFK,JAX,1830,1920,50,2111,2215,64
2025,1,20,1,JFK,JAX,1929,1950,21,2220,2239,19
2025,1,20,1,JFK,LAS,735,736,1,1042,1107,25
2025,1,20,1,JFK,LAS,735,756,21,1029,1136,67
2025,1,20,1,JFK,LAS,759,752,-7,1058,1122,24
2025,1,20,1,JFK,LAS,959,958,-1,1249,1319,30
2025,1,20,1,JFK,LAS,1130,1247,77,1434,1540,66
2025,1,20,1,JFK,LAS,1615,1622,7,1923,1902,-21
2025,1,20,1,JFK,LAS,1735,1732,-3,2025,2022,-3
2025,1,20,1,JFK,LAS,1859,1956,57,2208,2234,26
2025,1,20,1,JFK,LAS,2059,2055,-4,4,2325,-39
2025,1,20,1,JFK,LAS,2115,2112,-3,28,6,-22
2025,1,20,1,JFK,LAX,600,619,19,929,935,6
2025,1,20,1,JFK,LAX,659,654,-5,1028,1003,-25
2025,1,20,1,JFK,LAX,700,656,-4,1021,1011,-10
2025,1,20,1,JFK,LAX,710,708,-2,1040,1028,-12
2025,1,20,1,JFK,LAX,800,817,17,1129,1125,-4
2025,1,20,1,JFK,LAX,820,818,-2,1142,1220,38
2025,1,20,1,JFK,LAX,850,858,8,1226,1226,0
2025,1,20,1,JFK,LAX,930,925,-5,1250,1254,4
2025,1,20,1,JFK,LAX,955,1127,92,1326,1514,108
2025,1,20,1,JFK,LAX,1100,1127,27,1430,1443,13
2025,1,20,1,JFK,LAX,1105,1104,-1,1431,1437,6
2025,1,20,1,JFK,LAX,1129,1126,-3,1446,1452,6
2025,1,20,1,JFK,LAX,1305,1257,-8,1633,1611,-22
2025,1,20,1,JFK,LAX,1400,1350,-10,1719,1651,-28
2025,1,20,1,JFK,LAX,1534,1555,21,1903,1829,-34
2025,1,20,1,JFK,LAX,1550,1549,-1,1924,1857,-27
2025,1,20,1,JFK,LAX,1630,1623,-7,1957,1915,-42
2025,1,20,1,JFK,LAX,1645,1645,0,2008,1929,-39
2025,1,20,1,JFK,LAX,1705,1724,19,2037,2048,11
2025,1,20,1,JFK,LAX,1729,1724,-5,2056,2022,-34
2025,1,20,1,JFK,LAX,1815,1814,-1,2154,2135,-19
2025,1,20,1,JFK,LAX,1830,1829,-1,2149,2118,-31
2025,1,20,1,JFK,LAX,1929,2040,71,2310,7,57
2025,1,20,1,JFK,LAX,1959,1955,-4,2332,2245,-47
2025,1,20,1,JFK,LAX,2100,2057,-3,33,2355,-38
2025,1,20,1,JFK,LAX,2130,2125,-5,55,26,-29
2025,1,20,1,JFK,MCI,1120,1119,-1,1353,1417,24
2025,1,20,1,JFK,MCO,645,649,4,945,1036,51
2025,1,20,1,JFK,MCO,910,1315,245,1214,1642,268
2025,1,20,1,JFK,MCO,1100,1054,-6,1400,1440,40
2025,1,20,1,JFK,MCO,1130,1225,55,1430,1530,60
2025,1,20,1,JFK,MCO,1330,1340,10,1635,1705,30
2025,1,20,1,JFK,MCO,1359,1352,-7,1659,1709,10
2025,1,20,1,JFK,MCO,1500,1827,207,1806,2147,221
2025,1,20,1,JFK,MCO,1543,1737,114,1848,2046,118
2025,1,20,1,JFK,MCO,1550,1604,14,1852,1910,18
2025,1,20,1,JFK,MCO,1830,1826,-4,2133,2150,17
2025,1,20,1,JFK,MCO,1929,1933,4,2236,2239,3
2025,1,20,1,JFK,MIA,525,523,-2,839,859,20
2025,1,20,1,JFK,MIA,630,701,31,948,1052,64
2025,1,20,1,JFK,MIA,700,709,9,1022,1027,5
2025,1,20,1,JFK,MIA,738,746,8,1100,1123,23
2025,1,20,1,JFK,MIA,901,903,2,1236,1221,-15
2025,1,20,1,JFK,MIA,950,942,-8,1303,1403,60
2025,1,20,1,JFK,MIA,1110,1155,45,1435,1534,59
2025,1,20,1,JFK,MIA,1310,1323,13,1633,1702,29
2025,1,20,1,JFK,MIA,1330,1343,13,1650,1701,11
2025,1,20,1,JFK,MIA,1500,1523,23,1815,1857,42
2025,1,20,1,JFK,MIA,1526,1549,23,1854,1940,46
2025,1,20,1,JFK,MIA,1734,1732,-2,2056,2116,20
2025,1,20,1,JFK,MIA,1821,1836,15,2145,2212,27
2025,1,20,1,JFK,MIA,1955,2040,45,2327,2356,29
2025,1,20,1,JFK,MIA,2030,2106,36,2348,41,53
2025,1,20,1,JFK,MKE,1750,1754,4,1939,1944,5
2025,1,20,1,JFK,MSP,1130,1138,8,1350,1401,11
2025,1,20,1,JFK,MSY,810,837,27,1057,1220,83
2025,1,20,1,JFK,MSY,929,928,-1,1207,1247,40
2025,1,20,1,JFK,MSY,1622,1808,106,1903,2102,119
2025,1,20,1,JFK,ORD,800,830,30,955,1121,86
2025,1,20,1,JFK,ORD,900,859,-1,1047,1049,2
2025,1,20,1,JFK,ORD,1550,1547,-3,1738,1726,-12
2025,1,20,1,JFK,ORD,1555,1706,71,1750,1922,92
2025,1,20,1,JFK,ORD,1929,1925,-4,2128,2118,-10
2025,1,20,1,JFK,ORF,1110,1103,-7,1236,1237,1
2025,1,20,1,JFK,ORF,2155,2146,-9,2325,2327,2
2025,1,20,1,JFK,ORH,1259,1252,-7,1402,1346,-16
2025,1,20,1,JFK,PBI,815,813,-2,1130,1215,45
2025,1,20,1,JFK,PBI,1030,1056,26,1335,1438,63
2025,1,20,1,JFK,PBI,1400,1434,34,1709,1802,53
2025,1,20,1,JFK,PBI,1509,1528,19,1815,1833,18
2025,1,20,1,JFK,PBI,1554,2012,258,1904,2335,271
2025,1,20,1,JFK,PBI,2000,2104,64,2306,30,84
2025,1,20,1,JFK,PDX,1729,1724,-5,2107,2032,-35
2025,1,20,1,JFK,PDX,1959,2018,19,2329,2339,10
2025,1,20,1,JFK,PHX,625,705,40,1015,1113,58
2025,1,20,1,JFK,PHX,730,723,-7,1115,1122,7
2025,1,20,1,JFK,PHX,735,739,4,1135,1132,-3
2025,1,20,1,JFK,PHX,930,931,1,1325,1315,-10
2025,1,20,1,JFK,PHX,1259,1255,-4,1649,1649,0
2025,1,20,1,JFK,PHX,1700,1657,-3,2050,2048,-2
2025,1,20,1,JFK,PHX,1830,1822,-8,2213,2156,-17
2025,1,20,1,JFK,PHX,1950,2005,15,2359,2,3
2025,1,20,1,JFK,PIT,1400,1358,-2,1542,1531,-11
2025,1,20,1,JFK,PIT,1516,1652,96,1708,1908,120
2025,1,20,1,JFK,PIT,1715,1704,-11,1855,1902,7
2025,1,20,1,JFK,PIT,2029,2224,115,2220,11,111
2025,1,20,1,JFK,PSP,930,914,-16,1237,1230,-7
2025,1,20,1,JFK,RDU,832,911,39,1027,1148,81
2025,1,20,1,JFK,RDU,1030,1029,-1,1216,1245,29
2025,1,20,1,JFK,RDU,1420,1530,70,1609,1724,75
2025,1,20,1,JFK,RDU,1510,1500,-10,1701,1659,-2
2025,1,20,1,JFK,RDU,2030,2031,1,2225,2252,27
2025,1,20,1,JFK,RDU,2130,2126,-4,2324,2346,22
2025,1,20,1,JFK,ROC,1050,1230,100,1217,1357,100
2025,1,20,1,JFK,ROC,1430,1531,61,1557,1659,62
2025,1,20,1,JFK,ROC,2220,2243,23,2356,29,33
2025,1,20,1,JFK,RSW,600,606,6,920,959,39
2025,1,20,1,JFK,RSW,735,1110,215,1056,1523,267
2025,1,20,1,JFK,RSW,1543,1636,53,1904,2011,67
2025,1,20,1,JFK,RSW,1750,1836,46,2110,2225,75
2025,1,20,1,JFK,SAN,700,724,24,1011,1049,38
2025,1,20,1,JFK,SAN,850,1016,86,1225,1446,141
2025,1,20,1,JFK,SAN,1630,1621,-9,1951,1937,-14
2025,1,20,1,JFK,SAN,1630,1624,-6,1945,1938,-7
2025,1,20,1,JFK,SAN,1655,1655,0,2025,2018,-7
2025,1,20,1,JFK,SAN,2057,2056,-1,32,2356,-36
2025,1,20,1,JFK,SAT,800,800,0,1135,1159,24
2025,1,20,1,JFK,SAV,830,912,42,1100,1210,70
2025,1,20,1,JFK,SAV,1345,1545,120,1619,1812,113
2025,1,20,1,JFK,SAV,1859,1918,19,2141,2155,14
2025,1,20,1,JFK,SEA,710,706,-4,1038,1010,-28
2025,1,20,1,JFK,SEA,1130,1114,-16,1458,1418,-40
2025,1,20,1,JFK,SEA,1600,1558,-2,1927,1902,-25
2025,1,20,1,JFK,SEA,1634,1647,13,1955,1950,-5
2025,1,20,1,JFK,SEA,1900,1948,48,2225,2234,9
2025,1,20,1,JFK,SFO,600,608,8,950,928,-22
2025,1,20,1,JFK,SFO,700,711,11,1052,1039,-13
2025,1,20,1,JFK,SFO,800,800,0,1140,1145,5
2025,1,20,1,JFK,SFO,825,941,76,1233,1329,56
2025,1,20,1,JFK,SFO,855,856,1,1252,1223,-29
2025,1,20,1,JFK,SFO,1030,1037,7,1410,1359,-11
2025,1,20,1,JFK,SFO,1110,1119,9,1459,1447,-12
2025,1,20,1,JFK,SFO,1200,1159,-1,1537,1510,-27
2025,1,20,1,JFK,SFO,1300,1248,-12,1645,1618,-27
2025,1,20,1,JFK,SFO,1455,1449,-6,1841,1740,-61
2025,1,20,1,JFK,SFO,1600,1604,4,1946,1906,-40
2025,1,20,1,JFK,SFO,1659,1705,6,2038,2020,-18
2025,1,20,1,JFK,SFO,1700,1654,-6,2050,2009,-41
2025,1,20,1,JFK,SFO,1705,1703,-2,2054,2022,-32
2025,1,20,1,JFK,SFO,1925,2007,42,2317,2342,25
2025,1,20,1,JFK,SFO,2030,2025,-5,22,2331,-51
2025,1,20,1,JFK,SFO,2030,2033,3,14,2340,-34
2025,1,20,1,JFK,SJU,600,755,115,1051,1252,121
2025,1,20,1,JFK,SJU,800,759,-1,1252,1246,-6
2025,1,20,1,JFK,SJU,800,815,15,1301,1317,16
2025,1,20,1,JFK,SJU,1155,1150,-5,1644,1650,6
2025,1,20,1,JFK,SJU,1200,1224,24,1655,1704,9
2025,1,20,1,JFK,SJU,1314,1302,-12,1805,1750,-15
2025,1,20,1,JFK,SJU,1600,1728,88,2046,2226,100
2025,1,20,1,JFK,SJU,1859,1855,-4,2359,2343,-16
2025,1,20,1,JFK,SJU,2045,2243,118,142,325,103
2025,1,20,1,JFK,SJU,2259,2256,-3,350,346,-4
2025,1,20,1,JFK,SLC,650,650,0,1027,1000,-27
2025,1,20,1,JFK,SLC,1059,1107,8,1431,1449,18
2025,1,20,1,JFK,SLC,1300,1338,38,1633,1642,9
2025,1,20,1,JFK,SLC,1830,1831,1,2155,2133,-22
2025,1,20,1,JFK,SLC,1838,1912,34,2215,2214,-1
2025,1,20,1,JFK,SNA,900,857,-3,1225,1227,2
2025,1,20,1,JFK,STT,840,852,12,1340,1415,35
2025,1,20,1,JFK,STT,859,852,-7,1359,1358,-1
2025,1,20,1,JFK,SYR,959,1020,21,1121,1154,33
2025,1,20,1,JFK,SYR,1815,1932,77,1936,2057,81
2025,1,20,1,JFK,SYR,2225,2256,31,2350,30,40
2025,1,20,1,JFK,TPA,730,725,-5,1032,1100,28
2025,1,20,1,JFK,TPA,730,750,20,1039,1203,84
2025,1,20,1,JFK,TPA,1104,1058,-6,1410,1443,33
2025,1,20,1,JFK,TPA,1128,1254,86,1436,1616,100
2025,1,20,1,JFK,TPA,1540,1624,44,1850,2007,77
2025,1,20,1,JFK,TPA,1745,2010,145,2054,2332,158
2025,1,20,1,JFK,TPA,1959,2146,107,2314,105,111
2025,1,21,2,JFK,ATL,600,600,0,834,857,23
2025,1,21,2,JFK,ATL,659,656,-3,938,1003,25
2025,1,21,2,JFK,ATL,835,844,9,1115,1120,5
2025,1,21,2,JFK,ATL,1100,1050,-10,1341,1345,4
2025,1,21,2,JFK,ATL,1224,1219,-5,1500,1509,9
2025,1,21,2,JFK,ATL,1440,1437,-3,1718,1743,25
2025,1,21,2,JFK,ATL,1630,1728,58,1905,2129,144
2025,1,21,2,JFK,ATL,1820,1934,74,2107,2336,149
2025,1,21,2,JFK,ATL,2130,2125,-5,11,26,15
2025,1,21,2,JFK,AUS,700,656,-4,1034,1059,25
2025,1,21,2,JFK,AUS,1059,1056,-3,1426,1449,23
2025,1,21,2,JFK,AUS,1259,1455,116,1646,1839,113
2025,1,21,2,JFK,AUS,1800,1756,-4,2131,2151,20
2025,1,21,2,JFK,AUS,1850,1841,-9,2220,2154,-26
2025,1,21,2,JFK,BNA,900,851,-9,1049,1057,8
2025,1,21,2,JFK,BNA,1230,1216,-14,1413,1424,11
2025,1,21,2,JFK,BNA,1459,1512,13,1644,1718,34
2025,1,21,2,JFK,BNA,1529,1522,-7,1715,1805,50
2025,1,21,2,JFK,BOS,600,550,-10,730,706,-24
2025,1,21,2,JFK,BOS,730,728,-2,847,825,-22
2025,1,21,2,JFK,BOS,910,901,-9,1032,1004,-28
2025,1,21,2,JFK,BOS,929,930,1,1045,1032,-13
2025,1,21,2,JFK,BOS,950,944,-6,1110,1042,-28
2025,1,21,2,JFK,BOS,1400,1348,-12,1514,1454,-20
2025,1,21,2,JFK,BOS,1430,1515,45,1554,1609,15
2025,1,21,2,JFK,BOS,1555,1554,-1,1712,1659,-13
2025,1,21,2,JFK,BOS,1735,1732,-3,1900,1847,-13
2025,1,21,2,JFK,BOS,1744,1744,0,1906,1850,-16
2025,1,21,2,JFK,BOS,2030,2045,15,2154,2146,-8
2025,1,21,2,JFK,BOS,2059,2058,-1,2222,2203,-19
2025,1,21,2,JFK,BOS,2159,2149,-10,2309,2249,-20
2025,1,21,2,JFK,BOS,2259,2255,-4,18,3,-15
2025,1,21,2,JFK,BQN,1530,1539,9,2022,2033,11
2025,1,21,2,JFK,BQN,2150,2142,-8,242,233,-9
2025,1,21,2,JFK,BUF,630,621,-9,800,759,-1
2025,1,21,2,JFK,BUF,1550,1538,-12,1722,1732,10
2025,1,21,2,JFK,BUF,1725,1755,30,1857,1922,25
2025,1,21,2,JFK,CHS,959,950,-9,1219,1232,13
2025,1,21,2,JFK,CLE,759,747,-12,959,942,-17
2025,1,21,2,JFK,CLE,1220,1207,-13,1415,1415,0
2025,1,21,2,JFK,CLT,630,624,-6,841,831,-10
2025,1,21,2,JFK,CLT,800,753,-7,1015,1016,1
2025,1,21,2,JFK,CLT,1200,1153,-7,1408,1408,0
2025,1,21,2,JFK,CLT,1225,1217,-8,1432,1444,12
2025,1,21,2,JFK,CLT,1454,1602,68,1705,1831,86
2025,1,21,2,JFK,CLT,1930,1927,-3,2143,2154,11
2025,1,21,2,JFK,CMH,935,934,-1,1134,1142,8
2025,1,21,2,JFK,CMH,1144,1134,-10,1341,1350,9
2025,1,21,2,JFK,CMH,1526,1527,1,1729,1740,11
2025,1,21,2,JFK,CMH,1630,1625,-5,1828,1843,15
2025,1,21,2,JFK,CMH,2029,2029,0,2233,2243,10
2025,1,21,2,JFK,CVG,850,835,-15,1117,1136,19
2025,1,21,2,JFK,CVG,1315,1337,22,1533,1623,50
2025,1,21,2,JFK,DCA,800,753,-7,932,913,-19
2025,1,21,2,JFK,DCA,855,848,-7,1020,1002,-18
2025,1,21,2,JFK,DCA,1459,1457,-2,1627,1621,-6
2025,1,21,2,JFK,DCA,1628,1627,-1,1800,1751,-9
2025,1,21,2,JFK,DCA,1744,1737,-7,1914,1918,4
2025,1,21,2,JFK,DCA,2029,2040,11,2200,2202,2
2025,1,21,2,JFK,DCA,2059,2056,-3,2241,2241,0
2025,1,21,2,JFK,DEN,830,833,3,1131,1108,-23
2025,1,21,2,JFK,DEN,1655,1652,-3,1946,1931,-15
2025,1,21,2,JFK,DEN,1900,1852,-8,2138,2109,-29
2025,1,21,2,JFK,DFW,800,757,-3,1120,1129,9
2025,1,21,2,JFK,DFW,843,839,-4,1205,1207,2
2025,1,21,2,JFK,DFW,1430,1428,-2,1746,1756,10
2025,1,21,2,JFK,DFW,1559,1553,-6,1915,1918,3
2025,1,21,2,JFK,DFW,1750,1749,-1,2106,2101,-5
2025,1,21,2,JFK,DTW,1650,1642,-8,1901,1843,-18
2025,1,21,2,JFK,EGE,730,728,-2,1027,1003,-24
2025,1,21,2,JFK,FLL,600,554,-6,904,918,14
2025,1,21,2,JFK,FLL,700,659,-1,1018,1023,5
2025,1,21,2,JFK,FLL,800,752,-8,1112,1116,4
2025,1,21,2,JFK,FLL,900,900,0,1208,1225,17
2025,1,21,2,JFK,FLL,1115,1115,0,1428,1449,21
2025,1,21,2,JFK,FLL,1315,1316,1,1625,1700,35
2025,1,21,2,JFK,FLL,1529,1529,0,1846,1846,0
2025,1,21,2,JFK,FLL,1555,1550,-5,1907,1926,19
2025,1,21,2,JFK,FLL,1720,1716,-4,2036,2039,3
2025,1,21,2,JFK,FLL,1930,1923,-7,2242,2235,-7
2025,1,21,2,JFK,HNL,1000,1330,210,1615,1927,192
2025,1,21,2,JFK,IND,1416,1413,-3,1639,1634,-5
2025,1,21,2,JFK,IND,1440,1428,-12,1704,1659,-5
2025,1,21,2,JFK,IND,1559,1549,-10,1825,1837,12
2025,1,21,2,JFK,IND,1829,1849,20,2056,2143,47
2025,1,21,2,JFK,JAX,740,805,25,1025,1136,71
2025,1,21,2,JFK,JAX,815,813,-2,1057,1116,19
2025,1,21,2,JFK,JAX,1330,1325,-5,1611,1619,8
2025,1,21,2,JFK,LAS,735,731,-4,1029,1005,-24
2025,1,21,2,JFK,LAS,735,753,18,1042,1019,-23
2025,1,21,2,JFK,LAS,759,808,9,1058,1044,-14
2025,1,21,2,JFK,LAS,959,950,-9,1249,1234,-15
2025,1,21,2,JFK,LAS,1130,1124,-6,1434,1358,-36
2025,1,21,2,JFK,LAS,1615,1615,0,1923,1906,-17
2025,1,21,2,JFK,LAS,1735,1739,4,2025,2028,3
2025,1,21,2,JFK,LAS,1859,1853,-6,2208,2159,-9
2025,1,21,2,JFK,LAS,2059,2056,-3,4,12,8
2025,1,21,2,JFK,LAS,2115,2142,27,28,40,12
2025,1,21,2,JFK,LAX,600,558,-2,929,905,-24
2025,1,21,2,JFK,LAX,659,653,-6,1028,955,-33
2025,1,21,2,JFK,LAX,700,657,-3,1021,1002,-19
2025,1,21,2,JFK,LAX,710,1211,301,1040,1502,262
2025,1,21,2,JFK,LAX,800,758,-2,1129,1104,-25
2025,1,21,2,JFK,LAX,820,815,-5,1142,1113,-29
2025,1,21,2,JFK,LAX,850,846,-4,1226,1149,-37
2025,1,21,2,JFK,LAX,929,919,-10,1249,1212,-37
2025,1,21,2,JFK,LAX,955,954,-1,1326,1255,-31
2025,1,21,2,JFK,LAX,1100,1059,-1,1430,1405,-25
2025,1,21,2,JFK,LAX,1105,1101,-4,1431,1407,-24
2025,1,21,2,JFK,LAX,1129,1136,7,1446,1434,-12
2025,1,21,2,JFK,LAX,1305,1258,-7,1633,1612,-21
2025,1,21,2,JFK,LAX,1400,1354,-6,1719,1726,7
2025,1,21,2,JFK,LAX,1534,1631,57,1903,1945,42
2025,1,21,2,JFK,LAX,1550,1548,-2,1924,1905,-19
2025,1,21,2,JFK,LAX,1630,1632,2,1957,1952,-5
2025,1,21,2,JFK,LAX,1645,1636,-9,2008,1948,-20
2025,1,21,2,JFK,LAX,1705,1711,6,2037,2032,-5
2025,1,21,2,JFK,LAX,1729,1723,-6,2056,2044,-12
2025,1,21,2,JFK,LAX,1830,1852,22,2149,2222,33
2025,1,21,2,JFK,LAX,1945,1941,-4,2328,2254,-34
2025,1,21,2,JFK,LAX,1959,1955,-4,2332,20,48
2025,1,21,2,JFK,LAX,2100,2058,-2,33,20,-13
2025,1,21,2,JFK,LAX,2130,2130,0,55,110,15
2025,1,21,2,JFK,MCI,1120,1111,-9,1353,1345,-8
2025,1,21,2,JFK,MCO,730,731,1,1035,1105,30
2025,1,21,2,JFK,MCO,910,906,-4,1214,1225,11
2025,1,21,2,JFK,MCO,1100,1102,2,1400,1438,38
2025,1,21,2,JFK,MCO,1130,1125,-5,1430,1450,20
2025,1,21,2,JFK,MCO,1330,1323,-7,1635,1639,4
2025,1,21,2,JFK,MCO,1359,1511,72,1659,1846,107
2025,1,21,2,JFK,MCO,1500,1457,-3,1806,1815,9
2025,1,21,2,JFK,MCO,1546,1554,8,1854,1923,29
2025,1,21,2,JFK,MCO,1550,1550,0,1852,1927,35
2025,1,21,2,JFK,MCO,1830,1849,19,2133,2200,27
2025,1,21,2,JFK,MIA,525,524,-1,839,852,13
2025,1,21,2,JFK,MIA,630,623,-7,948,950,2
2025,1,21,2,JFK,MIA,700,659,-1,1022,1102,40
2025,1,21,2,JFK,MIA,738,732,-6,1100,1050,-10
2025,1,21,2,JFK,MIA,901,859,-2,1236,1242,6
2025,1,21,2,JFK,MIA,950,1121,91,1303,1457,114
2025,1,21,2,JFK,MIA,1110,1109,-1,1435,1436,1
2025,1,21,2,JFK,MIA,1310,1306,-4,1633,1635,2
2025,1,21,2,JFK,MIA,1330,1327,-3,1650,1651,1
2025,1,21,2,JFK,MIA,1500,1529,29,1815,1919,64
2025,1,21,2,JFK,MIA,1734,1729,-5,2056,2107,11
2025,1,21,2,JFK,MIA,1745,1740,-5,2111,2059,-12
2025,1,21,2,JFK,MIA,1821,1819,-2,2145,2203,18
2025,1,21,2,JFK,MIA,2030,2022,-8,2348,2349,1
2025,1,21,2,JFK,MKE,1750,1742,-8,1939,1941,2
2025,1,21,2,JFK,MSP,1130,1125,-5,1350,1341,-9
2025,1,21,2,JFK,ORD,800,836,36,955,1028,33
2025,1,21,2,JFK,ORD,900,859,-1,1047,1041,-6
2025,1,21,2,JFK,ORD,1550,1549,-1,1738,1736,-2
2025,1,21,2,JFK,ORD,1555,1552,-3,1750,1735,-15
2025,1,21,2,JFK,ORD,1929,1923,-6,2128,2050,-38
2025,1,21,2,JFK,ORF,1110,1104,-6,1236,1237,1
2025,1,21,2,JFK,ORH,1259,1249,-10,1402,1346,-16
2025,1,21,2,JFK,PBI,815,814,-1,1130,1205,35
2025,1,21,2,JFK,PBI,1030,1146,76,1335,1515,100
2025,1,21,2,JFK,PBI,1329,1329,0,1638,1706,28
2025,1,21,2,JFK,PBI,1509,1510,1,1815,1840,25
2025,1,21,2,JFK,PBI,1554,1812,138,1904,2135,151
2025,1,21,2,JFK,PBI,2000,1955,-5,2306,2316,10
2025,1,21,2,JFK,PDX,1729,1736,7,2107,2048,-19
2025,1,21,2,JFK,PDX,1959,1949,-10,2329,3,34
2025,1,21,2,JFK,PHX,625,618,-7,1015,1012,-3
2025,1,21,2,JFK,PHX,730,721,-9,1115,1042,-33
2025,1,21,2,JFK,PHX,735,728,-7,1135,1122,-13
2025,1,21,2,JFK,PHX,930,930,0,1325,1250,-35
2025,1,21,2,JFK,PHX,1259,1258,-1,1649,1637,-12
2025,1,21,2,JFK,PHX,1700,1704,4,2050,2044,-6
2025,1,21,2,JFK,PHX,1830,1821,-9,2213,2208,-5
2025,1,21,2,JFK,PHX,1950,1949,-1,2359,2332,-27
2025,1,21,2,JFK,PIT,1400,1347,-13,1542,1540,-2
2025,1,21,2,JFK,PIT,1516,1512,-4,1708,1707,-1
2025,1,21,2,JFK,PIT,1715,1711,-4,1855,1901,6
2025,1,21,2,JFK,PIT,2029,2034,5,2220,2219,-1
2025,1,21,2,JFK,PSP,930,922,-8,1237,1219,-18
2025,1,21,2,JFK,RDU,829,822,-7,1024,1020,-4
2025,1,21,2,JFK,RDU,1030,1024,-6,1216,1224,8
2025,1,21,2,JFK,RDU,1420,1417,-3,1609,1620,11
2025,1,21,2,JFK,RDU,1510,1504,-6,1701,1717,16
2025,1,21,2,JFK,RDU,2130,2228,58,2324,51,87
2025,1,21,2,JFK,ROC,1050,1048,-2,1217,1210,-7
2025,1,21,2,JFK,ROC,1430,1430,0,1557,1600,3
2025,1,21,2,JFK,ROC,2155,113,198,2326,235,189
2025,1,21,2,JFK,ROC,2220,2238,18,2356,10,14
2025,1,21,2,JFK,RSW,600,551,-9,920,930,10
2025,1,21,2,JFK,RSW,735,735,0,1056,1120,24
2025,1,21,2,JFK,RSW,1543,1539,-4,1904,1920,16
2025,1,21,2,JFK,RSW,1750,1745,-5,2110,2136,26
2025,1,21,2,JFK,SAN,700,653,-7,1011,951,-20
2025,1,21,2,JFK,SAN,850,912,22,1225,1216,-9
2025,1,21,2,JFK,SAN,1630,1626,-4,1945,1948,3
2025,1,21,2,JFK,SAN,1630,1627,-3,1951,1943,-8
2025,1,21,2,JFK,SAN,1655,1650,-5,2025,1955,-30
2025,1,21,2,JFK,SAT,800,755,-5,1135,1154,19
2025,1,21,2,JFK,SAV,1345,1338,-7,1619,1631,12
2025,1,21,2,JFK,SEA,710,707,-3,1038,1018,-20
2025,1,21,2,JFK,SEA,1130,1125,-5,1458,1443,-15
2025,1,21,2,JFK,SEA,1600,1554,-6,1927,1906,-21
2025,1,21,2,JFK,SEA,1634,1635,1,1955,1934,-21
2025,1,21,2,JFK,SEA,1900,1855,-5,2225,2203,-22
2025,1,21,2,JFK,SFO,600,558,-2,950,943,-7
2025,1,21,2,JFK,SFO,700,656,-4,1052,1026,-26
2025,1,21,2,JFK,SFO,800,818,18,1140,1154,14
2025,1,21,2,JFK,SFO,825,817,-8,1233,1149,-44
2025,1,21,2,JFK,SFO,855,851,-4,1252,1212,-40
2025,1,21,2,JFK,SFO,1030,1025,-5,1410,1346,-24
2025,1,21,2,JFK,SFO,1110,1348,158,1459,1711,132
2025,1,21,2,JFK,SFO,1200,1153,-7,1537,1526,-11
2025,1,21,2,JFK,SFO,1300,1251,-9,1645,1626,-19
2025,1,21,2,JFK,SFO,1455,1451,-4,1841,1811,-30
2025,1,21,2,JFK,SFO,1600,1553,-7,1946,1922,-24
2025,1,21,2,JFK,SFO,1659,1654,-5,2038,2035,-3
2025,1,21,2,JFK,SFO,1700,1656,-4,2050,2034,-16
2025,1,21,2,JFK,SFO,1705,1710,5,2054,2030,-24
2025,1,21,2,JFK,SFO,2030,2025,-5,14,27,13
2025,1,21,2,JFK,SFO,2030,2040,10,22,23,1
2025,1,21,2,JFK,SJU,600,726,86,1051,1330,159
2025,1,21,2,JFK,SJU,800,755,-5,1301,1250,-11
2025,1,21,2,JFK,SJU,800,809,9,1252,1302,10
2025,1,21,2,JFK,SJU,1200,1151,-9,1655,1650,-5
2025,1,21,2,JFK,SJU,1200,1204,4,1649,1656,7
2025,1,21,2,JFK,SJU,1314,1308,-6,1805,1757,-8
2025,1,21,2,JFK,SJU,1459,1521,22,1949,2017,28
2025,1,21,2,JFK,SJU,2045,2050,5,142,157,15
2025,1,21,2,JFK,SJU,2259,2253,-6,350,342,-8
2025,1,21,2,JFK,SLC,650,651,1,1027,1013,-14
2025,1,21,2,JFK,SLC,1059,1059,0,1431,1403,-28
2025,1,21,2,JFK,SLC,1300,1256,-4,1633,1608,-25
2025,1,21,2,JFK,SLC,1830,1835,5,2155,2155,0
2025,1,21,2,JFK,SLC,1838,1837,-1,2215,2158,-17
2025,1,21,2,JFK,SNA,900,923,23,1225,1228,3
2025,1,21,2,JFK,SRQ,630,615,-15,939,958,19
2025,1,21,2,JFK,STT,840,836,-4,1340,1440,60
2025,1,21,2,JFK,STT,859,903,4,1359,1426,27
2025,1,21,2,JFK,SYR,1815,1812,-3,1936,1941,5
2025,1,21,2,JFK,SYR,2230,2224,-6,2355,2346,-9
2025,1,21,2,JFK,TPA,730,727,-3,1032,1052,20
2025,1,21,2,JFK,TPA,1104,1058,-6,1410,1433,23
2025,1,21,2,JFK,TPA,1130,1400,150,1438,1730,172
2025,1,21,2,JFK,TPA,1540,1533,-7,1850,1909,19
2025,1,21,2,JFK,TPA,1745,1754,9,2054,2152,58
2025,1,21,2,JFK,TPA,1959,1953,-6,2314,2325,11
2025,1,22,3,JFK,ATL,600,559,-1,834,852,18
2025,1,22,3,JFK,ATL,659,649,-10,938,956,18
2025,1,22,3,JFK,ATL,835,1115,160,1115,1342,147
2025,1,22,3,JFK,ATL,1100,1454,234,1341,1746,245
2025,1,22,3,JFK,ATL,1224,1223,-1,1500,1456,-4
2025,1,22,3,JFK,ATL,1440,1443,3,1718,1714,-4
2025,1,22,3,JFK,ATL,1630,1625,-5,1905,1859,-6
2025,1,22,3,JFK,ATL,1820,1826,6,2107,2141,34
2025,1,22,3,JFK,ATL,2010,2005,-5,2259,2235,-24
2025,1,22,3,JFK,ATL,2130,2126,-4,11,2400,-11
2025,1,22,3,JFK,AUS,700,659,-1,1034,1010,-24
2025,1,22,3,JFK,AUS,1059,1053,-6,1426,1407,-19
2025,1,22,3,JFK,AUS,1259,1310,11,1646,1637,-9
2025,1,22,3,JFK,AUS,1800,1753,-7,2131,2135,4
2025,1,22,3,JFK,AUS,1850,1843,-7,2220,2208,-12
2025,1,22,3,JFK,BNA,900,854,-6,1049,1023,-26
2025,1,22,3,JFK,BNA,1230,1228,-2,1413,1348,-25
2025,1,22,3,JFK,BNA,1459,1454,-5,1644,1626,-18
2025,1,22,3,JFK,BNA,1529,1518,-11,1715,1718,3
2025,1,22,3,JFK,BOS,600,558,-2,730,719,-11
2025,1,22,3,JFK,BOS,730,730,0,847,831,-16
2025,1,22,3,JFK,BOS,910,859,-11,1032,1005,-27
2025,1,22,3,JFK,BOS,930,923,-7,1046,1023,-23
2025,1,22,3,JFK,BOS,950,946,-4,1110,1043,-27
2025,1,22,3,JFK,BOS,1400,1405,5,1514,1522,8
2025,1,22,3,JFK,BOS,1430,1446,16,1554,1550,-4
2025,1,22,3,JFK,BOS,1630,1621,-9,1747,1744,-3
2025,1,22,3,JFK,BOS,1735,1845,70,1900,2016,76
2025,1,22,3,JFK,BOS,1744,1734,-10,1906,1855,-11
2025,1,22,3,JFK,BOS,2030,2028,-2,2154,2144,-10
2025,1,22,3,JFK,BOS,2100,2059,-1,2227,2207,-20
2025,1,22,3,JFK,BOS,2159,2148,-11,2309,2254,-15
2025,1,22,3,JFK,BOS,2259,2247,-12,18,2400,-18
2025,1,22,3,JFK,BQN,1530,1530,0,2022,2032,10
2025,1,22,3,JFK,BQN,2150,2220,30,242,321,39
2025,1,22,3,JFK,BUF,630,651,21,800,822,22
2025,1,22,3,JFK,BUF,1550,1542,-8,1722,1653,-29
2025,1,22,3,JFK,BUF,1725,1721,-4,1857,1849,-8
2025,1,22,3,JFK,CLE,759,747,-12,959,938,-21
2025,1,22,3,JFK,CLE,1220,1314,54,1415,1509,54
2025,1,22,3,JFK,CLT,630,621,-9,841,832,-9
2025,1,22,3,JFK,CLT,800,754,-6,1015,1058,43
2025,1,22,3,JFK,CLT,1200,1246,46,1408,1441,33
2025,1,22,3,JFK,CLT,1225,1220,-5,1432,1425,-7
2025,1,22,3,JFK,CLT,1454,1447,-7,1705,1709,4
2025,1,22,3,JFK,CLT,1930,1927,-3,2143,2117,-26
2025,1,22,3,JFK,CMH,935,928,-7,1134,1111,-23
2025,1,22,3,JFK,CMH,1144,1141,-3,1341,1322,-19
2025,1,22,3,JFK,CMH,1526,1520,-6,1729,1708,-21
2025,1,22,3,JFK,CMH,1630,1620,-10,1828,1811,-17
2025,1,22,3,JFK,CMH,2029,2027,-2,2233,2218,-15
2025,1,22,3,JFK,CVG,850,840,-10,1117,1047,-30
2025,1,22,3,JFK,CVG,1315,1307,-8,1533,1527,-6
2025,1,22,3,JFK,DCA,800,754,-6,932,911,-21
2025,1,22,3,JFK,DCA,855,844,-11,1020,1027,7
2025,1,22,3,JFK,DCA,1459,1453,-6,1627,1602,-25
2025,1,22,3,JFK,DCA,1628,1626,-2,1800,1743,-17
2025,1,22,3,JFK,DCA,1744,1735,-9,1914,1916,2
2025,1,22,3,JFK,DCA,2029,2026,-3,2200,2138,-22
2025,1,22,3,JFK,DCA,2059,2054,-5,2241,2237,-4
2025,1,22,3,JFK,DEN,830,829,-1,1131,1107,-24
2025,1,22,3,JFK,DEN,1655,1649,-6,1946,1916,-30
2025,1,22,3,JFK,DEN,1900,1902,2,2138,2120,-18
2025,1,22,3,JFK,DFW,800,754,-6,1120,1054,-26
2025,1,22,3,JFK,DFW,843,843,0,1205,1139,-26
2025,1,22,3,JFK,DFW,1430,1428,-2,1746,1742,-4
2025,1,22,3,JFK,DFW,1559,1554,-5,1915,1901,-14
2025,1,22,3,JFK,DFW,1750,1743,-7,2106,2102,-4
2025,1,22,3,JFK,DTW,1650,1643,-7,1901,1836,-25
2025,1,22,3,JFK,EGE,730,725,-5,1027,958,-29
2025,1,22,3,JFK,FLL,600,553,-7,904,923,19
2025,1,22,3,JFK,FLL,700,700,0,1018,1034,16
2025,1,22,3,JFK,FLL,759,756,-3,1111,1120,9
2025,1,22,3,JFK,FLL,900,853,-7,1208,1208,0
2025,1,22,3,JFK,FLL,1115,1119,4,1428,1438,10
2025,1,22,3,JFK,FLL,1315,1314,-1,1625,1630,5
2025,1,22,3,JFK,FLL,1530,1523,-7,1849,1841,-8
2025,1,22,3,JFK,FLL,1555,1613,18,1907,1941,34
2025,1,22,3,JFK,FLL,1720,1715,-5,2036,2026,-10
2025,1,22,3,JFK,FLL,1929,2010,41,2241,2313,32
2025,1,22,3,JFK,HNL,1000,956,-4,1615,1611,-4
2025,1,22,3,JFK,IND,1416,1433,17,1639,1638,-1
2025,1,22,3,JFK,IND,1440,1440,0,1704,1650,-14
2025,1,22,3,JFK,IND,1559,1549,-10,1825,1759,-26
2025,1,22,3,JFK,IND,1829,1823,-6,2056,2040,-16
2025,1,22,3,JFK,JAX,1330,1326,-4,1611,1646,35
2025,1,22,3,JFK,JAX,1830,1919,49,2111,2245,94
2025,1,22,3,JFK,JAX,1929,1928,-1,2220,2224,4
2025,1,22,3,JFK,LAS,735,730,-5,1029,959,-30
2025,1,22,3,JFK,LAS,735,733,-2,1042,1009,-33
2025,1,22,3,JFK,LAS,759,756,-3,1058,1041,-17
2025,1,22,3,JFK,LAS,959,949,-10,1249,1224,-25
2025,1,22,3,JFK,LAS,1130,1126,-4,1434,1400,-34
2025,1,22,3,JFK,LAS,1615,1608,-7,1923,1834,-49
2025,1,22,3,JFK,LAS,1735,1722,-13,2025,1955,-30
2025,1,22,3,JFK,LAS,1859,1857,-2,2208,2141,-27
2025,1,22,3,JFK,LAS,2059,2049,-10,4,7,3
2025,1,22,3,JFK,LAS,2115,2104,-11,28,2338,-50
2025,1,22,3,JFK,LAX,600,604,4,929,910,-19
2025,1,22,3,JFK,LAX,659,651,-8,1020,1000,-20
2025,1,22,3,JFK,LAX,659,651,-8,1028,1002,-26
2025,1,22,3,JFK,LAX,710,707,-3,1040,1012,-28
2025,1,22,3,JFK,LAX,800,755,-5,1129,1100,-29
2025,1,22,3,JFK,LAX,820,810,-10,1142,1125,-17
2025,1,22,3,JFK,LAX,850,845,-5,1226,1144,-42
2025,1,22,3,JFK,LAX,930,915,-15,1250,1209,-41
2025,1,22,3,JFK,LAX,955,950,-5,1326,1253,-33
2025,1,22,3,JFK,LAX,1100,1054,-6,1430,1356,-34
2025,1,22,3,JFK,LAX,1105,1105,0,1431,1400,-31
2025,1,22,3,JFK,LAX,1129,1120,-9,1446,1419,-27
2025,1,22,3,JFK,LAX,1305,1306,1,1633,1600,-33
2025,1,22,3,JFK,LAX,1400,1351,-9,1719,1659,-20
2025,1,22,3,JFK,LAX,1534,1551,17,1903,1833,-30
2025,1,22,3,JFK,LAX,1550,1550,0,1924,1915,-9
2025,1,22,3,JFK,LAX,1630,2038,248,1957,2345,228
2025,1,22,3,JFK,LAX,1645,1629,-16,2008,1918,-50
2025,1,22,3,JFK,LAX,1705,1710,5,2037,2021,-16
2025,1,22,3,JFK,LAX,1729,1728,-1,2056,2034,-22
2025,1,22,3,JFK,LAX,1830,1822,-8,2149,2118,-31
2025,1,22,3,JFK,LAX,1929,1926,-3,2310,2250,-20
2025,1,22,3,JFK,LAX,1959,2009,10,2332,2316,-16
2025,1,22,3,JFK,LAX,2100,2053,-7,33,2339,-54
2025,1,22,3,JFK,LAX,2130,2131,1,55,23,-32
2025,1,22,3,JFK,MCI,1120,1110,-10,1353,1351,-2
2025,1,22,3,JFK,MCO,645,652,7,945,1021,36
2025,1,22,3,JFK,MCO,730,721,-9,1035,1031,-4
2025,1,22,3,JFK,MCO,910,906,-4,1214,1219,5
2025,1,22,3,JFK,MCO,1100,1054,-6,1400,1407,7
2025,1,22,3,JFK,MCO,1130,1131,1,1430,1431,1
2025,1,22,3,JFK,MCO,1330,1323,-7,1635,1625,-10
2025,1,22,3,JFK,MCO,1359,1357,-2,1659,1717,18
2025,1,22,3,JFK,MCO,1500,1517,17,1806,1822,16
2025,1,22,3,JFK,MCO,1546,1551,5,1854,1839,-15
2025,1,22,3,JFK,MCO,1550,1545,-5,1852,1900,8
2025,1,22,3,JFK,MCO,1730,1726,-4,2035,2057,22
2025,1,22,3,JFK,MIA,525,522,-3,839,907,28
2025,1,22,3,JFK,MIA,630,624,-6,948,953,5
2025,1,22,3,JFK,MIA,700,656,-4,1022,1027,5
2025,1,22,3,JFK,MIA,738,732,-6,1100,1129,29
2025,1,22,3,JFK,MIA,901,854,-7,1236,1233,-3
2025,1,22,3,JFK,MIA,950,949,-1,1303,1311,8
2025,1,22,3,JFK,MIA,1110,1218,68,1435,1537,62
2025,1,22,3,JFK,MIA,1310,1304,-6,1633,1629,-4
2025,1,22,3,JFK,MIA,1330,1325,-5,1650,1648,-2
2025,1,22,3,JFK,MIA,1500,1525,25,1815,1921,66
2025,1,22,3,JFK,MIA,1734,1724,-10,2056,2101,5
2025,1,22,3,JFK,MIA,1745,1738,-7,2111,2108,-3
2025,1,22,3,JFK,MIA,1821,1817,-4,2145,2137,-8
2025,1,22,3,JFK,MIA,2030,2046,16,2348,14,26
2025,1,22,3,JFK,MKE,1750,1900,70,1939,2100,81
2025,1,22,3,JFK,MSP,1130,1211,41,1350,1410,20
2025,1,22,3,JFK,ORD,800,759,-1,955,947,-8
2025,1,22,3,JFK,ORD,900,856,-4,1047,1034,-13
2025,1,22,3,JFK,ORD,1550,1602,12,1738,1745,7
2025,1,22,3,JFK,ORD,1555,1552,-3,1750,1731,-19
2025,1,22,3,JFK,ORD,1929,1928,-1,2128,2115,-13
2025,1,22,3,JFK,ORF,1110,1106,-4,1236,1223,-13
2025,1,22,3,JFK,ORF,2155,2145,-10,2325,2326,1
2025,1,22,3,JFK,ORH,1259,1249,-10,1402,1349,-13
2025,1,22,3,JFK,PBI,815,816,1,1130,1133,3
2025,1,22,3,JFK,PBI,1030,1041,11,1335,1350,15
2025,1,22,3,JFK,PBI,1329,1323,-6,1638,1708,30
2025,1,22,3,JFK,PBI,1509,1507,-2,1815,1824,9
2025,1,22,3,JFK,PBI,1554,1636,42,1904,1942,38
2025,1,22,3,JFK,PBI,2000,1952,-8,2306,2302,-4
2025,1,22,3,JFK,PDX,1729,1723,-6,2107,2019,-48
2025,1,22,3,JFK,PDX,1959,1954,-5,2329,2236,-53
2025,1,22,3,JFK,PHX,625,620,-5,1015,1007,-8
2025,1,22,3,JFK,PHX,730,722,-8,1115,1057,-18
2025,1,22,3,JFK,PHX,735,1036,181,1135,1406,151
2025,1,22,3,JFK,PHX,930,926,-4,1325,1306,-19
2025,1,22,3,JFK,PHX,1259,1311,12,1649,1646,-3
2025,1,22,3,JFK,PHX,1700,1708,8,2050,2043,-7
2025,1,22,3,JFK,PHX,1830,1822,-8,2213,2139,-34
2025,1,22,3,JFK,PHX,1950,2001,11,2359,2335,-24
2025,1,22,3,JFK,PIT,1400,1354,-6,1542,1536,-6
2025,1,22,3,JFK,PIT,1516,1510,-6,1708,1712,4
2025,1,22,3,JFK,PIT,1715,1709,-6,1855,1833,-22
2025,1,22,3,JFK,PIT,2029,2025,-4,2220,2158,-22
2025,1,22,3,JFK,RDU,829,819,-10,1024,1003,-21
2025,1,22,3,JFK,RDU,1030,1022,-8,1216,1208,-8
2025,1,22,3,JFK,RDU,1420,1717,177,1609,1854,165
2025,1,22,3,JFK,RDU,1510,1501,-9,1701,1650,-11
2025,1,22,3,JFK,RDU,2030,2135,65,2225,2314,49
2025,1,22,3,JFK,RDU,2130,2123,-7,2324,2310,-14
2025,1,22,3,JFK,ROC,1050,1048,-2,1217,1213,-4
2025,1,22,3,JFK,ROC,1430,1424,-6,1557,1545,-12
2025,1,22,3,JFK,ROC,2155,2146,-9,2326,2310,-16
2025,1,22,3,JFK,ROC,2220,2243,23,2356,22,26
2025,1,22,3,JFK,RSW,600,551,-9,920,931,11
2025,1,22,3,JFK,RSW,735,730,-5,1056,1113,17
2025,1,22,3,JFK,RSW,1543,1536,-7,1904,1910,6
2025,1,22,3,JFK,RSW,1830,1822,-8,2149,2137,-12
2025,1,22,3,JFK,SAN,659,650,-9,1011,954,-17
2025,1,22,3,JFK,SAN,850,911,21,1225,1208,-17
2025,1,22,3,JFK,SAN,1630,1617,-13,1951,1905,-46
2025,1,22,3,JFK,SAN,1630,1625,-5,1945,1914,-31
2025,1,22,3,JFK,SAN,1655,1651,-4,2025,1937,-48
2025,1,22,3,JFK,SAN,2057,2108,11,32,1,-31
2025,1,22,3,JFK,SAT,800,755,-5,1135,1119,-16
2025,1,22,3,JFK,SEA,710,831,81,1038,1148,70
2025,1,22,3,JFK,SEA,1130,1121,-9,1458,1423,-35
2025,1,22,3,JFK,SEA,1600,1554,-6,1927,1913,-14
2025,1,22,3,JFK,SEA,1634,1706,32,1955,2018,23
2025,1,22,3,JFK,SEA,1900,1855,-5,2225,2157,-28
2025,1,22,3,JFK,SFO,600,557,-3,950,946,-4
2025,1,22,3,JFK,SFO,700,654,-6,1052,1012,-40
2025,1,22,3,JFK,SFO,800,747,-13,1140,1110,-30
2025,1,22,3,JFK,SFO,825,819,-6,1233,1136,-57
2025,1,22,3,JFK,SFO,855,851,-4,1252,1156,-56
2025,1,22,3,JFK,SFO,1030,1022,-8,1410,1324,-46
2025,1,22,3,JFK,SFO,1110,1204,54,1459,1503,4
2025,1,22,3,JFK,SFO,1200,1152,-8,1537,1521,-16
2025,1,22,3,JFK,SFO,1300,1248,-12,1645,1544,-61
2025,1,22,3,JFK,SFO,1455,1448,-7,1841,1754,-47
2025,1,22,3,JFK,SFO,1600,1550,-10,1946,1909,-37
2025,1,22,3,JFK,SFO,1659,1653,-6,2038,2001,-37
2025,1,22,3,JFK,SFO,1700,1655,-5,2050,2000,-50
2025,1,22,3,JFK,SFO,1705,1658,-7,2054,2011,-43
2025,1,22,3,JFK,SFO,2030,2017,-13,14,2325,-49
2025,1,22,3,JFK,SFO,2030,2025,-5,22,2339,-43
2025,1,22,3,JFK,SJU,600,559,-1,1051,1100,9
2025,1,22,3,JFK,SJU,800,754,-6,1252,1249,-3
2025,1,22,3,JFK,SJU,800,907,67,1301,1401,60
2025,1,22,3,JFK,SJU,1155,1154,-1,1644,1646,2
2025,1,22,3,JFK,SJU,1200,1156,-4,1655,1646,-9
2025,1,22,3,JFK,SJU,1314,1300,-14,1805,1837,32
2025,1,22,3,JFK,SJU,1459,1530,31,1949,2031,42
2025,1,22,3,JFK,SJU,1859,1857,-2,2359,11,12
2025,1,22,3,JFK,SJU,2045,2106,21,142,159,17
2025,1,22,3,JFK,SJU,2259,2247,-12,350,353,3
2025,1,22,3,JFK,SLC,650,659,9,1027,1005,-22
2025,1,22,3,JFK,SLC,1059,1053,-6,1431,1350,-41
2025,1,22,3,JFK,SLC,1300,1306,6,1633,1621,-12
2025,1,22,3,JFK,SLC,1830,1836,6,2155,2135,-20
2025,1,22,3,JFK,SLC,1838,1848,10,2215,2138,-37
2025,1,22,3,JFK,SNA,900,858,-2,1225,1206,-19
2025,1,22,3,JFK,SRQ,630,624,-6,939,1000,21
2025,1,22,3,JFK,STT,840,840,0,1340,1338,-2
2025,1,22,3,JFK,STT,859,847,-12,1359,1359,0
2025,1,22,3,JFK,SYR,1815,1808,-7,1936,1914,-22
2025,1,22,3,JFK,SYR,2230,2224,-6,2355,2341,-14
2025,1,22,3,JFK,TPA,730,723,-7,1032,1043,11
2025,1,22,3,JFK,TPA,1104,1104,0,1410,1427,17
2025,1,22,3,JFK,TPA,1128,1126,-2,1436,1420,-16
2025,1,22,3,JFK,TPA,1540,1538,-2,1850,1830,-20
2025,1,22,3,JFK,TPA,1745,1827,42,2054,2146,52
2025,1,22,3,JFK,TPA,1959,1952,-7,2314,2257,-17
2025,1,23,4,JFK,ATL,600,556,-4,834,837,3
2025,1,23,4,JFK,ATL,659,737,38,938,1026,48
2025,1,23,4,JFK,ATL,835,834,-1,1115,1100,-15
2025,1,23,4,JFK,ATL,1100,1104,4,1341,1354,13
2025,1,23,4,JFK,ATL,1224,1250,26,1500,1526,26
2025,1,23,4,JFK,ATL,1440,1432,-8,1718,1706,-12
2025,1,23,4,JFK,ATL,1630,1625,-5,1905,1859,-6
2025,1,23,4,JFK,ATL,1820,1819,-1,2107,2111,4
2025,1,23,4,JFK,ATL,2010,2052,42,2259,2337,38
2025,1,23,4,JFK,ATL,2130,2124,-6,11,2400,-11
2025,1,23,4,JFK,AUS,700,704,4,1034,1110,36
2025,1,23,4,JFK,AUS,1059,1057,-2,1426,1438,12
2025,1,23,4,JFK,AUS,1259,1252,-7,1646,1652,6
2025,1,23,4,JFK,AUS,1800,1754,-6,2131,2139,8
2025,1,23,4,JFK,AUS,1850,1847,-3,2220,2232,12
2025,1,23,4,JFK,BNA,730,723,-7,920,920,0
2025,1,23,4,JFK,BNA,900,851,-9,1049,1043,-6
2025,1,23,4,JFK,BNA,1230,1221,-9,1413,1406,-7
2025,1,23,4,JFK,BNA,1459,1456,-3,1644,1646,2
2025,1,23,4,JFK,BNA,1529,1520,-9,1715,1702,-13
2025,1,23,4,JFK,BOS,600,554,-6,730,711,-19
2025,1,23,4,JFK,BOS,730,724,-6,847,840,-7
2025,1,23,4,JFK,BOS,910,902,-8,1032,1012,-20
2025,1,23,4,JFK,BOS,930,924,-6,1046,1024,-22
2025,1,23,4,JFK,BOS,950,946,-4,1110,1058,-12
2025,1,23,4,JFK,BOS,1400,1407,7,1514,1508,-6
2025,1,23,4,JFK,BOS,1430,1420,-10,1554,1520,-34
2025,1,23,4,JFK,BOS,1555,1549,-6,1712,1653,-19
2025,1,23,4,JFK,BOS,1735,1731,-4,1900,1837,-23
2025,1,23,4,JFK,BOS,1744,1738,-6,1906,1856,-10
2025,1,23,4,JFK,BOS,2030,2042,12,2154,2154,0
2025,1,23,4,JFK,BOS,2100,2052,-8,2227,2200,-27
2025,1,23,4,JFK,BOS,2159,2320,81,2309,25,76
2025,1,23,4,JFK,BOS,2259,2248,-11,18,27,9
2025,1,23,4,JFK,BQN,1559,1610,11,2049,2053,4
2025,1,23,4,JFK,BQN,2150,2149,-1,242,237,-5
2025,1,23,4,JFK,BUF,630,622,-8,800,750,-10
2025,1,23,4,JFK,BUF,1550,1547,-3,1722,1713,-9
2025,1,23,4,JFK,BUF,1725,1724,-1,1857,1842,-15
2025,1,23,4,JFK,CLE,759,749,-10,959,939,-20
2025,1,23,4,JFK,CLE,1220,1215,-5,1415,1410,-5
2025,1,23,4,JFK,CLT,630,626,-4,841,835,-6
2025,1,23,4,JFK,CLT,800,755,-5,1015,1013,-2
2025,1,23,4,JFK,CLT,1200,1158,-2,1408,1407,-1
2025,1,23,4,JFK,CLT,1225,1235,10,1432,1444,12
2025,1,23,4,JFK,CLT,1454,1456,2,1705,1705,0
2025,1,23,4,JFK,CLT,1930,1946,16,2143,2158,15
2025,1,23,4,JFK,CMH,935,929,-6,1134,1132,-2
2025,1,23,4,JFK,CMH,1144,1138,-6,1341,1354,13
2025,1,23,4,JFK,CMH,1526,1536,10,1729,1739,10
2025,1,23,4,JFK,CMH,1630,1617,-13,1828,1817,-11
2025,1,23,4,JFK,CMH,2029,2030,1,2233,2226,-7
2025,1,23,4,JFK,CVG,850,843,-7,1117,1113,-4
2025,1,23,4,JFK,CVG,1315,1305,-10,1533,1539,6
2025,1,23,4,JFK,DCA,800,752,-8,932,924,-8
2025,1,23,4,JFK,DCA,855,851,-4,1020,1016,-4
2025,1,23,4,JFK,DCA,1459,1453,-6,1627,1605,-22
2025,1,23,4,JFK,DCA,1628,1634,6,1800,1800,0
2025,1,23,4,JFK,DCA,1744,1738,-6,1914,1844,-30
2025,1,23,4,JFK,DCA,2029,2033,4,2200,2136,-24
2025,1,23,4,JFK,DCA,2059,2051,-8,2241,2227,-14
2025,1,23,4,JFK,DEN,830,827,-3,1131,1115,-16
2025,1,23,4,JFK,DEN,959,1021,22,1245,1236,-9
2025,1,23,4,JFK,DEN,1655,1647,-8,1946,1915,-31
2025,1,23,4,JFK,DEN,1900,1848,-12,2138,2102,-36
2025,1,23,4,JFK,DFW,800,758,-2,1120,1148,28
2025,1,23,4,JFK,DFW,843,840,-3,1205,1203,-2
2025,1,23,4,JFK,DFW,1430,1424,-6,1746,1753,7
2025,1,23,4,JFK,DFW,1559,1553,-6,1915,1939,24
2025,1,23,4,JFK,DFW,1750,1757,7,2106,2105,-1
2025,1,23,4,JFK,DTW,1650,1642,-8,1901,1838,-23
2025,1,23,4,JFK,EGE,730,722,-8,1027,939,-48
2025,1,23,4,JFK,FLL,600,555,-5,904,859,-5
2025,1,23,4,JFK,FLL,700,656,-4,1018,1015,-3
2025,1,23,4,JFK,FLL,800,752,-8,1112,1102,-10
2025,1,23,4,JFK,FLL,900,854,-6,1208,1217,9
2025,1,23,4,JFK,FLL,1115,1151,36,1428,1516,48
2025,1,23,4,JFK,FLL,1315,1328,13,1625,1654,29
2025,1,23,4,JFK,FLL,1529,1534,5,1846,1927,41
2025,1,23,4,JFK,FLL,1555,1612,17,1907,2009,62
2025,1,23,4,JFK,FLL,1720,1730,10,2036,2057,21
2025,1,23,4,JFK,FLL,1930,1927,-3,2242,2252,10
2025,1,23,4,JFK,FLL,1955,2027,32,2318,2340,22
2025,1,23,4,JFK,HNL,1000,956,-4,1615,1616,1
2025,1,23,4,JFK,HNL,1000,957,-3,1619,1617,-2
2025,1,23,4,JFK,IAH,800,800,0,1112,1132,20
2025,1,23,4,JFK,IND,1416,1406,-10,1639,1629,-10
2025,1,23,4,JFK,IND,1440,1434,-6,1704,1704,0
2025,1,23,4,JFK,IND,1559,1554,-5,1825,1820,-5
2025,1,23,4,JFK,IND,1829,1819,-10,2056,2038,-18
2025,1,23,4,JFK,JAX,740,741,1,1025,1038,13
2025,1,23,4,JFK,JAX,815,815,0,1057,1117,20
2025,1,23,4,JFK,JAX,1330,1349,19,1611,1632,21
2025,1,23,4,JFK,JAX,1830,1831,1,2111,2130,19
2025,1,23,4,JFK,JAX,1929,1923,-6,2220,2242,22
2025,1,23,4,JFK,LAS,735,727,-8,1029,947,-42
2025,1,23,4,JFK,LAS,735,729,-6,1042,1000,-42
2025,1,23,4,JFK,LAS,759,805,6,1058,1030,-28
2025,1,23,4,JFK,LAS,959,950,-9,1249,1214,-35
2025,1,23,4,JFK,LAS,1130,1344,134,1434,1625,111
2025,1,23,4,JFK,LAS,1615,1608,-7,1923,1826,-57
2025,1,23,4,JFK,LAS,1735,1743,8,2025,2018,-7
2025,1,23,4,JFK,LAS,1859,1859,0,2208,2127,-41
2025,1,23,4,JFK,LAS,2059,2052,-7,4,2348,-16
2025,1,23,4,JFK,LAS,2115,2107,-8,28,2346,-42
2025,1,23,4,JFK,LAX,600,555,-5,929,856,-33
2025,1,23,4,JFK,LAX,659,655,-4,1028,945,-43
2025,1,23,4,JFK,LAX,700,655,-5,1021,945,-36
2025,1,23,4,JFK,LAX,710,706,-4,1040,953,-47
2025,1,23,4,JFK,LAX,800,752,-8,1129,1045,-44
2025,1,23,4,JFK,LAX,820,811,-9,1142,1100,-42
2025,1,23,4,JFK,LAX,850,850,0,1226,1200,-26
2025,1,23,4,JFK,LAX,930,918,-12,1250,1201,-49
2025,1,23,4,JFK,LAX,955,1016,21,1326,1314,-12
2025,1,23,4,JFK,LAX,1100,1058,-2,1430,1344,-46
2025,1,23,4,JFK,LAX,1105,1101,-4,1431,1359,-32
2025,1,23,4,JFK,LAX,1129,1116,-13,1446,1350,-56
2025,1,23,4,JFK,LAX,1305,1300,-5,1633,1548,-45
2025,1,23,4,JFK,LAX,1400,1417,17,1719,1705,-14
2025,1,23,4,JFK,LAX,1534,1526,-8,1903,1810,-53
2025,1,23,4,JFK,LAX,1550,1546,-4,1924,1835,-49
2025,1,23,4,JFK,LAX,1630,1626,-4,1957,1901,-56
2025,1,23,4,JFK,LAX,1645,1637,-8,2008,1916,-52
2025,1,23,4,JFK,LAX,1705,1711,6,2037,2032,-5
2025,1,23,4,JFK,LAX,1729,1720,-9,2056,2001,-55
2025,1,23,4,JFK,LAX,1815,1819,4,2154,2212,18
2025,1,23,4,JFK,LAX,1830,1824,-6,2149,2112,-37
2025,1,23,4,JFK,LAX,1945,1939,-6,2328,2244,-44
2025,1,23,4,JFK,LAX,1959,1952,-7,2332,2251,-41
2025,1,23,4,JFK,LAX,2100,2055,-5,33,1,-32
2025,1,23,4,JFK,LAX,2130,2120,-10,55,25,-30
2025,1,23,4,JFK,MCI,1120,1152,32,1353,1419,26
2025,1,23,4,JFK,MCO,501,450,-11,801,743,-18
2025,1,23,4,JFK,MCO,645,638,-7,945,946,1
2025,1,23,4,JFK,MCO,730,724,-6,1035,1033,-2
2025,1,23,4,JFK,MCO,910,903,-7,1214,1214,0
2025,1,23,4,JFK,MCO,1100,1100,0,1400,1410,10
2025,1,23,4,JFK,MCO,1130,1121,-9,1430,1431,1
2025,1,23,4,JFK,MCO,1330,1401,31,1635,1718,43
2025,1,23,4,JFK,MCO,1359,1444,45,1659,1800,61
2025,1,23,4,JFK,MCO,1500,1448,-12,1806,1809,3
2025,1,23,4,JFK,MCO,1543,1549,6,1848,1903,15
2025,1,23,4,JFK,MCO,1550,1547,-3,1852,1919,27
2025,1,23,4,JFK,MCO,1830,1826,-4,2133,2146,13
2025,1,23,4,JFK,MCO,1929,1929,0,2236,2254,18
2025,1,23,4,JFK,MIA,525,522,-3,839,846,7
2025,1,23,4,JFK,MIA,630,624,-6,948,942,-6
2025,1,23,4,JFK,MIA,700,657,-3,1022,1012,-10
2025,1,23,4,JFK,MIA,738,731,-7,1100,1055,-5
2025,1,23,4,JFK,MIA,901,855,-6,1236,1225,-11
2025,1,23,4,JFK,MIA,1110,1154,44,1435,1551,76
2025,1,23,4,JFK,MIA,1310,1356,46,1633,1810,97
2025,1,23,4,JFK,MIA,1330,1335,5,1650,1709,19
2025,1,23,4,JFK,MIA,1500,1733,153,1815,2049,154
2025,1,23,4,JFK,MIA,1526,1821,175,1854,2226,212
2025,1,23,4,JFK,MIA,1734,1856,82,2056,2246,110
2025,1,23,4,JFK,MIA,1821,1901,40,2145,2303,78
2025,1,23,4,JFK,MIA,1955,2239,164,2327,212,165
2025,1,23,4,JFK,MIA,2030,2028,-2,2348,13,25
2025,1,23,4,JFK,MKE,1750,1740,-10,1939,1940,1
2025,1,23,4,JFK,MSP,1130,1145,15,1350,1341,-9
2025,1,23,4,JFK,MSY,1622,1923,181,1903,2210,187
2025,1,23,4,JFK,ORD,800,749,-11,955,922,-33
2025,1,23,4,JFK,ORD,900,920,20,1047,1049,2
2025,1,23,4,JFK,ORD,1350,1343,-7,1544,1519,-25
2025,1,23,4,JFK,ORD,1550,1538,-12,1738,1709,-29
2025,1,23,4,JFK,ORD,1555,1544,-11,1750,1708,-42
2025,1,23,4,JFK,ORD,1929,1921,-8,2128,2113,-15
2025,1,23,4,JFK,ORF,1110,1102,-8,1236,1226,-10
2025,1,23,4,JFK,ORF,2155,2154,-1,2325,2317,-8
2025,1,23,4,JFK,ORH,1259,1249,-10,1402,1343,-19
2025,1,23,4,JFK,PBI,815,814,-1,1130,1124,-6
2025,1,23,4,JFK,PBI,1030,1031,1,1335,1404,29
2025,1,23,4,JFK,PBI,1329,1426,57,1638,1803,85
2025,1,23,4,JFK,PBI,1509,1514,5,1815,1839,24
2025,1,23,4,JFK,PBI,1554,1658,64,1904,2028,84
2025,1,23,4,JFK,PBI,2000,1958,-2,2306,2317,11
2025,1,23,4,JFK,PDX,1729,1739,10,2107,2050,-17
2025,1,23,4,JFK,PDX,1959,2006,7,2329,2318,-11
2025,1,23,4,JFK,PHX,625,619,-6,1015,952,-23
2025,1,23,4,JFK,PHX,730,728,-2,1115,1059,-16
2025,1,23,4,JFK,PHX,735,734,-1,1135,1113,-22
2025,1,23,4,JFK,PHX,930,925,-5,1325,1238,-47
2025,1,23,4,JFK,PHX,1259,1254,-5,1649,1601,-48
2025,1,23,4,JFK,PHX,1700,1738,38,2050,2059,9
2025,1,23,4,JFK,PHX,1830,1836,6,2213,2311,58
2025,1,23,4,JFK,PHX,1950,1947,-3,2359,2302,-57
2025,1,23,4,JFK,PIT,1400,1350,-10,1542,1528,-14
2025,1,23,4,JFK,PIT,1516,1504,-12,1708,1640,-28
2025,1,23,4,JFK,PIT,1715,1708,-7,1855,1848,-7
2025,1,23,4,JFK,PIT,2029,2019,-10,2220,2149,-31
2025,1,23,4,JFK,PSP,930,931,1,1237,1208,-29
2025,1,23,4,JFK,RDU,832,835,3,1027,1012,-15
2025,1,23,4,JFK,RDU,1030,1020,-10,1216,1209,-7
2025,1,23,4,JFK,RDU,1420,1413,-7,1609,1602,-7
2025,1,23,4,JFK,RDU,1510,1500,-10,1701,1656,-5
2025,1,23,4,JFK,RDU,2030,2143,73,2225,2326,61
2025,1,23,4,JFK,RDU,2130,2123,-7,2324,2315,-9
2025,1,23,4,JFK,ROC,1050,1044,-6,1217,1212,-5
2025,1,23,4,JFK,ROC,1430,1433,3,1557,1557,0
2025,1,23,4,JFK,ROC,2155,2257,62,2326,16,50
2025,1,23,4,JFK,ROC,2220,2219,-1,2356,2353,-3
2025,1,23,4,JFK,RSW,600,550,-10,920,916,-4
2025,1,23,4,JFK,RSW,735,731,-4,1056,1110,14
2025,1,23,4,JFK,RSW,1543,1545,2,1904,1912,8
2025,1,23,4,JFK,RSW,1750,1743,-7,2110,2110,0
2025,1,23,4,JFK,SAN,700,653,-7,1011,938,-33
2025,1,23,4,JFK,SAN,850,1225,215,1225,1507,162
2025,1,23,4,JFK,SAN,1630,1625,-5,1945,1901,-44
2025,1,23,4,JFK,SAN,1630,1626,-4,1951,1912,-39
2025,1,23,4,JFK,SAN,1655,1648,-7,2025,1939,-46
2025,1,23,4,JFK,SAN,2057,2056,-1,32,2351,-41
2025,1,23,4,JFK,SAT,800,757,-3,1135,1132,-3
2025,1,23,4,JFK,SEA,710,708,-2,1038,1030,-8
2025,1,23,4,JFK,SEA,1130,1128,-2,1458,1421,-37
2025,1,23,4,JFK,SEA,1600,1614,14,1927,1932,5
2025,1,23,4,JFK,SEA,1634,1722,48,1955,2042,47
2025,1,23,4,JFK,SEA,1900,1907,7,2225,2227,2
2025,1,23,4,JFK,SFO,600,559,-1,950,902,-48
2025,1,23,4,JFK,SFO,700,655,-5,1052,1002,-50
2025,1,23,4,JFK,SFO,800,751,-9,1140,1054,-46
2025,1,23,4,JFK,SFO,825,820,-5,1233,1117,-76
2025,1,23,4,JFK,SFO,855,844,-11,1252,1206,-46
2025,1,23,4,JFK,SFO,1030,1016,-14,1410,1312,-58
2025,1,23,4,JFK,SFO,1110,1105,-5,1459,1400,-59
2025,1,23,4,JFK,SFO,1200,1150,-10,1537,1526,-11
2025,1,23,4,JFK,SFO,1300,1250,-10,1645,1552,-53
2025,1,23,4,JFK,SFO,1455,1449,-6,1841,1752,-49
2025,1,23,4,JFK,SFO,1600,1606,6,1946,1910,-36
2025,1,23,4,JFK,SFO,1659,1651,-8,2038,2005,-33
2025,1,23,4,JFK,SFO,1700,1656,-4,2050,1956,-54
2025,1,23,4,JFK,SFO,1705,1702,-3,2054,1951,-63
2025,1,23,4,JFK,SFO,1925,1916,-9,2317,2327,10
2025,1,23,4,JFK,SFO,2030,2020,-10,14,2325,-49
2025,1,23,4,JFK,SFO,2030,2045,15,22,7,-15
2025,1,23,4,JFK,SJU,600,559,-1,1051,1153,62
2025,1,23,4,JFK,SJU,800,755,-5,1301,1259,-2
2025,1,23,4,JFK,SJU,800,759,-1,1252,1251,-1
2025,1,23,4,JFK,SJU,1200,1202,2,1649,1655,6
2025,1,23,4,JFK,SJU,1200,1222,22,1655,1705,10
2025,1,23,4,JFK,SJU,1314,1314,0,1805,1850,45
2025,1,23,4,JFK,SJU,1459,1515,16,1949,2002,13
2025,1,23,4,JFK,SJU,1859,1913,14,2359,32,33
2025,1,23,4,JFK,SJU,2045,2144,59,142,242,60
2025,1,23,4,JFK,SJU,2259,2256,-3,350,353,3
2025,1,23,4,JFK,SLC,650,646,-4,1027,930,-57
2025,1,23,4,JFK,SLC,1059,1054,-5,1431,1350,-41
2025,1,23,4,JFK,SLC,1300,1305,5,1633,1600,-33
2025,1,23,4,JFK,SLC,1830,1828,-2,2155,2129,-26
2025,1,23,4,JFK,SLC,1838,1836,-2,2215,2139,-36
2025,1,23,4,JFK,SNA,900,853,-7,1225,1206,-19
2025,1,23,4,JFK,SRQ,630,625,-5,939,941,2
2025,1,23,4,JFK,STT,840,837,-3,1340,1320,-20
2025,1,23,4,JFK,STT,859,850,-9,1359,1338,-21
2025,1,23,4,JFK,SYR,959,951,-8,1121,1103,-18
2025,1,23,4,JFK,SYR,1815,1847,32,1936,2006,30
2025,1,23,4,JFK,SYR,2225,2218,-7,2350,2328,-22
2025,1,23,4,JFK,TPA,730,723,-7,1032,1042,10
2025,1,23,4,JFK,TPA,730,726,-4,1039,1054,15
2025,1,23,4,JFK,TPA,1104,1100,-4,1410,1425,15
2025,1,23,4,JFK,TPA,1130,1128,-2,1438,1452,14
2025,1,23,4,JFK,TPA,1540,1559,19,1850,1918,28
2025,1,23,4,JFK,TPA,1745,1736,-9,2054,2124,30
2025,1,23,4,JFK,TPA,1959,2126,87,2314,45,91
2025,1,24,5,JFK,ATL,600,557,-3,834,849,15
2025,1,24,5,JFK,ATL,659,658,-1,938,944,6
2025,1,24,5,JFK,ATL,835,835,0,1115,1157,42
2025,1,24,5,JFK,ATL,1100,1054,-6,1341,1333,-8
2025,1,24,5,JFK,ATL,1224,1221,-3,1500,1441,-19
2025,1,24,5,JFK,ATL,1440,1438,-2,1718,1706,-12
2025,1,24,5,JFK,ATL,1559,1552,-7,1838,1822,-16
2025,1,24,5,JFK,ATL,1820,1827,7,2107,2037,-30
2025,1,24,5,JFK,ATL,2010,2005,-5,2259,2227,-32
2025,1,24,5,JFK,ATL,2130,2224,54,11,42,31
2025,1,24,5,JFK,AUS,700,659,-1,1034,1048,14
2025,1,24,5,JFK,AUS,1059,1055,-4,1426,1408,-18
2025,1,24,5,JFK,AUS,1259,1254,-5,1646,1558,-48
2025,1,24,5,JFK,AUS,1800,1750,-10,2131,2103,-28
2025,1,24,5,JFK,AUS,1850,1842,-8,2220,2139,-41
2025,1,24,5,JFK,BNA,900,854,-6,1049,1057,8
2025,1,24,5,JFK,BNA,1230,1224,-6,1413,1400,-13
2025,1,24,5,JFK,BNA,1459,1452,-7,1644,1632,-12
2025,1,24,5,JFK,BNA,1529,1525,-4,1715,1655,-20
2025,1,24,5,JFK,BOS,600,549,-11,730,701,-29
2025,1,24,5,JFK,BOS,730,721,-9,847,822,-25
2025,1,24,5,JFK,BOS,910,907,-3,1032,1020,-12
2025,1,24,5,JFK,BOS,930,922,-8,1046,1027,-19
2025,1,24,5,JFK,BOS,950,945,-5,1110,1052,-18
2025,1,24,5,JFK,BOS,1400,1350,-10,1514,1450,-24
2025,1,24,5,JFK,BOS,1430,1423,-7,1554,1537,-17
2025,1,24,5,JFK,BOS,1555,1552,-3,1712,1653,-19
2025,1,24,5,JFK,BOS,1735,1749,14,1900,1851,-9
2025,1,24,5,JFK,BOS,1744,1737,-7,1906,1836,-30
2025,1,24,5,JFK,BOS,2030,2027,-3,2154,2131,-23
2025,1,24,5,JFK,BOS,2100,2101,1,2227,2203,-24
2025,1,24,5,JFK,BOS,2159,2149,-10,2309,2303,-6
2025,1,24,5,JFK,BOS,2259,2253,-6,18,2350,-28
2025,1,24,5,JFK,BQN,1559,1555,-4,2049,2102,13
2025,1,24,5,JFK,BQN,2150,2159,9,242,302,20
2025,1,24,5,JFK,BUF,630,627,-3,800,755,-5
2025,1,24,5,JFK,BUF,1550,1541,-9,1722,1658,-24
2025,1,24,5,JFK,BUF,1725,1724,-1,1857,1843,-14
2025,1,24,5,JFK,CHS,959,953,-6,1219,1225,6
2025,1,24,5,JFK,CHS,1255,1253,-2,1513,1529,16
2025,1,24,5,JFK,CLE,759,752,-7,959,959,0
2025,1,24,5,JFK,CLE,1220,1211,-9,1415,1429,14
2025,1,24,5,JFK,CLT,630,623,-7,841,844,3
2025,1,24,5,JFK,CLT,800,757,-3,1015,1005,-10
2025,1,24,5,JFK,CLT,1200,1155,-5,1408,1409,1
2025,1,24,5,JFK,CLT,1225,1218,-7,1432,1434,2
2025,1,24,5,JFK,CLT,1454,1449,-5,1705,1656,-9
2025,1,24,5,JFK,CLT,1930,1924,-6,2143,2117,-26
2025,1,24,5,JFK,CMH,935,930,-5,1134,1131,-3
2025,1,24,5,JFK,CMH,1144,1134,-10,1341,1322,-19
2025,1,24,5,JFK,CMH,1526,1517,-9,1729,1703,-26
2025,1,24,5,JFK,CMH,1630,1620,-10,1828,1805,-23
2025,1,24,5,JFK,CMH,2029,2029,0,2233,2208,-25
2025,1,24,5,JFK,CVG,850,840,-10,1117,1111,-6
2025,1,24,5,JFK,CVG,1315,1307,-8,1533,1515,-18
2025,1,24,5,JFK,DCA,800,754,-6,932,920,-12
2025,1,24,5,JFK,DCA,855,847,-8,1020,1008,-12
2025,1,24,5,JFK,DCA,1459,1448,-11,1627,1620,-7
2025,1,24,5,JFK,DCA,1630,1623,-7,1800,1725,-35
2025,1,24,5,JFK,DCA,1744,1734,-10,1914,1840,-34
2025,1,24,5,JFK,DCA,2029,2023,-6,2200,2129,-31
2025,1,24,5,JFK,DCA,2059,2053,-6,2241,2230,-11
2025,1,24,5,JFK,DEN,830,822,-8,1131,1057,-34
2025,1,24,5,JFK,DEN,959,1000,1,1245,1227,-18
2025,1,24,5,JFK,DEN,1655,1647,-8,1946,1949,3
2025,1,24,5,JFK,DEN,1900,1852,-8,2138,2130,-8
2025,1,24,5,JFK,DFW,800,756,-4,1120,1119,-1
2025,1,24,5,JFK,DFW,843,837,-6,1205,1136,-29
2025,1,24,5,JFK,DFW,1430,1427,-3,1746,1716,-30
2025,1,24,5,JFK,DFW,1559,1558,-1,1915,1857,-18
2025,1,24,5,JFK,DFW,1750,1745,-5,2106,2029,-37
2025,1,24,5,JFK,DTW,1650,1649,-1,1901,1838,-23
2025,1,24,5,JFK,EGE,730,723,-7,1027,1000,-27
2025,1,24,5,JFK,FLL,600,606,6,904,928,24
2025,1,24,5,JFK,FLL,700,656,-4,1018,1038,20
2025,1,24,5,JFK,FLL,800,758,-2,1112,1120,8
2025,1,24,5,JFK,FLL,900,859,-1,1208,1226,18
2025,1,24,5,JFK,FLL,1115,1134,19,1428,1509,41
2025,1,24,5,JFK,FLL,1315,1310,-5,1625,1636,11
2025,1,24,5,JFK,FLL,1529,1524,-5,1846,1851,5
2025,1,24,5,JFK,FLL,1555,1545,-10,1907,1930,23
2025,1,24,5,JFK,FLL,1720,1713,-7,2036,2026,-10
2025,1,24,5,JFK,FLL,1930,1923,-7,2242,2240,-2
2025,1,24,5,JFK,FLL,1955,1951,-4,2318,2302,-16
2025,1,24,5,JFK,HNL,1000,952,-8,1619,1618,-1
2025,1,24,5,JFK,HNL,1000,955,-5,1615,1616,1
2025,1,24,5,JFK,IAH,800,809,9,1112,1110,-2
2025,1,24,5,JFK,IND,1416,1415,-1,1639,1631,-8
2025,1,24,5,JFK,IND,1440,1439,-1,1704,1655,-9
2025,1,24,5,JFK,IND,1559,1552,-7,1825,1824,-1
2025,1,24,5,JFK,IND,1829,1824,-5,2056,2031,-25
2025,1,24,5,JFK,JAX,740,735,-5,1025,1029,4
2025,1,24,5,JFK,JAX,815,811,-4,1057,1115,18
2025,1,24,5,JFK,JAX,1330,1324,-6,1611,1614,3
2025,1,24,5,JFK,JAX,1830,1826,-4,2111,2057,-14
2025,1,24,5,JFK,JAX,1929,1924,-5,2220,2201,-19
2025,1,24,5,JFK,LAS,735,728,-7,1042,1034,-8
2025,1,24,5,JFK,LAS,735,731,-4,1029,1100,31
2025,1,24,5,JFK,LAS,759,757,-2,1058,1103,5
2025,1,24,5,JFK,LAS,959,1036,37,1249,1338,49
2025,1,24,5,JFK,LAS,1130,1133,3,1434,1416,-18
2025,1,24,5,JFK,LAS,1615,1625,10,1923,1907,-16
2025,1,24,5,JFK,LAS,1735,1732,-3,2025,2049,24
2025,1,24,5,JFK,LAS,1859,1918,19,2208,2225,17
2025,1,24,5,JFK,LAS,2059,2049,-10,4,2347,-17
2025,1,24,5,JFK,LAS,2115,2112,-3,28,45,17
2025,1,24,5,JFK,LAX,600,557,-3,929,909,-20
2025,1,24,5,JFK,LAX,659,659,0,1028,1013,-15
2025,1,24,5,JFK,LAX,700,651,-9,1021,1001,-20
2025,1,24,5,JFK,LAX,710,704,-6,1040,1005,-35
2025,1,24,5,JFK,LAX,800,759,-1,1129,1126,-3
2025,1,24,5,JFK,LAX,850,850,0,1226,1206,-20
2025,1,24,5,JFK,LAX,930,923,-7,1250,1236,-14
2025,1,24,5,JFK,LAX,955,951,-4,1326,1304,-22
2025,1,24,5,JFK,LAX,1100,1058,-2,1430,1420,-10
2025,1,24,5,JFK,LAX,1105,1102,-3,1431,1411,-20
2025,1,24,5,JFK,LAX,1129,1114,-15,1446,1420,-26
2025,1,24,5,JFK,LAX,1305,1300,-5,1633,1622,-11
2025,1,24,5,JFK,LAX,1400,1355,-5,1719,1720,1
2025,1,24,5,JFK,LAX,1534,1532,-2,1903,1858,-5
2025,1,24,5,JFK,LAX,1550,1550,0,1924,1923,-1
2025,1,24,5,JFK,LAX,1630,1621,-9,1957,1940,-17
2025,1,24,5,JFK,LAX,1645,1627,-18,2008,1946,-22
2025,1,24,5,JFK,LAX,1705,1657,-8,2037,2042,5
2025,1,24,5,JFK,LAX,1729,1723,-6,2056,2038,-18
2025,1,24,5,JFK,LAX,1815,1834,19,2154,2208,14
2025,1,24,5,JFK,LAX,1830,1817,-13,2149,2138,-11
2025,1,24,5,JFK,LAX,1945,1937,-8,2328,2336,8
2025,1,24,5,JFK,LAX,1959,1952,-7,2332,2324,-8
2025,1,24,5,JFK,LAX,2100,2132,32,33,117,44
2025,1,24,5,JFK,LAX,2130,2124,-6,55,100,5
2025,1,24,5,JFK,MCI,1120,1115,-5,1353,1348,-5
2025,1,24,5,JFK,MCO,645,646,1,945,1002,17
2025,1,24,5,JFK,MCO,730,727,-3,1035,1109,34
2025,1,24,5,JFK,MCO,910,914,4,1214,1226,12
2025,1,24,5,JFK,MCO,1100,1121,21,1400,1434,34
2025,1,24,5,JFK,MCO,1130,1123,-7,1430,1440,10
2025,1,24,5,JFK,MCO,1330,1441,71,1635,1759,84
2025,1,24,5,JFK,MCO,1359,1356,-3,1659,1738,39
2025,1,24,5,JFK,MCO,1500,1451,-9,1806,1808,2
2025,1,24,5,JFK,MCO,1543,1610,27,1848,1934,46
2025,1,24,5,JFK,MCO,1550,1615,25,1852,1946,54
2025,1,24,5,JFK,MCO,1830,1822,-8,2133,2127,-6
2025,1,24,5,JFK,MCO,1929,1926,-3,2236,2213,-23
2025,1,24,5,JFK,MIA,525,603,38,839,933,54
2025,1,24,5,JFK,MIA,630,627,-3,948,958,10
2025,1,24,5,JFK,MIA,700,659,-1,1022,1026,4
2025,1,24,5,JFK,MIA,738,733,-5,1100,1106,6
2025,1,24,5,JFK,MIA,901,858,-3,1236,1306,30
2025,1,24,5,JFK,MIA,950,947,-3,1303,1310,7
2025,1,24,5,JFK,MIA,1110,1106,-4,1435,1455,20
2025,1,24,5,JFK,MIA,1310,1311,1,1633,1645,12
2025,1,24,5,JFK,MIA,1330,1438,68,1650,1812,82
2025,1,24,5,JFK,MIA,1500,1456,-4,1815,1832,17
2025,1,24,5,JFK,MIA,1526,1526,0,1854,1905,11
2025,1,24,5,JFK,MIA,1734,1729,-5,2056,2052,-4
2025,1,24,5,JFK,MIA,1821,1813,-8,2145,2126,-19
2025,1,24,5,JFK,MIA,1955,2025,30,2327,2335,8
2025,1,24,5,JFK,MIA,2030,2025,-5,2348,2331,-17
2025,1,24,5,JFK,MKE,1750,1819,29,1936,2002,26
2025,1,24,5,JFK,MSP,1130,1144,14,1350,1341,-9
2025,1,24,5,JFK,MSY,810,804,-6,1057,1050,-7
2025,1,24,5,JFK,MSY,929,953,24,1207,1225,18
2025,1,24,5,JFK,MSY,1622,1619,-3,1903,1839,-24
2025,1,24,5,JFK,ORD,800,753,-7,955,936,-19
2025,1,24,5,JFK,ORD,900,855,-5,1047,1028,-19
2025,1,24,5,JFK,ORD,1350,1430,40,1544,1556,12
2025,1,24,5,JFK,ORD,1550,1544,-6,1738,1709,-29
2025,1,24,5,JFK,ORD,1555,1549,-6,1750,1728,-22
2025,1,24,5,JFK,ORD,1929,1937,8,2128,2117,-11
2025,1,24,5,JFK,ORF,1110,1100,-10,1236,1229,-7
2025,1,24,5,JFK,ORF,2155,2144,-11,2325,2311,-14
2025,1,24,5,JFK,ORH,1259,1250,-9,1402,1343,-19
2025,1,24,5,JFK,PBI,815,812,-3,1130,1159,29
2025,1,24,5,JFK,PBI,1030,1025,-5,1335,1348,13
2025,1,24,5,JFK,PBI,1329,1349,20,1638,1720,42
2025,1,24,5,JFK,PBI,1509,1505,-4,1815,1834,19
2025,1,24,5,JFK,PBI,1554,1558,4,1904,1930,26
2025,1,24,5,JFK,PBI,2000,1958,-2,2306,2311,5
2025,1,24,5,JFK,PDX,1729,1717,-12,2107,1959,-68
2025,1,24,5,JFK,PDX,1959,1953,-6,2329,2237,-52
2025,1,24,5,JFK,PHX,625,619,-6,1015,956,-19
2025,1,24,5,JFK,PHX,730,723,-7,1115,1050,-25
2025,1,24,5,JFK,PHX,735,735,0,1135,1129,-6
2025,1,24,5,JFK,PHX,930,928,-2,1325,1258,-27
2025,1,24,5,JFK,PHX,1259,1257,-2,1649,1633,-16
2025,1,24,5,JFK,PHX,1700,1653,-7,2050,2059,9
2025,1,24,5,JFK,PHX,1830,1822,-8,2213,2205,-8
2025,1,24,5,JFK,PHX,1950,1951,1,2359,2330,-29
2025,1,24,5,JFK,PIT,1400,1351,-9,1542,1534,-8
2025,1,24,5,JFK,PIT,1516,1504,-12,1708,1706,-2
2025,1,24,5,JFK,PIT,1715,1724,9,1855,1902,7
2025,1,24,5,JFK,PIT,2029,2023,-6,2220,2137,-43
2025,1,24,5,JFK,RDU,832,908,36,1027,1107,40
2025,1,24,5,JFK,RDU,1030,1022,-8,1216,1215,-1
2025,1,24,5,JFK,RDU,1420,1420,0,1609,1609,0
2025,1,24,5,JFK,RDU,1510,1504,-6,1701,1703,2
2025,1,24,5,JFK,RDU,2030,2032,2,2225,2206,-19
2025,1,24,5,JFK,RDU,2130,2121,-9,2324,2301,-23
2025,1,24,5,JFK,ROC,1050,1045,-5,1217,1217,0
2025,1,24,5,JFK,ROC,1430,1421,-9,1557,1548,-9
2025,1,24,5,JFK,ROC,2155,2152,-3,2326,2322,-4
2025,1,24,5,JFK,ROC,2220,2208,-12,2356,2328,-28
2025,1,24,5,JFK,RSW,600,553,-7,920,922,2
2025,1,24,5,JFK,RSW,735,731,-4,1056,1110,14
2025,1,24,5,JFK,RSW,1543,1536,-7,1904,1854,-10
2025,1,24,5,JFK,RSW,1750,1840,50,2110,2150,40
2025,1,24,5,JFK,SAN,700,651,-9,1011,1000,-11
2025,1,24,5,JFK,SAN,850,843,-7,1225,1153,-32
2025,1,24,5,JFK,SAN,1630,1615,-15,1945,2007,22
2025,1,24,5,JFK,SAN,1630,1623,-7,1951,1945,-6
2025,1,24,5,JFK,SAN,1655,1645,-10,2025,2019,-6
2025,1,24,5,JFK,SAN,2057,2039,-18,32,2359,-33
2025,1,24,5,JFK,SAT,800,751,-9,1135,1140,5
2025,1,24,5,JFK,SAV,1345,1335,-10,1619,1625,6
2025,1,24,5,JFK,SAV,1859,1853,-6,2141,2135,-6
2025,1,24,5,JFK,SEA,710,707,-3,1038,1004,-34
2025,1,24,5,JFK,SEA,1130,1121,-9,1458,1423,-35
2025,1,24,5,JFK,SEA,1600,1559,-1,1927,1911,-16
2025,1,24,5,JFK,SEA,1634,1647,13,1955,2002,7
2025,1,24,5,JFK,SEA,1900,1855,-5,2225,2211,-14
2025,1,24,5,JFK,SFO,600,600,0,950,949,-1
2025,1,24,5,JFK,SFO,700,656,-4,1052,1017,-35
2025,1,24,5,JFK,SFO,800,751,-9,1140,1122,-18
2025,1,24,5,JFK,SFO,825,821,-4,1233,1157,-36
2025,1,24,5,JFK,SFO,855,849,-6,1252,1217,-35
2025,1,24,5,JFK,SFO,1030,1026,-4,1410,1428,18
2025,1,24,5,JFK,SFO,1110,1117,7,1459,1447,-12
2025,1,24,5,JFK,SFO,1200,1153,-7,1537,1545,8
2025,1,24,5,JFK,SFO,1300,1251,-9,1645,1654,9
2025,1,24,5,JFK,SFO,1455,1449,-6,1841,1812,-29
2025,1,24,5,JFK,SFO,1600,1547,-13,1946,1948,2
2025,1,24,5,JFK,SFO,1659,1645,-14,2038,2054,16
2025,1,24,5,JFK,SFO,1700,1653,-7,2050,2030,-20
2025,1,24,5,JFK,SFO,1705,1701,-4,2054,2034,-20
2025,1,24,5,JFK,SFO,1925,1925,0,2317,2307,-10
2025,1,24,5,JFK,SFO,2030,2023,-7,14,2357,-17
2025,1,24,5,JFK,SFO,2030,2030,0,22,11,-11
2025,1,24,5,JFK,SJU,600,558,-2,1051,1053,2
2025,1,24,5,JFK,SJU,800,752,-8,1252,1246,-6
2025,1,24,5,JFK,SJU,800,753,-7,1301,1255,-6
2025,1,24,5,JFK,SJU,1155,1157,2,1644,1644,0
2025,1,24,5,JFK,SJU,1200,1223,23,1655,1713,18
2025,1,24,5,JFK,SJU,1314,1305,-9,1805,1808,3
2025,1,24,5,JFK,SJU,1459,1458,-1,1949,2000,11
2025,1,24,5,JFK,SJU,1859,1853,-6,2359,16,17
2025,1,24,5,JFK,SJU,2045,2055,10,142,153,11
2025,1,24,5,JFK,SJU,2259,2257,-2,350,348,-2
2025,1,24,5,JFK,SLC,650,648,-2,1027,1004,-23
2025,1,24,5,JFK,SLC,1059,1054,-5,1431,1417,-14
2025,1,24,5,JFK,SLC,1300,1300,0,1633,1635,2
2025,1,24,5,JFK,SLC,1830,1852,22,2155,2242,47
2025,1,24,5,JFK,SLC,1838,1836,-2,2215,2155,-20
2025,1,24,5,JFK,SNA,900,852,-8,1225,1209,-16
2025,1,24,5,JFK,SRQ,630,644,14,939,1014,35
2025,1,24,5,JFK,STT,840,836,-4,1340,1354,14
2025,1,24,5,JFK,STT,859,853,-6,1359,1350,-9
2025,1,24,5,JFK,SYR,959,950,-9,1121,1059,-22
2025,1,24,5,JFK,SYR,1815,1814,-1,1936,1926,-10
2025,1,24,5,JFK,SYR,2225,2218,-7,2350,2323,-27
2025,1,24,5,JFK,TPA,730,726,-4,1032,1043,11
2025,1,24,5,JFK,TPA,730,730,0,1039,1122,43
2025,1,24,5,JFK,TPA,1104,1059,-5,1410,1423,13
2025,1,24,5,JFK,TPA,1128,1123,-5,1436,1457,21
2025,1,24,5,JFK,TPA,1540,1627,47,1850,1934,44
2025,1,24,5,JFK,TPA,1745,1740,-5,2054,2034,-20
2025,1,24,5,JFK,TPA,1959,1959,0,2314,2248,-26
2025,1,25,6,JFK,ATL,600,559,-1,836,844,8
2025,1,25,6,JFK,ATL,659,707,8,938,936,-2
2025,1,25,6,JFK,ATL,855,852,-3,1133,1113,-20
2025,1,25,6,JFK,ATL,1100,1108,8,1341,1335,-6
2025,1,25,6,JFK,ATL,1435,1429,-6,1705,1658,-7
2025,1,25,6,JFK,ATL,1440,1450,10,1718,1714,-4
2025,1,25,6,JFK,ATL,1830,1853,23,2120,2120,0
2025,1,25,6,JFK,ATL,1959,1958,-1,2248,2211,-37
2025,1,25,6,JFK,ATL,2130,2128,-2,11,2347,-24
2025,1,25,6,JFK,AUS,700,653,-7,1034,1037,3
2025,1,25,6,JFK,AUS,1730,1726,-4,2055,2045,-10
2025,1,25,6,JFK,AUS,1850,1852,2,2220,2209,-11
2025,1,25,6,JFK,BNA,900,856,-4,1049,1041,-8
2025,1,25,6,JFK,BNA,1229,1222,-7,1412,1349,-23
2025,1,25,6,JFK,BNA,1459,1450,-9,1644,1628,-16
2025,1,25,6,JFK,BNA,1529,1527,-2,1715,1703,-12
2025,1,25,6,JFK,BOS,630,622,-8,800,727,-33
2025,1,25,6,JFK,BOS,730,720,-10,847,841,-6
2025,1,25,6,JFK,BOS,908,903,-5,1026,1014,-12
2025,1,25,6,JFK,BOS,929,918,-11,1045,1021,-24
2025,1,25,6,JFK,BOS,1330,1323,-7,1445,1432,-13
2025,1,25,6,JFK,BOS,1430,1424,-6,1554,1537,-17
2025,1,25,6,JFK,BOS,1555,1547,-8,1712,1648,-24
2025,1,25,6,JFK,BOS,1630,1620,-10,1749,1730,-19
2025,1,25,6,JFK,BOS,1744,1736,-8,1906,1844,-22
2025,1,25,6,JFK,BOS,2030,2041,11,2154,2146,-8
2025,1,25,6,JFK,BOS,2100,2055,-5,2228,2208,-20
2025,1,25,6,JFK,BOS,2159,2149,-10,2309,2253,-16
2025,1,25,6,JFK,BOS,2259,2255,-4,18,2356,-22
2025,1,25,6,JFK,BQN,1600,1629,29,2050,2107,17
2025,1,25,6,JFK,BQN,2150,2139,-11,242,222,-20
2025,1,25,6,JFK,BUF,630,623,-7,800,750,-10
2025,1,25,6,JFK,BUF,1550,1545,-5,1722,1710,-12
2025,1,25,6,JFK,BUF,1725,1723,-2,1857,1845,-12
2025,1,25,6,JFK,CHS,959,953,-6,1219,1206,-13
2025,1,25,6,JFK,CHS,1255,1247,-8,1513,1447,-26
2025,1,25,6,JFK,CLE,800,753,-7,1009,959,-10
2025,1,25,6,JFK,CLE,1220,1209,-11,1415,1418,3
2025,1,25,6,JFK,CLT,629,626,-3,840,818,-22
2025,1,25,6,JFK,CLT,1129,1123,-6,1340,1308,-32
2025,1,25,6,JFK,CLT,1145,1226,41,1357,1419,22
2025,1,25,6,JFK,CLT,1453,1445,-8,1712,1641,-31
2025,1,25,6,JFK,CLT,1930,1927,-3,2147,2125,-22
2025,1,25,6,JFK,CMH,1129,1120,-9,1327,1310,-17
2025,1,25,6,JFK,CMH,1526,1520,-6,1729,1715,-14
2025,1,25,6,JFK,CMH,1630,1621,-9,1828,1817,-11
2025,1,25,6,JFK,CMH,2029,2019,-10,2233,2226,-7
2025,1,25,6,JFK,CVG,850,840,-10,1117,1124,7
2025,1,25,6,JFK,CVG,1315,1308,-7,1533,1525,-8
2025,1,25,6,JFK,DCA,800,756,-4,932,925,-7
2025,1,25,6,JFK,DCA,1459,1453,-6,1627,1620,-7
2025,1,25,6,JFK,DCA,1628,1624,-4,1800,1738,-22
2025,1,25,6,JFK,DCA,1744,1741,-3,1914,1855,-19
2025,1,25,6,JFK,DCA,2029,2025,-4,2200,2124,-36
2025,1,25,6,JFK,DCA,2100,2057,-3,2239,2208,-31
2025,1,25,6,JFK,DEN,755,751,-4,1043,1108,25
2025,1,25,6,JFK,DEN,1655,1649,-6,1946,1948,2
2025,1,25,6,JFK,DEN,1900,1853,-7,2138,2140,2
2025,1,25,6,JFK,DFW,1430,1426,-4,1746,1736,-10
2025,1,25,6,JFK,DFW,1559,1548,-11,1915,1859,-16
2025,1,25,6,JFK,DFW,1800,1818,18,2119,2125,6
2025,1,25,6,JFK,EGE,730,725,-5,1027,1029,2
2025,1,25,6,JFK,FLL,630,624,-6,935,913,-22
2025,1,25,6,JFK,FLL,700,652,-8,1018,1030,12
2025,1,25,6,JFK,FLL,800,746,-14,1112,1058,-14
2025,1,25,6,JFK,FLL,900,850,-10,1208,1218,10
2025,1,25,6,JFK,FLL,1115,1111,-4,1428,1407,-21
2025,1,25,6,JFK,FLL,1315,1310,-5,1625,1559,-26
2025,1,25,6,JFK,FLL,1529,1523,-6,1846,1819,-27
2025,1,25,6,JFK,FLL,1555,1545,-10,1907,1835,-32
2025,1,25,6,JFK,FLL,1720,1716,-4,2036,2009,-27
2025,1,25,6,JFK,FLL,1930,2031,61,2242,2336,54
2025,1,25,6,JFK,HNL,1000,957,-3,1619,1536,-43
2025,1,25,6,JFK,HNL,1000,1000,0,1615,1603,-12
2025,1,25,6,JFK,IND,1416,1409,-7,1639,1635,-4
2025,1,25,6,JFK,IND,1440,1434,-6,1704,1710,6
2025,1,25,6,JFK,IND,1559,1546,-13,1825,1753,-32
2025,1,25,6,JFK,IND,1829,1829,0,2056,2116,20
2025,1,25,6,JFK,JAX,740,734,-6,1025,1009,-16
2025,1,25,6,JFK,JAX,815,820,5,1057,1056,-1
2025,1,25,6,JFK,JAX,1800,1755,-5,2050,2029,-21
2025,1,25,6,JFK,JAX,1830,1835,5,2111,2118,7
2025,1,25,6,JFK,LAS,735,728,-7,1029,1037,8
2025,1,25,6,JFK,LAS,735,732,-3,1036,1100,24
2025,1,25,6,JFK,LAS,759,751,-8,1058,1115,17
2025,1,25,6,JFK,LAS,1000,954,-6,1250,1258,8
2025,1,25,6,JFK,LAS,1130,1127,-3,1429,1448,19
2025,1,25,6,JFK,LAS,1615,1610,-5,1923,1918,-5
2025,1,25,6,JFK,LAS,1859,1851,-8,2208,2209,1
2025,1,25,6,JFK,LAS,1859,1859,0,2154,2220,26
2025,1,25,6,JFK,LAS,2029,2019,-10,2340,2325,-15
2025,1,25,6,JFK,LAS,2054,2044,-10,2359,1,2
2025,1,25,6,JFK,LAX,600,555,-5,929,952,23
2025,1,25,6,JFK,LAX,659,654,-5,1028,1032,4
2025,1,25,6,JFK,LAX,700,654,-6,1021,1035,14
2025,1,25,6,JFK,LAX,740,749,9,1108,1127,19
2025,1,25,6,JFK,LAX,800,756,-4,1129,1154,25
2025,1,25,6,JFK,LAX,955,949,-6,1326,1319,-7
2025,1,25,6,JFK,LAX,1030,1027,-3,1347,1403,16
2025,1,25,6,JFK,LAX,1059,1054,-5,1429,1427,-2
2025,1,25,6,JFK,LAX,1105,1100,-5,1431,1436,5
2025,1,25,6,JFK,LAX,1200,1159,-1,1517,1547,30
2025,1,25,6,JFK,LAX,1534,1525,-9,1903,1913,10
2025,1,25,6,JFK,LAX,1550,1541,-9,1924,1912,-12
2025,1,25,6,JFK,LAX,1629,1621,-8,1957,1952,-5
2025,1,25,6,JFK,LAX,1645,1640,-5,2008,2024,16
2025,1,25,6,JFK,LAX,1705,1701,-4,2037,2052,15
2025,1,25,6,JFK,LAX,1729,2000,151,2056,2359,183
2025,1,25,6,JFK,LAX,1940,2000,20,2308,2357,49
2025,1,25,6,JFK,LAX,2015,2025,10,2355,1,6
2025,1,25,6,JFK,LAX,2030,2025,-5,2359,13,14
2025,1,25,6,JFK,LAX,2130,2130,0,55,122,27
2025,1,25,6,JFK,LAX,2130,2213,43,59,150,51
2025,1,25,6,JFK,MCI,1120,1119,-1,1353,1415,22
2025,1,25,6,JFK,MCO,645,642,-3,945,937,-8
2025,1,25,6,JFK,MCO,730,725,-5,1035,1058,23
2025,1,25,6,JFK,MCO,910,910,0,1214,1211,-3
2025,1,25,6,JFK,MCO,1100,1048,-12,1400,1333,-27
2025,1,25,6,JFK,MCO,1130,1130,0,1430,1415,-15
2025,1,25,6,JFK,MCO,1330,1324,-6,1635,1604,-31
2025,1,25,6,JFK,MCO,1359,1458,59,1659,1754,55
2025,1,25,6,JFK,MCO,1500,1451,-9,1806,1756,-10
2025,1,25,6,JFK,MCO,1550,1543,-7,1852,1900,8
2025,1,25,6,JFK,MCO,1559,1551,-8,1907,1841,-26
2025,1,25,6,JFK,MCO,1830,1820,-10,2133,2111,-22
2025,1,25,6,JFK,MIA,525,523,-2,839,837,-2
2025,1,25,6,JFK,MIA,700,700,0,1023,1025,2
2025,1,25,6,JFK,MIA,738,738,0,1100,1107,7
2025,1,25,6,JFK,MIA,859,854,-5,1235,1229,-6
2025,1,25,6,JFK,MIA,950,1006,16,1303,1303,0
2025,1,25,6,JFK,MIA,1105,1100,-5,1431,1405,-26
2025,1,25,6,JFK,MIA,1259,1256,-3,1619,1607,-12
2025,1,25,6,JFK,MIA,1310,1311,1,1633,1609,-24
2025,1,25,6,JFK,MIA,1500,1457,-3,1815,1802,-13
2025,1,25,6,JFK,MIA,1729,1954,145,2049,2309,140
2025,1,25,6,JFK,MIA,1821,1817,-4,2145,2209,24
2025,1,25,6,JFK,MIA,1955,1944,-11,2327,2255,-32
2025,1,25,6,JFK,MIA,2030,2028,-2,2348,2345,-3
2025,1,25,6,JFK,MKE,1800,1753,-7,1954,2004,10
2025,1,25,6,JFK,MSP,1129,1131,2,1350,1347,-3
2025,1,25,6,JFK,MSY,810,804,-6,1057,1116,19
2025,1,25,6,JFK,MSY,1622,1616,-6,1903,1833,-30
2025,1,25,6,JFK,ORD,800,751,-9,955,952,-3
2025,1,25,6,JFK,ORD,900,857,-3,1047,1036,-11
2025,1,25,6,JFK,ORD,1550,1545,-5,1738,1733,-5
2025,1,25,6,JFK,ORD,1929,1920,-9,2128,2117,-11
2025,1,25,6,JFK,ORF,1110,1103,-7,1236,1224,-12
2025,1,25,6,JFK,ORF,1900,1855,-5,2037,2021,-16
2025,1,25,6,JFK,ORF,2155,2142,-13,2325,2307,-18
2025,1,25,6,JFK,ORH,1259,1252,-7,1402,1348,-14
2025,1,25,6,JFK,PBI,705,700,-5,1018,1008,-10
2025,1,25,6,JFK,PBI,1030,1045,15,1335,1332,-3
2025,1,25,6,JFK,PBI,1329,1358,29,1638,1647,9
2025,1,25,6,JFK,PBI,1509,1459,-10,1815,1755,-20
2025,1,25,6,JFK,PBI,1535,1530,-5,1849,1816,-33
2025,1,25,6,JFK,PBI,2000,1952,-8,2306,2240,-26
2025,1,25,6,JFK,PDX,1729,1748,19,2107,2056,-11
2025,1,25,6,JFK,PDX,1959,1959,0,2329,2308,-21
2025,1,25,6,JFK,PHX,700,657,-3,1055,1103,8
2025,1,25,6,JFK,PHX,730,718,-12,1115,1131,16
2025,1,25,6,JFK,PHX,929,932,3,1328,1313,-15
2025,1,25,6,JFK,PHX,1258,1255,-3,1648,1648,0
2025,1,25,6,JFK,PHX,1800,1748,-12,2158,2150,-8
2025,1,25,6,JFK,PHX,1830,1819,-11,2213,2218,5
2025,1,25,6,JFK,PHX,1950,1944,-6,2359,2354,-5
2025,1,25,6,JFK,PIT,1400,1350,-10,1542,1531,-11
2025,1,25,6,JFK,PIT,1516,1506,-10,1708,1651,-17
2025,1,25,6,JFK,PIT,1715,1708,-7,1855,1843,-12
2025,1,25,6,JFK,PIT,2000,1950,-10,2148,2122,-26
2025,1,25,6,JFK,PIT,2029,2021,-8,2220,2214,-6
2025,1,25,6,JFK,PSP,955,950,-5,1316,1328,12
2025,1,25,6,JFK,PSP,1130,1133,3,1437,1459,22
2025,1,25,6,JFK,RDU,829,823,-6,1024,1004,-20
2025,1,25,6,JFK,RDU,1020,1016,-4,1206,1203,-3
2025,1,25,6,JFK,RDU,1330,1320,-10,1522,1503,-19
2025,1,25,6,JFK,RDU,1420,1418,-2,1609,1621,12
2025,1,25,6,JFK,RDU,1510,1501,-9,1701,1646,-15
2025,1,25,6,JFK,RDU,2030,2021,-9,2225,2208,-17
2025,1,25,6,JFK,RDU,2130,2126,-4,2324,2309,-15
2025,1,25,6,JFK,ROC,1015,1023,8,1145,1145,0
2025,1,25,6,JFK,ROC,1430,1424,-6,1557,1603,6
2025,1,25,6,JFK,ROC,1650,1643,-7,1826,1817,-9
2025,1,25,6,JFK,ROC,2155,2148,-7,2326,2312,-14
2025,1,25,6,JFK,ROC,2220,2215,-5,2356,2343,-13
2025,1,25,6,JFK,RSW,600,559,-1,920,902,-18
2025,1,25,6,JFK,RSW,735,727,-8,1056,1045,-11
2025,1,25,6,JFK,RSW,1543,1534,-9,1904,1843,-21
2025,1,25,6,JFK,SAN,845,844,-1,1216,1250,34
2025,1,25,6,JFK,SAN,1630,1615,-15,1951,1956,5
2025,1,25,6,JFK,SAN,1630,1624,-6,1945,2005,20
2025,1,25,6,JFK,SAN,1655,1640,-15,2025,2023,-2
2025,1,25,6,JFK,SAT,1650,1642,-8,2019,2014,-5
2025,1,25,6,JFK,SAV,830,820,-10,1100,1107,7
2025,1,25,6,JFK,SAV,1345,1340,-5,1619,1606,-13
2025,1,25,6,JFK,SAV,1859,1859,0,2141,2128,-13
2025,1,25,6,JFK,SEA,710,737,27,1038,1131,53
2025,1,25,6,JFK,SEA,1300,1251,-9,1628,1547,-41
2025,1,25,6,JFK,SEA,1629,1627,-2,1957,1937,-20
2025,1,25,6,JFK,SEA,1634,1708,34,1955,2031,36
2025,1,25,6,JFK,SEA,1900,1900,0,2225,2223,-2
2025,1,25,6,JFK,SFO,600,558,-2,950,958,8
2025,1,25,6,JFK,SFO,855,853,-2,1252,1236,-16
2025,1,25,6,JFK,SFO,1030,1030,0,1410,1438,28
2025,1,25,6,JFK,SFO,1110,1107,-3,1459,1453,-6
2025,1,25,6,JFK,SFO,1455,1453,-2,1841,1830,-11
2025,1,25,6,JFK,SFO,1600,1558,-2,1946,1939,-7
2025,1,25,6,JFK,SFO,1659,1653,-6,2052,2038,-14
2025,1,25,6,JFK,SFO,1710,1705,-5,2049,2055,6
2025,1,25,6,JFK,SFO,1745,1750,5,2134,2122,-12
2025,1,25,6,JFK,SFO,2030,2020,-10,14,26,12
2025,1,25,6,JFK,SFO,2030,2142,72,22,123,61
2025,1,25,6,JFK,SJU,600,653,53,1051,1209,78
2025,1,25,6,JFK,SJU,800,756,-4,1252,1257,5
2025,1,25,6,JFK,SJU,800,757,-3,1301,1253,-8
2025,1,25,6,JFK,SJU,1155,1155,0,1644,1638,-6
2025,1,25,6,JFK,SJU,1159,1151,-8,1652,1638,-14
2025,1,25,6,JFK,SJU,1314,1315,1,1805,1834,29
2025,1,25,6,JFK,SJU,1459,1558,59,1949,2035,46
2025,1,25,6,JFK,SJU,1859,1847,-12,2359,2344,-15
2025,1,25,6,JFK,SJU,2045,2038,-7,142,114,-28
2025,1,25,6,JFK,SJU,2259,2302,3,350,337,-13
2025,1,25,6,JFK,SLC,645,644,-1,1022,1045,23
2025,1,25,6,JFK,SLC,1100,1110,10,1433,1512,39
2025,1,25,6,JFK,SLC,1259,1252,-7,1633,1638,5
2025,1,25,6,JFK,SLC,1830,1825,-5,2155,2201,6
2025,1,25,6,JFK,SLC,1900,1852,-8,2233,2235,2
2025,1,25,6,JFK,SNA,900,853,-7,1225,1240,15
2025,1,25,6,JFK,SRQ,630,622,-8,939,935,-4
2025,1,25,6,JFK,STT,829,820,-9,1329,1323,-6
2025,1,25,6,JFK,STT,840,840,0,1340,1335,-5
2025,1,25,6,JFK,SYR,844,837,-7,1007,956,-11
2025,1,25,6,JFK,SYR,959,953,-6,1121,1109,-12
2025,1,25,6,JFK,SYR,1815,1814,-1,1936,1922,-14
2025,1,25,6,JFK,SYR,2230,2228,-2,2355,2345,-10
2025,1,25,6,JFK,TPA,730,723,-7,1039,1028,-11
2025,1,25,6,JFK,TPA,830,842,12,1145,1140,-5
2025,1,25,6,JFK,TPA,1104,1103,-1,1410,1402,-8
2025,1,25,6,JFK,TPA,1128,1125,-3,1436,1425,-11
2025,1,25,6,JFK,TPA,1540,1629,49,1852,1933,41
2025,1,25,6,JFK,TPA,1959,1954,-5,2314,2250,-24
2025,1,26,7,JFK,ATL,600,555,-5,834,817,-17
2025,1,26,7,JFK,ATL,659,652,-7,938,918,-20
2025,1,26,7,JFK,ATL,835,843,8,1115,1110,-5
2025,1,26,7,JFK,ATL,1100,1050,-10,1341,1329,-12
2025,1,26,7,JFK,ATL,1229,1223,-6,1504,1449,-15
2025,1,26,7,JFK,ATL,1440,1436,-4,1718,1659,-19
2025,1,26,7,JFK,ATL,1630,1626,-4,1905,1844,-21
2025,1,26,7,JFK,ATL,1820,1819,-1,2107,2101,-6
2025,1,26,7,JFK,ATL,2010,2009,-1,2259,2227,-32
2025,1,26,7,JFK,ATL,2130,2126,-4,11,2400,-11
2025,1,26,7,JFK,AUS,700,653,-7,1034,1024,-10
2025,1,26,7,JFK,AUS,1059,1116,17,1426,1456,30
2025,1,26,7,JFK,AUS,1259,1252,-7,1646,1612,-34
2025,1,26,7,JFK,AUS,1850,1848,-2,2220,2220,0
2025,1,26,7,JFK,AUS,1930,1931,1,2301,2318,17
2025,1,26,7,JFK,BNA,730,724,-6,920,851,-29
2025,1,26,7,JFK,BNA,955,951,-4,1142,1134,-8
2025,1,26,7,JFK,BNA,1229,1217,-12,1412,1345,-27
2025,1,26,7,JFK,BNA,1459,1453,-6,1644,1636,-8
2025,1,26,7,JFK,BNA,1529,1520,-9,1715,1659,-16
2025,1,26,7,JFK,BOS,600,549,-11,730,713,-17
2025,1,26,7,JFK,BOS,730,722,-8,847,830,-17
2025,1,26,7,JFK,BOS,930,926,-4,1046,1032,-14
2025,1,26,7,JFK,BOS,950,943,-7,1110,1053,-17
2025,1,26,7,JFK,BOS,1000,957,-3,1115,1104,-11
2025,1,26,7,JFK,BOS,1330,1323,-7,1445,1418,-27
2025,1,26,7,JFK,BOS,1430,1454,24,1554,1604,10
2025,1,26,7,JFK,BOS,1555,1549,-6,1712,1651,-21
2025,1,26,7,JFK,BOS,1735,1728,-7,1900,1832,-28
2025,1,26,7,JFK,BOS,1800,1752,-8,1920,1855,-25
2025,1,26,7,JFK,BOS,2030,2015,-15,2154,2127,-27
2025,1,26,7,JFK,BOS,2100,2100,0,2227,2203,-24
2025,1,26,7,JFK,BOS,2200,2152,-8,2312,2303,-9
2025,1,26,7,JFK,BOS,2259,2250,-9,18,2355,-23
2025,1,26,7,JFK,BQN,1559,1606,7,2049,2047,-2
2025,1,26,7,JFK,BQN,2150,2149,-1,242,230,-12
2025,1,26,7,JFK,BUF,630,627,-3,800,801,1
2025,1,26,7,JFK,BUF,1550,1545,-5,1722,1704,-18
2025,1,26,7,JFK,BUF,1725,1722,-3,1857,1843,-14
2025,1,26,7,JFK,BUF,2159,2157,-2,2334,2326,-8
2025,1,26,7,JFK,CHS,1000,952,-8,1218,1203,-15
2025,1,26,7,JFK,CHS,1255,1247,-8,1513,1456,-17
2025,1,26,7,JFK,CLE,800,750,-10,1009,946,-23
2025,1,26,7,JFK,CLE,1220,1216,-4,1415,1406,-9
2025,1,26,7,JFK,CLT,630,1420,470,841,1611,450
2025,1,26,7,JFK,CLT,800,758,-2,1015,956,-19
2025,1,26,7,JFK,CLT,1129,1205,36,1340,1402,22
2025,1,26,7,JFK,CLT,1225,1220,-5,1432,1419,-13
2025,1,26,7,JFK,CLT,1454,1447,-7,1705,1642,-23
2025,1,26,7,JFK,CLT,1930,2008,38,2143,2205,22
2025,1,26,7,JFK,CMH,935,926,-9,1134,1126,-8
2025,1,26,7,JFK,CMH,1144,1140,-4,1341,1328,-13
2025,1,26,7,JFK,CMH,1526,1524,-2,1729,1713,-16
2025,1,26,7,JFK,CMH,1630,1623,-7,1828,1821,-7
2025,1,26,7,JFK,CMH,2029,2018,-11,2233,2207,-26
2025,1,26,7,JFK,CVG,850,839,-11,1117,1112,-5
2025,1,26,7,JFK,CVG,1315,1313,-2,1533,1531,-2
2025,1,26,7,JFK,DCA,800,753,-7,932,911,-21
2025,1,26,7,JFK,DCA,855,844,-11,1020,957,-23
2025,1,26,7,JFK,DCA,1459,1449,-10,1627,1607,-20
2025,1,26,7,JFK,DCA,1628,1621,-7,1800,1735,-25
2025,1,26,7,JFK,DCA,1744,1740,-4,1914,1842,-32
2025,1,26,7,JFK,DCA,2029,2021,-8,2200,2136,-24
2025,1,26,7,JFK,DCA,2100,2050,-10,2239,2201,-38
2025,1,26,7,JFK,DEN,830,821,-9,1131,1058,-33
2025,1,26,7,JFK,DEN,959,1003,4,1245,1249,4
2025,1,26,7,JFK,DEN,1655,1650,-5,1946,1934,-12
2025,1,26,7,JFK,DEN,1900,1856,-4,2138,2126,-12
2025,1,26,7,JFK,DFW,800,801,1,1120,1117,-3
2025,1,26,7,JFK,DFW,843,915,32,1205,1227,22
2025,1,26,7,JFK,DFW,1430,1449,19,1746,1810,24
2025,1,26,7,JFK,DFW,1559,1620,21,1915,1951,36
2025,1,26,7,JFK,DFW,1750,1748,-2,2106,2103,-3
2025,1,26,7,JFK,DTW,1650,1646,-4,1901,1847,-14
2025,1,26,7,JFK,EGE,730,724,-6,1027,1022,-5
2025,1,26,7,JFK,FLL,600,553,-7,904,853,-11
2025,1,26,7,JFK,FLL,700,655,-5,1018,1001,-17
2025,1,26,7,JFK,FLL,800,757,-3,1112,1102,-10
2025,1,26,7,JFK,FLL,900,856,-4,1208,1200,-8
2025,1,26,7,JFK,FLL,1115,1112,-3,1428,1402,-26
2025,1,26,7,JFK,FLL,1315,1417,62,1625,1715,50
2025,1,26,7,JFK,FLL,1529,1520,-9,1846,1825,-21
2025,1,26,7,JFK,FLL,1555,1547,-8,1907,1846,-21
2025,1,26,7,JFK,FLL,1720,1712,-8,2036,2006,-30
2025,1,26,7,JFK,FLL,1930,1925,-5,2242,2224,-18
2025,1,26,7,JFK,FLL,1955,1940,-15,2318,2235,-43
2025,1,26,7,JFK,HNL,1000,952,-8,1615,1556,-19
2025,1,26,7,JFK,HNL,1000,953,-7,1619,1543,-36
2025,1,26,7,JFK,IAH,800,759,-1,1112,1112,0
2025,1,26,7,JFK,IND,1416,1405,-11,1639,1636,-3
2025,1,26,7,JFK,IND,1440,1430,-10,1704,1645,-19
2025,1,26,7,JFK,IND,1559,1549,-10,1825,1803,-22
2025,1,26,7,JFK,IND,1829,1817,-12,2056,2049,-7
2025,1,26,7,JFK,JAX,740,734,-6,1025,1008,-17
2025,1,26,7,JFK,JAX,815,813,-2,1057,1037,-20
2025,1,26,7,JFK,JAX,1330,1322,-8,1611,1559,-12
2025,1,26,7,JFK,JAX,1830,1832,2,2111,2121,10
2025,1,26,7,JFK,JAX,1929,1922,-7,2220,2158,-22
2025,1,26,7,JFK,LAS,735,729,-6,1029,1023,-6
2025,1,26,7,JFK,LAS,735,731,-4,1042,1032,-10
2025,1,26,7,JFK,LAS,759,747,-12,1058,1053,-5
2025,1,26,7,JFK,LAS,959,942,-17,1249,1248,-1
2025,1,26,7,JFK,LAS,1130,1129,-1,1434,1424,-10
2025,1,26,7,JFK,LAS,1615,1627,12,1923,1906,-17
2025,1,26,7,JFK,LAS,1735,1729,-6,2025,2015,-10
2025,1,26,7,JFK,LAS,1859,1906,7,2208,2158,-10
2025,1,26,7,JFK,LAS,2059,2046,-13,4,2342,-22
2025,1,26,7,JFK,LAS,2115,2102,-13,28,2343,-45
2025,1,26,7,JFK,LAX,600,559,-1,929,941,12
2025,1,26,7,JFK,LAX,659,653,-6,1028,1053,25
2025,1,26,7,JFK,LAX,700,653,-7,1021,1028,7
2025,1,26,7,JFK,LAX,710,715,5,1040,1052,12
2025,1,26,7,JFK,LAX,800,2220,860,1129,145,856
2025,1,26,7,JFK,LAX,850,844,-6,1226,1210,-16
2025,1,26,7,JFK,LAX,930,926,-4,1250,1304,14
2025,1,26,7,JFK,LAX,955,1013,18,1326,1343,17
2025,1,26,7,JFK,LAX,1105,1100,-5,1431,1435,4
2025,1,26,7,JFK,LAX,1129,1128,-1,1446,1458,12
2025,1,26,7,JFK,LAX,1305,1303,-2,1633,1637,4
2025,1,26,7,JFK,LAX,1400,1358,-2,1719,1721,2
2025,1,26,7,JFK,LAX,1534,1529,-5,1903,1911,8
2025,1,26,7,JFK,LAX,1550,1548,-2,1924,1920,-4
2025,1,26,7,JFK,LAX,1645,1638,-7,2008,2002,-6
2025,1,26,7,JFK,LAX,1700,1653,-7,2031,2026,-5
2025,1,26,7,JFK,LAX,1705,1702,-3,2037,2034,-3
2025,1,26,7,JFK,LAX,1730,1726,-4,2100,2052,-8
2025,1,26,7,JFK,LAX,1815,1811,-4,2154,2149,-5
2025,1,26,7,JFK,LAX,1945,1940,-5,2328,2336,8
2025,1,26,7,JFK,LAX,2030,2043,13,2359,11,12
2025,1,26,7,JFK,LAX,2130,2132,2,55,35,-20
2025,1,26,7,JFK,LAX,2130,2236,66,59,213,74
2025,1,26,7,JFK,MCI,1120,1114,-6,1353,1408,15
2025,1,26,7,JFK,MCO,645,638,-7,945,930,-15
2025,1,26,7,JFK,MCO,730,727,-3,1035,1028,-7
2025,1,26,7,JFK,MCO,910,909,-1,1214,1203,-11
2025,1,26,7,JFK,MCO,1100,1054,-6,1400,1338,-22
2025,1,26,7,JFK,MCO,1130,1126,-4,1430,1413,-17
2025,1,26,7,JFK,MCO,1330,1326,-4,1635,1617,-18
2025,1,26,7,JFK,MCO,1359,1406,7,1659,1703,4
2025,1,26,7,JFK,MCO,1500,1504,4,1806,1753,-13
2025,1,26,7,JFK,MCO,1543,1622,39,1848,1901,13
2025,1,26,7,JFK,MCO,1550,1550,0,1852,1855,3
2025,1,26,7,JFK,MCO,1830,1823,-7,2133,2113,-20
2025,1,26,7,JFK,MCO,1929,1922,-7,2236,2210,-26
2025,1,26,7,JFK,MIA,525,521,-4,839,838,-1
2025,1,26,7,JFK,MIA,630,622,-8,948,945,-3
2025,1,26,7,JFK,MIA,700,659,-1,1022,1015,-7
2025,1,26,7,JFK,MIA,738,737,-1,1100,1053,-7
2025,1,26,7,JFK,MIA,901,901,0,1236,1216,-20
2025,1,26,7,JFK,MIA,950,1012,22,1303,1320,17
2025,1,26,7,JFK,MIA,1110,1115,5,1435,1421,-14
2025,1,26,7,JFK,MIA,1259,1303,4,1619,1619,0
2025,1,26,7,JFK,MIA,1310,1307,-3,1633,1612,-21
2025,1,26,7,JFK,MIA,1500,1451,-9,1815,1804,-11
2025,1,26,7,JFK,MIA,1526,1528,2,1854,1849,-5
2025,1,26,7,JFK,MIA,1734,1733,-1,2056,2057,1
2025,1,26,7,JFK,MIA,1821,1817,-4,2145,2210,25
2025,1,26,7,JFK,MIA,1955,1953,-2,2327,2309,-18
2025,1,26,7,JFK,MIA,2030,2020,-10,2348,2321,-27
2025,1,26,7,JFK,MKE,1750,1743,-7,1939,1929,-10
2025,1,26,7,JFK,MSP,1130,1120,-10,1350,1346,-4
2025,1,26,7,JFK,MSY,810,817,7,1057,1030,-27
2025,1,26,7,JFK,MSY,929,921,-8,1207,1146,-21
2025,1,26,7,JFK,MSY,1622,1611,-11,1903,1827,-36
2025,1,26,7,JFK,ORD,800,748,-12,955,926,-29
2025,1,26,7,JFK,ORD,900,855,-5,1047,1039,-8
2025,1,26,7,JFK,ORD,1350,1345,-5,1544,1529,-15
2025,1,26,7,JFK,ORD,1550,1544,-6,1738,1722,-16
2025,1,26,7,JFK,ORD,1555,1551,-4,1750,1738,-12
2025,1,26,7,JFK,ORD,1929,1920,-9,2128,2116,-12
2025,1,26,7,JFK,ORF,1110,1059,-11,1236,1214,-22
2025,1,26,7,JFK,ORF,1357,1353,-4,1522,1518,-4
2025,1,26,7,JFK,ORF,2159,2151,-8,2329,2310,-19
2025,1,26,7,JFK,ORH,1259,1257,-2,1402,1402,0
2025,1,26,7,JFK,PBI,815,850,35,1130,1152,22
2025,1,26,7,JFK,PBI,1030,1100,30,1335,1351,16
2025,1,26,7,JFK,PBI,1400,1411,11,1709,1656,-13
2025,1,26,7,JFK,PBI,1509,1649,100,1815,1956,101
2025,1,26,7,JFK,PBI,1554,1622,28,1904,1928,24
2025,1,26,7,JFK,PBI,2000,1952,-8,2306,2253,-13
2025,1,26,7,JFK,PDX,1729,1722,-7,2107,2017,-50
2025,1,26,7,JFK,PDX,1959,1953,-6,2329,2251,-38
2025,1,26,7,JFK,PHX,630,622,-8,1019,1023,4
2025,1,26,7,JFK,PHX,730,720,-10,1115,1121,6
2025,1,26,7,JFK,PHX,735,736,1,1135,1135,0
2025,1,26,7,JFK,PHX,930,926,-4,1325,1321,-4
2025,1,26,7,JFK,PHX,1259,1258,-1,1649,1653,4
2025,1,26,7,JFK,PHX,1700,1659,-1,2050,2059,9
2025,1,26,7,JFK,PHX,1830,1816,-14,2213,2220,7
2025,1,26,7,JFK,PHX,1950,1949,-1,2359,2333,-26
2025,1,26,7,JFK,PIT,1400,1351,-9,1542,1534,-8
2025,1,26,7,JFK,PIT,1516,1512,-4,1708,1707,-1
2025,1,26,7,JFK,PIT,1715,1708,-7,1855,1837,-18
2025,1,26,7,JFK,PIT,2029,2021,-8,2220,2143,-37
2025,1,26,7,JFK,PSP,1130,1124,-6,1437,1449,12
2025,1,26,7,JFK,RDU,832,826,-6,1027,1017,-10
2025,1,26,7,JFK,RDU,1030,1024,-6,1216,1212,-4
2025,1,26,7,JFK,RDU,1420,1410,-10,1609,1549,-20
2025,1,26,7,JFK,RDU,1510,1506,-4,1701,1703,2
2025,1,26,7,JFK,RDU,2030,2024,-6,2225,2209,-16
2025,1,26,7,JFK,RDU,2130,2124,-6,2324,2306,-18
2025,1,26,7,JFK,ROC,1430,1424,-6,1557,1545,-12
2025,1,26,7,JFK,ROC,2155,2149,-6,2326,2309,-17
2025,1,26,7,JFK,ROC,2220,2210,-10,2356,2343,-13
2025,1,26,7,JFK,RSW,600,550,-10,920,902,-18
2025,1,26,7,JFK,RSW,735,726,-9,1056,1042,-14
2025,1,26,7,JFK,RSW,1543,1538,-5,1904,1849,-15
2025,1,26,7,JFK,RSW,1750,1812,22,2110,2122,12
2025,1,26,7,JFK,SAN,700,653,-7,1011,1028,17
2025,1,26,7,JFK,SAN,850,942,52,1225,1327,62
2025,1,26,7,JFK,SAN,1630,1625,-5,1945,1950,5
2025,1,26,7,JFK,SAN,1630,1627,-3,1951,1947,-4
2025,1,26,7,JFK,SAN,1655,1659,4,2025,2043,18
2025,1,26,7,JFK,SAN,2057,2056,-1,32,9,-23
2025,1,26,7,JFK,SAT,800,752,-8,1135,1114,-21
2025,1,26,7,JFK,SAV,830,822,-8,1100,1040,-20
2025,1,26,7,JFK,SAV,1345,1337,-8,1619,1556,-23
2025,1,26,7,JFK,SAV,1859,1852,-7,2141,2123,-18
2025,1,26,7,JFK,SEA,710,710,0,1038,1015,-23
2025,1,26,7,JFK,SEA,1300,1647,227,1628,2009,221
2025,1,26,7,JFK,SEA,1600,1559,-1,1927,1902,-25
2025,1,26,7,JFK,SEA,1634,1655,21,1955,2001,6
2025,1,26,7,JFK,SEA,1900,1905,5,2225,2206,-19
2025,1,26,7,JFK,SFO,600,553,-7,950,924,-26
2025,1,26,7,JFK,SFO,700,655,-5,1052,1017,-35
2025,1,26,7,JFK,SFO,800,754,-6,1140,1127,-13
2025,1,26,7,JFK,SFO,830,828,-2,1234,1158,-36
2025,1,26,7,JFK,SFO,855,849,-6,1252,1210,-42
2025,1,26,7,JFK,SFO,1030,1105,35,1410,1430,20
2025,1,26,7,JFK,SFO,1110,1110,0,1459,1420,-39
2025,1,26,7,JFK,SFO,1200,1157,-3,1537,1551,14
2025,1,26,7,JFK,SFO,1455,1507,12,1841,1823,-18
2025,1,26,7,JFK,SFO,1600,1557,-3,1946,1909,-37
2025,1,26,7,JFK,SFO,1659,1653,-6,2038,2010,-28
2025,1,26,7,JFK,SFO,1700,1655,-5,2050,2014,-36
2025,1,26,7,JFK,SFO,1705,1659,-6,2054,2021,-33
2025,1,26,7,JFK,SFO,1925,1949,24,2317,2301,-16
2025,1,26,7,JFK,SFO,2030,2022,-8,14,2323,-51
2025,1,26,7,JFK,SFO,2030,2035,5,22,2343,-39
2025,1,26,7,JFK,SJU,600,605,5,1051,1043,-8
2025,1,26,7,JFK,SJU,800,753,-7,1252,1226,-26
2025,1,26,7,JFK,SJU,800,800,0,1301,1236,-25
2025,1,26,7,JFK,SJU,1200,1159,-1,1649,1632,-17
2025,1,26,7,JFK,SJU,1200,1202,2,1655,1635,-20
2025,1,26,7,JFK,SJU,1314,1306,-8,1805,1753,-12
2025,1,26,7,JFK,SJU,1459,1458,-1,1949,1932,-17
2025,1,26,7,JFK,SJU,1859,1908,9,2359,7,8
2025,1,26,7,JFK,SJU,2130,2128,-2,220,207,-13
2025,1,26,7,JFK,SJU,2259,2245,-14,350,330,-20
2025,1,26,7,JFK,SLC,629,625,-4,1006,952,-14
2025,1,26,7,JFK,SLC,1059,1131,32,1431,1448,17
2025,1,26,7,JFK,SLC,1300,1308,8,1633,1638,5
2025,1,26,7,JFK,SLC,1830,1830,0,2155,2137,-18
2025,1,26,7,JFK,SLC,1838,1836,-2,2215,2146,-29
2025,1,26,7,JFK,SNA,900,859,-1,1225,1224,-1
2025,1,26,7,JFK,SRQ,630,631,1,939,933,-6
2025,1,26,7,JFK,STT,840,903,23,1340,1349,9
2025,1,26,7,JFK,STT,900,847,-13,1400,1330,-30
2025,1,26,7,JFK,SYR,959,958,-1,1121,1108,-13
2025,1,26,7,JFK,SYR,1815,1833,18,1936,1945,9
2025,1,26,7,JFK,SYR,2225,2240,15,2350,9,19
2025,1,26,7,JFK,TPA,730,720,-10,1032,1020,-12
2025,1,26,7,JFK,TPA,730,723,-7,1039,1026,-13
2025,1,26,7,JFK,TPA,1104,1056,-8,1410,1355,-15
2025,1,26,7,JFK,TPA,1130,1129,-1,1438,1426,-12
2025,1,26,7,JFK,TPA,1540,1535,-5,1850,1903,13
2025,1,26,7,JFK,TPA,1745,1744,-1,2054,2040,-14
2025,1,26,7,JFK,TPA,1959,1952,-7,2314,2255,-19
2025,1,27,1,JFK,ATL,600,553,-7,834,820,-14
2025,1,27,1,JFK,ATL,659,658,-1,938,928,-10
2025,1,27,1,JFK,ATL,835,830,-5,1115,1052,-23
2025,1,27,1,JFK,ATL,1100,1048,-12,1341,1312,-29
2025,1,27,1,JFK,ATL,1224,1223,-1,1500,1443,-17
2025,1,27,1,JFK,ATL,1440,1437,-3,1718,1708,-10
2025,1,27,1,JFK,ATL,1630,1631,1,1905,1856,-9
2025,1,27,1,JFK,ATL,1820,1815,-5,2107,2056,-11
2025,1,27,1,JFK,ATL,2010,1958,-12,2259,2205,-54
2025,1,27,1,JFK,ATL,2130,2134,4,11,2348,-23
2025,1,27,1,JFK,AUS,700,656,-4,1034,1033,-1
2025,1,27,1,JFK,AUS,1059,1052,-7,1426,1400,-26
2025,1,27,1,JFK,AUS,1259,1256,-3,1646,1616,-30
2025,1,27,1,JFK,AUS,1850,1842,-8,2220,2223,3
2025,1,27,1,JFK,AUS,1930,1923,-7,2301,2227,-34
2025,1,27,1,JFK,BNA,730,731,1,920,914,-6
2025,1,27,1,JFK,BNA,900,859,-1,1049,1034,-15
2025,1,27,1,JFK,BNA,1230,1230,0,1413,1407,-6
2025,1,27,1,JFK,BNA,1459,1458,-1,1644,1647,3
2025,1,27,1,JFK,BNA,1530,1523,-7,1715,1639,-36
2025,1,27,1,JFK,BOS,600,551,-9,730,707,-23
2025,1,27,1,JFK,BOS,600,554,-6,712,708,-4
2025,1,27,1,JFK,BOS,730,722,-8,847,846,-1
2025,1,27,1,JFK,BOS,930,918,-12,1046,1033,-13
2025,1,27,1,JFK,BOS,950,951,1,1110,1116,6
2025,1,27,1,JFK,BOS,1000,954,-6,1115,1113,-2
2025,1,27,1,JFK,BOS,1330,1321,-9,1445,1431,-14
2025,1,27,1,JFK,BOS,1430,1421,-9,1554,1540,-14
2025,1,27,1,JFK,BOS,1555,1544,-11,1712,1647,-25
2025,1,27,1,JFK,BOS,1735,1731,-4,1900,1842,-18
2025,1,27,1,JFK,BOS,1800,1756,-4,1920,1907,-13
2025,1,27,1,JFK,BOS,2030,2027,-3,2154,2137,-17
2025,1,27,1,JFK,BOS,2100,2059,-1,2227,2217,-10
2025,1,27,1,JFK,BOS,2159,2152,-7,2309,2302,-7
2025,1,27,1,JFK,BOS,2259,2246,-13,18,2357,-21
2025,1,27,1,JFK,BQN,1559,1600,1,2049,2036,-13
2025,1,27,1,JFK,BQN,2150,2137,-13,242,221,-21
2025,1,27,1,JFK,BUF,630,622,-8,800,743,-17
2025,1,27,1,JFK,BUF,1550,1540,-10,1722,1701,-21
2025,1,27,1,JFK,BUF,1725,1800,35,1857,1925,28
2025,1,27,1,JFK,CHS,959,952,-7,1219,1209,-10
2025,1,27,1,JFK,CHS,1255,1248,-7,1513,1454,-19
2025,1,27,1,JFK,CLE,800,751,-9,1009,936,-33
2025,1,27,1,JFK,CLE,1219,1212,-7,1414,1357,-17
2025,1,27,1,JFK,CLT,630,626,-4,841,835,-6
2025,1,27,1,JFK,CLT,800,753,-7,1015,1004,-11
2025,1,27,1,JFK,CLT,1200,1159,-1,1408,1401,-7
2025,1,27,1,JFK,CLT,1225,1218,-7,1432,1419,-13
2025,1,27,1,JFK,CLT,1454,1450,-4,1705,1702,-3
2025,1,27,1,JFK,CLT,1930,2115,105,2143,2318,95
2025,1,27,1,JFK,CMH,935,929,-6,1134,1116,-18
2025,1,27,1,JFK,CMH,1144,1134,-10,1341,1315,-26
2025,1,27,1,JFK,CMH,1526,1519,-7,1729,1705,-24
2025,1,27,1,JFK,CMH,1630,1621,-9,1828,1811,-17
2025,1,27,1,JFK,CMH,2029,2024,-5,2233,2213,-20
2025,1,27,1,JFK,CVG,850,844,-6,1117,1049,-28
2025,1,27,1,JFK,CVG,1315,1305,-10,1533,1518,-15
2025,1,27,1,JFK,DCA,800,753,-7,932,923,-9
2025,1,27,1,JFK,DCA,855,856,1,1020,1025,5
2025,1,27,1,JFK,DCA,1510,1455,-15,1641,1626,-15
2025,1,27,1,JFK,DCA,1628,1624,-4,1800,1739,-21
2025,1,27,1,JFK,DCA,1744,1745,1,1914,1916,2
2025,1,27,1,JFK,DCA,2029,2024,-5,2200,2138,-22
2025,1,27,1,JFK,DCA,2059,2050,-9,2241,2216,-25
2025,1,27,1,JFK,DEN,830,823,-7,1131,1100,-31
2025,1,27,1,JFK,DEN,959,953,-6,1245,1206,-39
2025,1,27,1,JFK,DEN,1655,1649,-6,1946,1900,-46
2025,1,27,1,JFK,DEN,1900,1847,-13,2138,2131,-7
2025,1,27,1,JFK,DFW,800,754,-6,1120,1105,-15
2025,1,27,1,JFK,DFW,843,927,44,1205,1231,26
2025,1,27,1,JFK,DFW,1430,1508,38,1746,1755,9
2025,1,27,1,JFK,DFW,1559,1551,-8,1915,1912,-3
2025,1,27,1,JFK,DFW,1750,1748,-2,2106,2050,-16
2025,1,27,1,JFK,DTW,1650,1640,-10,1901,1829,-32
2025,1,27,1,JFK,EGE,730,724,-6,1027,952,-35
2025,1,27,1,JFK,FLL,600,559,-1,904,859,-5
2025,1,27,1,JFK,FLL,700,657,-3,1018,1030,12
2025,1,27,1,JFK,FLL,800,747,-13,1112,1051,-21
2025,1,27,1,JFK,FLL,900,851,-9,1208,1141,-27
2025,1,27,1,JFK,FLL,1115,1115,0,1428,1421,-7
2025,1,27,1,JFK,FLL,1315,1308,-7,1625,1627,2
2025,1,27,1,JFK,FLL,1529,1540,11,1846,1840,-6
2025,1,27,1,JFK,FLL,1555,1545,-10,1907,1846,-21
2025,1,27,1,JFK,FLL,1720,1718,-2,2036,2045,9
2025,1,27,1,JFK,FLL,1930,1914,-16,2242,2214,-28
2025,1,27,1,JFK,FLL,1955,1940,-15,2318,2233,-45
2025,1,27,1,JFK,HNL,1000,947,-13,1615,1548,-27
2025,1,27,1,JFK,HNL,1000,1115,75,1619,1623,4
2025,1,27,1,JFK,IAH,800,818,18,1112,1129,17
2025,1,27,1,JFK,IND,1416,1406,-10,1639,1624,-15
2025,1,27,1,JFK,IND,1440,1432,-8,1704,1631,-33
2025,1,27,1,JFK,IND,1630,1618,-12,1855,1823,-32
2025,1,27,1,JFK,IND,1829,1820,-9,2056,2024,-32
2025,1,27,1,JFK,JAX,740,739,-1,1025,1023,-2
2025,1,27,1,JFK,JAX,815,804,-11,1057,1050,-7
2025,1,27,1,JFK,JAX,1330,1324,-6,1611,1559,-12
2025,1,27,1,JFK,JAX,1830,1936,66,2111,2204,53
2025,1,27,1,JFK,JAX,1929,1921,-8,2220,2207,-13
2025,1,27,1,JFK,LAS,735,728,-7,1042,955,-47
2025,1,27,1,JFK,LAS,735,730,-5,1029,950,-39
2025,1,27,1,JFK,LAS,759,755,-4,1058,1007,-51
2025,1,27,1,JFK,LAS,959,950,-9,1249,1207,-42
2025,1,27,1,JFK,LAS,1130,1126,-4,1434,1342,-52
2025,1,27,1,JFK,LAS,1615,1629,14,1923,1852,-31
2025,1,27,1,JFK,LAS,1735,1729,-6,2025,1949,-36
2025,1,27,1,JFK,LAS,1859,1858,-1,2208,2138,-30
2025,1,27,1,JFK,LAS,2059,2048,-11,4,2334,-30
2025,1,27,1,JFK,LAS,2115,2106,-9,28,2343,-45
2025,1,27,1,JFK,LAX,600,612,12,929,906,-23
2025,1,27,1,JFK,LAX,659,654,-5,1028,940,-48
2025,1,27,1,JFK,LAX,700,656,-4,1021,950,-31
2025,1,27,1,JFK,LAX,710,711,1,1040,1011,-29
2025,1,27,1,JFK,LAX,800,755,-5,1129,1054,-35
2025,1,27,1,JFK,LAX,850,846,-4,1226,1149,-37
2025,1,27,1,JFK,LAX,930,924,-6,1250,1214,-36
2025,1,27,1,JFK,LAX,955,1017,22,1326,1317,-9
2025,1,27,1,JFK,LAX,1100,1335,155,1430,1632,122
2025,1,27,1,JFK,LAX,1105,1058,-7,1431,1357,-34
2025,1,27,1,JFK,LAX,1129,1134,5,1446,1424,-22
2025,1,27,1,JFK,LAX,1305,1303,-2,1633,1602,-31
2025,1,27,1,JFK,LAX,1400,1357,-3,1719,1653,-26
2025,1,27,1,JFK,LAX,1534,1528,-6,1903,1822,-41
2025,1,27,1,JFK,LAX,1550,1545,-5,1924,1834,-50
2025,1,27,1,JFK,LAX,1645,1636,-9,2008,1922,-46
2025,1,27,1,JFK,LAX,1700,1650,-10,2031,1949,-42
2025,1,27,1,JFK,LAX,1705,1701,-4,2037,2016,-21
2025,1,27,1,JFK,LAX,1759,1752,-7,2132,2036,-56
2025,1,27,1,JFK,LAX,1815,1812,-3,2154,2116,-38
2025,1,27,1,JFK,LAX,1830,1825,-5,2149,2116,-33
2025,1,27,1,JFK,LAX,1929,1925,-4,2310,2252,-18
2025,1,27,1,JFK,LAX,2000,2346,226,2333,304,211
2025,1,27,1,JFK,LAX,2100,2100,0,33,20,-13
2025,1,27,1,JFK,LAX,2130,2122,-8,55,40,-15
2025,1,27,1,JFK,MCI,1120,1147,27,1353,1352,-1
2025,1,27,1,JFK,MCO,645,640,-5,945,931,-14
2025,1,27,1,JFK,MCO,730,721,-9,1035,1024,-11
2025,1,27,1,JFK,MCO,910,904,-6,1214,1155,-19
2025,1,27,1,JFK,MCO,1100,1057,-3,1400,1344,-16
2025,1,27,1,JFK,MCO,1130,1128,-2,1430,1409,-21
2025,1,27,1,JFK,MCO,1330,1324,-6,1635,1614,-21
2025,1,27,1,JFK,MCO,1359,1345,-14,1659,1652,-7
2025,1,27,1,JFK,MCO,1500,1450,-10,1806,1740,-26
2025,1,27,1,JFK,MCO,1543,1536,-7,1848,1819,-29
2025,1,27,1,JFK,MCO,1550,1647,57,1852,1951,59
2025,1,27,1,JFK,MCO,1830,1823,-7,2133,2112,-21
2025,1,27,1,JFK,MCO,1929,1922,-7,2236,2207,-29
2025,1,27,1,JFK,MIA,525,517,-8,839,837,-2
2025,1,27,1,JFK,MIA,630,734,64,948,1049,61
2025,1,27,1,JFK,MIA,700,658,-2,1022,1013,-9
2025,1,27,1,JFK,MIA,738,731,-7,1100,1042,-18
2025,1,27,1,JFK,MIA,901,854,-7,1236,1240,4
2025,1,27,1,JFK,MIA,950,954,4,1303,1259,-4
2025,1,27,1,JFK,MIA,1110,1105,-5,1435,1422,-13
2025,1,27,1,JFK,MIA,1310,1313,3,1633,1636,3
2025,1,27,1,JFK,MIA,1330,1325,-5,1650,1648,-2
2025,1,27,1,JFK,MIA,1500,1448,-12,1815,1750,-25
2025,1,27,1,JFK,MIA,1526,1519,-7,1854,1828,-26
2025,1,27,1,JFK,MIA,1734,1726,-8,2056,2052,-4
2025,1,27,1,JFK,MIA,1821,1820,-1,2145,2124,-21
2025,1,27,1,JFK,MIA,1955,1955,0,2327,2302,-25
2025,1,27,1,JFK,MIA,2030,2020,-10,2348,2321,-27
2025,1,27,1,JFK,MKE,1750,1743,-7,1939,1930,-9
2025,1,27,1,JFK,MSP,1130,1144,14,1350,1351,1
2025,1,27,1,JFK,MSY,810,802,-8,1057,1022,-35
2025,1,27,1,JFK,MSY,929,922,-7,1207,1154,-13
2025,1,27,1,JFK,MSY,1622,1616,-6,1903,1835,-28
2025,1,27,1,JFK,ORD,800,749,-11,955,933,-22
2025,1,27,1,JFK,ORD,900,853,-7,1047,1020,-27
2025,1,27,1,JFK,ORD,1350,1340,-10,1544,1528,-16
2025,1,27,1,JFK,ORD,1550,1544,-6,1738,1717,-21
2025,1,27,1,JFK,ORD,1555,1549,-6,1750,1747,-3
2025,1,27,1,JFK,ORD,1929,1927,-2,2128,2113,-15
2025,1,27,1,JFK,ORF,1110,1058,-12,1236,1213,-23
2025,1,27,1,JFK,ORF,1430,1424,-6,1558,1542,-16
2025,1,27,1,JFK,ORF,2159,2150,-9,2329,2311,-18
2025,1,27,1,JFK,ORH,1259,1246,-13,1402,1339,-23
2025,1,27,1,JFK,PBI,815,810,-5,1130,1106,-24
2025,1,27,1,JFK,PBI,1030,1039,9,1335,1329,-6
2025,1,27,1,JFK,PBI,1400,1354,-6,1709,1704,-5
2025,1,27,1,JFK,PBI,1509,1513,4,1815,1809,-6
2025,1,27,1,JFK,PBI,1554,1549,-5,1904,1849,-15
2025,1,27,1,JFK,PBI,2000,1958,-2,2306,2248,-18
2025,1,27,1,JFK,PDX,1729,1730,1,2107,2032,-35
2025,1,27,1,JFK,PDX,1959,1951,-8,2329,2249,-40
2025,1,27,1,JFK,PHX,630,624,-6,1019,1024,5
2025,1,27,1,JFK,PHX,730,723,-7,1115,1117,2
2025,1,27,1,JFK,PHX,735,730,-5,1135,1152,17
2025,1,27,1,JFK,PHX,930,929,-1,1325,1253,-32
2025,1,27,1,JFK,PHX,1259,1302,3,1649,1632,-17
2025,1,27,1,JFK,PHX,1700,1703,3,2050,2052,2
2025,1,27,1,JFK,PHX,1830,1818,-12,2213,2158,-15
2025,1,27,1,JFK,PHX,1950,1946,-4,2359,2334,-25
2025,1,27,1,JFK,PIT,1400,1349,-11,1542,1530,-12
2025,1,27,1,JFK,PIT,1516,1510,-6,1708,1702,-6
2025,1,27,1,JFK,PIT,1715,1706,-9,1855,1842,-13
2025,1,27,1,JFK,PIT,2029,2021,-8,2220,2203,-17
2025,1,27,1,JFK,PSP,930,912,-18,1237,1204,-33
2025,1,27,1,JFK,RDU,832,820,-12,1027,1009,-18
2025,1,27,1,JFK,RDU,1030,1018,-12,1216,1200,-16
2025,1,27,1,JFK,RDU,1420,1422,2,1609,1559,-10
2025,1,27,1,JFK,RDU,1510,1503,-7,1701,1657,-4
2025,1,27,1,JFK,RDU,2030,2020,-10,2225,2155,-30
2025,1,27,1,JFK,RDU,2130,2120,-10,2324,2310,-14
2025,1,27,1,JFK,ROC,1050,1045,-5,1217,1205,-12
2025,1,27,1,JFK,ROC,1430,1424,-6,1557,1543,-14
2025,1,27,1,JFK,ROC,2155,449,414,2326,605,399
2025,1,27,1,JFK,ROC,2220,2210,-10,2356,2338,-18
2025,1,27,1,JFK,RSW,600,553,-7,920,853,-27
2025,1,27,1,JFK,RSW,735,731,-4,1056,1052,-4
2025,1,27,1,JFK,RSW,1543,1540,-3,1904,1836,-28
2025,1,27,1,JFK,RSW,1750,1810,20,2110,2102,-8
2025,1,27,1,JFK,SAN,700,647,-13,1011,937,-34
2025,1,27,1,JFK,SAN,850,848,-2,1225,1148,-37
2025,1,27,1,JFK,SAN,1630,1624,-6,1945,1913,-32
2025,1,27,1,JFK,SAN,1630,1625,-5,1951,1929,-22
2025,1,27,1,JFK,SAN,1655,1645,-10,2025,1927,-58
2025,1,27,1,JFK,SAN,2057,2042,-15,32,2338,-54
2025,1,27,1,JFK,SAT,800,755,-5,1135,1130,-5
2025,1,27,1,JFK,SAV,830,815,-15,1100,1045,-15
2025,1,27,1,JFK,SAV,1345,1343,-2,1619,1624,5
2025,1,27,1,JFK,SAV,1859,1850,-9,2141,2133,-8
2025,1,27,1,JFK,SEA,710,706,-4,1038,1031,-7
2025,1,27,1,JFK,SEA,1130,1122,-8,1458,1421,-37
2025,1,27,1,JFK,SEA,1600,1605,5,1927,1911,-16
2025,1,27,1,JFK,SEA,1634,1802,88,1955,2058,63
2025,1,27,1,JFK,SEA,1900,1907,7,2225,2220,-5
2025,1,27,1,JFK,SFO,600,559,-1,950,914,-36
2025,1,27,1,JFK,SFO,700,658,-2,1052,951,-61
2025,1,27,1,JFK,SFO,800,754,-6,1140,1059,-41
2025,1,27,1,JFK,SFO,830,830,0,1234,1135,-59
2025,1,27,1,JFK,SFO,855,855,0,1252,1202,-50
2025,1,27,1,JFK,SFO,1030,1020,-10,1410,1308,-62
2025,1,27,1,JFK,SFO,1110,1110,0,1459,1418,-41
2025,1,27,1,JFK,SFO,1200,1146,-14,1537,1517,-20
2025,1,27,1,JFK,SFO,1300,1257,-3,1645,1554,-51
2025,1,27,1,JFK,SFO,1455,1452,-3,1841,1746,-55
2025,1,27,1,JFK,SFO,1600,1553,-7,1946,1833,-73
2025,1,27,1,JFK,SFO,1659,1652,-7,2038,2012,-26
2025,1,27,1,JFK,SFO,1700,1655,-5,2050,1958,-52
2025,1,27,1,JFK,SFO,1705,1700,-5,2054,1938,-76
2025,1,27,1,JFK,SFO,1925,2117,112,2317,24,67
2025,1,27,1,JFK,SFO,2030,2024,-6,14,2336,-38
2025,1,27,1,JFK,SFO,2030,2027,-3,22,2339,-43
2025,1,27,1,JFK,SJU,600,559,-1,1051,1115,24
2025,1,27,1,JFK,SJU,800,752,-8,1252,1300,8
2025,1,27,1,JFK,SJU,800,757,-3,1301,1242,-19
2025,1,27,1,JFK,SJU,1155,1150,-5,1644,1639,-5
2025,1,27,1,JFK,SJU,1200,1156,-4,1655,1647,-8
2025,1,27,1,JFK,SJU,1314,1304,-10,1805,1749,-16
2025,1,27,1,JFK,SJU,1459,1504,5,1949,1953,4
2025,1,27,1,JFK,SJU,1859,1856,-3,2359,9,10
2025,1,27,1,JFK,SJU,2045,2041,-4,142,125,-17
2025,1,27,1,JFK,SJU,2259,2251,-8,350,330,-20
2025,1,27,1,JFK,SLC,650,649,-1,1027,1009,-18
2025,1,27,1,JFK,SLC,1059,1057,-2,1431,1346,-45
2025,1,27,1,JFK,SLC,1300,1257,-3,1633,1547,-46
2025,1,27,1,JFK,SLC,1830,1830,0,2155,2144,-11
2025,1,27,1,JFK,SLC,1838,1835,-3,2215,2149,-26
2025,1,27,1,JFK,SNA,900,1405,305,1225,1714,289
2025,1,27,1,JFK,SRQ,630,621,-9,939,925,-14
2025,1,27,1,JFK,STT,840,853,13,1340,1344,4
2025,1,27,1,JFK,STT,900,855,-5,1400,1339,-21
2025,1,27,1,JFK,SYR,959,956,-3,1121,1114,-7
2025,1,27,1,JFK,SYR,1815,1821,6,1936,2000,24
2025,1,27,1,JFK,SYR,2225,2216,-9,2350,2324,-26
2025,1,27,1,JFK,TPA,730,720,-10,1039,1021,-18
2025,1,27,1,JFK,TPA,730,723,-7,1032,1030,-2
2025,1,27,1,JFK,TPA,1104,1054,-10,1410,1359,-11
2025,1,27,1,JFK,TPA,1128,1109,-19,1436,1414,-22
2025,1,27,1,JFK,TPA,1540,1533,-7,1850,1824,-26
2025,1,27,1,JFK,TPA,1745,1740,-5,2054,2028,-26
2025,1,27,1,JFK,TPA,1959,1953,-6,2314,2245,-29
2025,1,28,2,JFK,ATL,600,556,-4,834,827,-7
2025,1,28,2,JFK,ATL,659,651,-8,938,919,-19
2025,1,28,2,JFK,ATL,835,841,6,1115,1055,-20
2025,1,28,2,JFK,ATL,1100,1122,22,1341,1348,7
2025,1,28,2,JFK,ATL,1224,1256,32,1500,1517,17
2025,1,28,2,JFK,ATL,1440,1431,-9,1718,1657,-21
2025,1,28,2,JFK,ATL,1630,1629,-1,1905,1841,-24
2025,1,28,2,JFK,ATL,1820,1820,0,2107,2037,-30
2025,1,28,2,JFK,ATL,2010,2010,0,2259,2220,-39
2025,1,28,2,JFK,ATL,2130,2123,-7,11,2350,-21
2025,1,28,2,JFK,AUS,700,654,-6,1034,1024,-10
2025,1,28,2,JFK,AUS,1059,1052,-7,1426,1402,-24
2025,1,28,2,JFK,AUS,1259,1253,-6,1646,1609,-37
2025,1,28,2,JFK,AUS,1850,1847,-3,2220,2153,-27
2025,1,28,2,JFK,AUS,1930,1921,-9,2301,2241,-20
2025,1,28,2,JFK,BNA,900,850,-10,1049,1017,-32
2025,1,28,2,JFK,BNA,1230,1220,-10,1413,1339,-34
2025,1,28,2,JFK,BNA,1459,1456,-3,1644,1616,-28
2025,1,28,2,JFK,BNA,1530,1524,-6,1715,1652,-23
2025,1,28,2,JFK,BOS,600,550,-10,730,728,-2
2025,1,28,2,JFK,BOS,600,553,-7,712,654,-18
2025,1,28,2,JFK,BOS,730,720,-10,847,831,-16
2025,1,28,2,JFK,BOS,929,922,-7,1045,1018,-27
2025,1,28,2,JFK,BOS,950,946,-4,1110,1103,-7
2025,1,28,2,JFK,BOS,1000,950,-10,1115,1109,-6
2025,1,28,2,JFK,BOS,1330,1324,-6,1445,1424,-21
2025,1,28,2,JFK,BOS,1430,1424,-6,1554,1536,-18
2025,1,28,2,JFK,BOS,1555,1546,-9,1712,1703,-9
2025,1,28,2,JFK,BOS,1735,1736,1,1900,1902,2
2025,1,28,2,JFK,BOS,1800,1756,-4,1920,1919,-1
2025,1,28,2,JFK,BOS,2030,2021,-9,2154,2120,-34
2025,1,28,2,JFK,BOS,2100,2128,28,2227,2243,16
2025,1,28,2,JFK,BOS,2159,2147,-12,2309,2253,-16
2025,1,28,2,JFK,BOS,2259,2256,-3,18,2353,-25
2025,1,28,2,JFK,BQN,1530,1522,-8,2022,2000,-22
2025,1,28,2,JFK,BQN,2150,2144,-6,242,227,-15
2025,1,28,2,JFK,BUF,630,616,-14,800,740,-20
2025,1,28,2,JFK,BUF,1550,1550,0,1722,1728,6
2025,1,28,2,JFK,BUF,1725,1830,65,1857,1956,59
2025,1,28,2,JFK,CHS,959,950,-9,1219,1146,-33
2025,1,28,2,JFK,CHS,1255,1248,-7,1513,1445,-28
2025,1,28,2,JFK,CLE,800,752,-8,1009,951,-18
2025,1,28,2,JFK,CLE,1219,1208,-11,1414,1408,-6
2025,1,28,2,JFK,CLT,630,621,-9,841,809,-32
2025,1,28,2,JFK,CLT,800,757,-3,1015,952,-23
2025,1,28,2,JFK,CLT,1200,1154,-6,1408,1342,-26
2025,1,28,2,JFK,CLT,1225,1215,-10,1432,1403,-29
2025,1,28,2,JFK,CLT,1454,1451,-3,1705,1641,-24
2025,1,28,2,JFK,CLT,1930,1924,-6,2143,2127,-16
2025,1,28,2,JFK,CMH,935,928,-7,1134,1110,-24
2025,1,28,2,JFK,CMH,1144,1134,-10,1341,1313,-28
2025,1,28,2,JFK,CMH,1526,1520,-6,1729,1707,-22
2025,1,28,2,JFK,CMH,1630,1620,-10,1828,1811,-17
2025,1,28,2,JFK,CMH,2029,2024,-5,2233,2226,-7
2025,1,28,2,JFK,CVG,850,841,-9,1117,1059,-18
2025,1,28,2,JFK,CVG,1315,1306,-9,1533,1523,-10
2025,1,28,2,JFK,DCA,800,803,3,932,925,-7
2025,1,28,2,JFK,DCA,855,848,-7,1020,1001,-19
2025,1,28,2,JFK,DCA,1510,1502,-8,1641,1622,-19
2025,1,28,2,JFK,DCA,1628,1625,-3,1800,1739,-21
2025,1,28,2,JFK,DCA,1744,1739,-5,1914,1853,-21
2025,1,28,2,JFK,DCA,2029,2024,-5,2200,2140,-20
2025,1,28,2,JFK,DCA,2059,2049,-10,2241,2216,-25
2025,1,28,2,JFK,DEN,830,833,3,1131,1041,-50
2025,1,28,2,JFK,DEN,1655,1647,-8,1946,1920,-26
2025,1,28,2,JFK,DEN,1900,1855,-5,2138,2118,-20
2025,1,28,2,JFK,DFW,800,756,-4,1120,1117,-3
2025,1,28,2,JFK,DFW,843,834,-9,1205,1142,-23
2025,1,28,2,JFK,DFW,1430,1426,-4,1746,1709,-37
2025,1,28,2,JFK,DFW,1559,1552,-7,1915,1854,-21
2025,1,28,2,JFK,DFW,1750,1742,-8,2106,2050,-16
2025,1,28,2,JFK,DTW,1650,1641,-9,1901,1840,-21
2025,1,28,2,JFK,EGE,730,720,-10,1027,959,-28
2025,1,28,2,JFK,FLL,600,557,-3,904,841,-23
2025,1,28,2,JFK,FLL,700,654,-6,1018,955,-23
2025,1,28,2,JFK,FLL,800,750,-10,1112,1035,-37
2025,1,28,2,JFK,FLL,900,854,-6,1208,1155,-13
2025,1,28,2,JFK,FLL,1115,1104,-11,1428,1359,-29
2025,1,28,2,JFK,FLL,1315,1315,0,1625,1611,-14
2025,1,28,2,JFK,FLL,1529,1521,-8,1846,1833,-13
2025,1,28,2,JFK,FLL,1600,1550,-10,1912,1848,-24
2025,1,28,2,JFK,FLL,1720,1739,19,2036,2027,-9
2025,1,28,2,JFK,FLL,1930,1923,-7,2242,2214,-28
2025,1,28,2,JFK,HNL,1000,948,-12,1615,1550,-25
2025,1,28,2,JFK,IND,1416,1405,-11,1639,1609,-30
2025,1,28,2,JFK,IND,1440,1428,-12,1704,1645,-19
2025,1,28,2,JFK,IND,1630,1621,-9,1855,1838,-17
2025,1,28,2,JFK,IND,1829,1940,71,2056,2220,84
2025,1,28,2,JFK,JAX,740,732,-8,1025,1002,-23
2025,1,28,2,JFK,JAX,815,801,-14,1057,1024,-33
2025,1,28,2,JFK,JAX,1330,1518,108,1611,1738,87
2025,1,28,2,JFK,JAX,1830,1914,44,2111,2137,26
2025,1,28,2,JFK,JAX,1929,1926,-3,2220,2148,-32
2025,1,28,2,JFK,LAS,735,725,-10,1042,1000,-42
2025,1,28,2,JFK,LAS,735,731,-4,1029,1017,-12
2025,1,28,2,JFK,LAS,759,749,-10,1058,1012,-46
2025,1,28,2,JFK,LAS,959,952,-7,1249,1215,-34
2025,1,28,2,JFK,LAS,1130,1143,13,1434,1359,-35
2025,1,28,2,JFK,LAS,1615,1608,-7,1923,1832,-51
2025,1,28,2,JFK,LAS,1735,1725,-10,2025,1954,-31
2025,1,28,2,JFK,LAS,1859,1853,-6,2208,2137,-31
2025,1,28,2,JFK,LAS,2059,2048,-11,4,2337,-27
2025,1,28,2,JFK,LAS,2115,2115,0,28,11,-17
2025,1,28,2,JFK,LAX,600,555,-5,929,850,-39
2025,1,28,2,JFK,LAX,659,654,-5,1028,954,-34
2025,1,28,2,JFK,LAX,700,650,-10,1021,944,-37
2025,1,28,2,JFK,LAX,710,701,-9,1040,1003,-37
2025,1,28,2,JFK,LAX,800,754,-6,1129,1054,-35
2025,1,28,2,JFK,LAX,850,845,-5,1226,1207,-19
2025,1,28,2,JFK,LAX,929,915,-14,1249,1151,-58
2025,1,28,2,JFK,LAX,955,946,-9,1326,1237,-49
2025,1,28,2,JFK,LAX,1100,1052,-8,1430,1335,-55
2025,1,28,2,JFK,LAX,1105,1100,-5,1431,1351,-40
2025,1,28,2,JFK,LAX,1129,1121,-8,1446,1401,-45
2025,1,28,2,JFK,LAX,1305,1336,31,1633,1637,4
2025,1,28,2,JFK,LAX,1400,1355,-5,1719,1651,-28
2025,1,28,2,JFK,LAX,1534,1528,-6,1903,1838,-25
2025,1,28,2,JFK,LAX,1550,1549,-1,1924,1901,-23
2025,1,28,2,JFK,LAX,1645,1639,-6,2008,2008,0
2025,1,28,2,JFK,LAX,1700,1653,-7,2031,2009,-22
2025,1,28,2,JFK,LAX,1705,1700,-5,2037,2003,-34
2025,1,28,2,JFK,LAX,1759,1753,-6,2132,2112,-20
2025,1,28,2,JFK,LAX,1830,1828,-2,2149,2134,-15
2025,1,28,2,JFK,LAX,1945,1944,-1,2328,2302,-26
2025,1,28,2,JFK,LAX,2000,1956,-4,2333,2302,-31
2025,1,28,2,JFK,LAX,2100,2102,2,33,26,-7
2025,1,28,2,JFK,LAX,2130,2118,-12,55,37,-18
2025,1,28,2,JFK,MCI,1120,1108,-12,1353,1335,-18
2025,1,28,2,JFK,MCO,645,643,-2,945,922,-23
2025,1,28,2,JFK,MCO,730,722,-8,1035,1020,-15
2025,1,28,2,JFK,MCO,910,1041,91,1214,1325,71
2025,1,28,2,JFK,MCO,1100,1053,-7,1400,1349,-11
2025,1,28,2,JFK,MCO,1130,1127,-3,1430,1410,-20
2025,1,28,2,JFK,MCO,1330,1323,-7,1635,1608,-27
2025,1,28,2,JFK,MCO,1359,1409,10,1659,1656,-3
2025,1,28,2,JFK,MCO,1500,1451,-9,1806,1803,-3
2025,1,28,2,JFK,MCO,1546,1546,0,1854,1830,-24
2025,1,28,2,JFK,MCO,1550,1546,-4,1852,1838,-14
2025,1,28,2,JFK,MCO,1830,1822,-8,2133,2113,-20
2025,1,28,2,JFK,MIA,525,519,-6,839,818,-21
2025,1,28,2,JFK,MIA,630,626,-4,948,927,-21
2025,1,28,2,JFK,MIA,700,653,-7,1022,955,-27
2025,1,28,2,JFK,MIA,738,742,4,1100,1104,4
2025,1,28,2,JFK,MIA,901,853,-8,1236,1200,-36
2025,1,28,2,JFK,MIA,950,946,-4,1303,1237,-26
2025,1,28,2,JFK,MIA,1110,1120,10,1435,1417,-18
2025,1,28,2,JFK,MIA,1310,1311,1,1633,1617,-16
2025,1,28,2,JFK,MIA,1330,1327,-3,1650,1629,-21
2025,1,28,2,JFK,MIA,1500,1453,-7,1815,1744,-31
2025,1,28,2,JFK,MIA,1734,1726,-8,2056,2116,20
2025,1,28,2,JFK,MIA,1745,1741,-4,2111,2051,-20
2025,1,28,2,JFK,MIA,1821,1815,-6,2145,2129,-16
2025,1,28,2,JFK,MIA,2030,2020,-10,2348,2320,-28
2025,1,28,2,JFK,MKE,1750,1740,-10,1939,1938,-1
2025,1,28,2,JFK,MSP,1130,1126,-4,1350,1342,-8
2025,1,28,2,JFK,MSY,810,810,0,1057,1034,-23
2025,1,28,2,JFK,MSY,1622,1616,-6,1903,1853,-10
2025,1,28,2,JFK,ORD,800,752,-8,955,935,-20
2025,1,28,2,JFK,ORD,900,853,-7,1047,1030,-17
2025,1,28,2,JFK,ORD,1550,1544,-6,1738,1736,-2
2025,1,28,2,JFK,ORD,1555,1549,-6,1750,1744,-6
2025,1,28,2,JFK,ORD,1929,1916,-13,2128,2109,-19
2025,1,28,2,JFK,ORF,1110,1100,-10,1236,1217,-19
2025,1,28,2,JFK,ORF,1430,1423,-7,1558,1542,-16
2025,1,28,2,JFK,ORF,2159,2153,-6,2329,2310,-19
2025,1,28,2,JFK,ORH,1259,1251,-8,1402,1352,-10
2025,1,28,2,JFK,PBI,815,807,-8,1130,1100,-30
2025,1,28,2,JFK,PBI,1030,1040,10,1335,1319,-16
2025,1,28,2,JFK,PBI,1329,1322,-7,1638,1604,-34
2025,1,28,2,JFK,PBI,1509,1527,18,1815,1820,5
2025,1,28,2,JFK,PBI,1554,1609,15,1904,1850,-14
2025,1,28,2,JFK,PBI,2000,1957,-3,2306,2238,-28
2025,1,28,2,JFK,PDX,1729,1733,4,2107,2038,-29
2025,1,28,2,JFK,PDX,1959,1948,-11,2329,2304,-25
2025,1,28,2,JFK,PHX,630,620,-10,1019,1001,-18
2025,1,28,2,JFK,PHX,730,717,-13,1115,1053,-22
2025,1,28,2,JFK,PHX,735,725,-10,1135,1104,-31
2025,1,28,2,JFK,PHX,930,920,-10,1325,1329,4
2025,1,28,2,JFK,PHX,1259,1258,-1,1649,1643,-6
2025,1,28,2,JFK,PHX,1700,1704,4,2050,2051,1
2025,1,28,2,JFK,PHX,1830,1818,-12,2213,2157,-16
2025,1,28,2,JFK,PHX,1950,1948,-2,2359,2327,-32
2025,1,28,2,JFK,PIT,1400,1347,-13,1542,1518,-24
2025,1,28,2,JFK,PIT,1516,1508,-8,1708,1641,-27
2025,1,28,2,JFK,PIT,1715,1705,-10,1855,1831,-24
2025,1,28,2,JFK,PIT,2029,2023,-6,2220,2141,-39
2025,1,28,2,JFK,PSP,930,922,-8,1237,1205,-32
2025,1,28,2,JFK,RDU,832,832,0,1027,1004,-23
2025,1,28,2,JFK,RDU,1030,1020,-10,1216,1156,-20
2025,1,28,2,JFK,RDU,1420,1433,13,1609,1613,4
2025,1,28,2,JFK,RDU,1510,1500,-10,1701,1656,-5
2025,1,28,2,JFK,RDU,2030,2024,-6,2225,2205,-20
2025,1,28,2,JFK,RDU,2130,2125,-5,2324,2316,-8
2025,1,28,2,JFK,ROC,1050,1043,-7,1217,1214,-3
2025,1,28,2,JFK,ROC,1430,1424,-6,1557,1558,1
2025,1,28,2,JFK,ROC,2155,2134,-21,2326,2315,-11
2025,1,28,2,JFK,ROC,2220,2212,-8,2356,2,6
2025,1,28,2,JFK,RSW,600,550,-10,920,847,-33
2025,1,28,2,JFK,RSW,735,725,-10,1056,1034,-22
2025,1,28,2,JFK,RSW,1543,1534,-9,1904,1831,-33
2025,1,28,2,JFK,RSW,1750,1746,-4,2110,2055,-15
2025,1,28,2,JFK,SAN,700,655,-5,1011,1009,-2
2025,1,28,2,JFK,SAN,850,842,-8,1225,1141,-44
2025,1,28,2,JFK,SAN,1630,1621,-9,1951,1953,2
2025,1,28,2,JFK,SAN,1630,1623,-7,1945,1920,-25
2025,1,28,2,JFK,SAN,1655,1650,-5,2025,2006,-19
2025,1,28,2,JFK,SAT,800,753,-7,1135,1120,-15
2025,1,28,2,JFK,SAV,1345,1338,-7,1619,1559,-20
2025,1,28,2,JFK,SAV,1859,1850,-9,2141,2115,-26
2025,1,28,2,JFK,SEA,710,706,-4,1038,1027,-11
2025,1,28,2,JFK,SEA,1130,1121,-9,1458,1429,-29
2025,1,28,2,JFK,SEA,1600,1551,-9,1927,1919,-8
2025,1,28,2,JFK,SEA,1634,1632,-2,1955,1944,-11
2025,1,28,2,JFK,SEA,1900,1859,-1,2225,2229,4
2025,1,28,2,JFK,SFO,600,548,-12,950,849,-61
2025,1,28,2,JFK,SFO,700,654,-6,1052,1010,-42
2025,1,28,2,JFK,SFO,800,749,-11,1140,1050,-50
2025,1,28,2,JFK,SFO,830,823,-7,1234,1129,-65
2025,1,28,2,JFK,SFO,855,846,-9,1252,1247,-5
2025,1,28,2,JFK,SFO,1030,1023,-7,1410,1304,-66
2025,1,28,2,JFK,SFO,1110,1127,17,1459,1439,-20
2025,1,28,2,JFK,SFO,1200,1147,-13,1537,1437,-60
2025,1,28,2,JFK,SFO,1300,1246,-14,1645,1546,-59
2025,1,28,2,JFK,SFO,1455,1454,-1,1841,1808,-33
2025,1,28,2,JFK,SFO,1600,1552,-8,1946,1853,-53
2025,1,28,2,JFK,SFO,1659,1643,-16,2038,1959,-39
2025,1,28,2,JFK,SFO,1700,1701,1,2050,2015,-35
2025,1,28,2,JFK,SFO,1705,1657,-8,2054,2009,-45
2025,1,28,2,JFK,SFO,2030,2012,-18,14,2335,-39
2025,1,28,2,JFK,SFO,2030,2017,-13,22,2339,-43
2025,1,28,2,JFK,SJU,600,611,11,1051,1045,-6
2025,1,28,2,JFK,SJU,800,748,-12,1252,1219,-33
2025,1,28,2,JFK,SJU,800,756,-4,1301,1243,-18
2025,1,28,2,JFK,SJU,1200,1157,-3,1649,1639,-10
2025,1,28,2,JFK,SJU,1200,1324,84,1655,1755,60
2025,1,28,2,JFK,SJU,1314,1406,52,1805,1835,30
2025,1,28,2,JFK,SJU,1459,1453,-6,1949,1933,-16
2025,1,28,2,JFK,SJU,2045,2037,-8,142,108,-34
2025,1,28,2,JFK,SJU,2259,2246,-13,350,321,-29
2025,1,28,2,JFK,SLC,650,645,-5,1027,950,-37
2025,1,28,2,JFK,SLC,1059,1056,-3,1431,1412,-19
2025,1,28,2,JFK,SLC,1300,1255,-5,1633,1615,-18
2025,1,28,2,JFK,SLC,1830,1822,-8,2155,2129,-26
2025,1,28,2,JFK,SLC,1838,1836,-2,2215,2141,-34
2025,1,28,2,JFK,SNA,900,851,-9,1225,1156,-29
2025,1,28,2,JFK,SRQ,630,629,-1,939,924,-15
2025,1,28,2,JFK,STT,840,830,-10,1340,1308,-32
2025,1,28,2,JFK,STT,900,849,-11,1400,1321,-39
2025,1,28,2,JFK,SYR,1815,1806,-9,1936,1921,-15
2025,1,28,2,JFK,SYR,2230,2222,-8,2355,2341,-14
2025,1,28,2,JFK,TPA,730,726,-4,1032,1033,1
2025,1,28,2,JFK,TPA,1104,1057,-7,1410,1355,-15
2025,1,28,2,JFK,TPA,1130,1132,2,1438,1428,-10
2025,1,28,2,JFK,TPA,1540,1535,-5,1850,1841,-9
2025,1,28,2,JFK,TPA,1745,1739,-6,2054,2041,-13
2025,1,28,2,JFK,TPA,1959,1950,-9,2314,2234,-40
2025,1,29,3,JFK,ATL,600,557,-3,834,844,10
2025,1,29,3,JFK,ATL,659,656,-3,938,936,-2
2025,1,29,3,JFK,ATL,835,854,19,1115,1118,3
2025,1,29,3,JFK,ATL,1100,1049,-11,1341,1312,-29
2025,1,29,3,JFK,ATL,1224,1221,-3,1500,1447,-13
2025,1,29,3,JFK,ATL,1440,1527,47,1718,1749,31
2025,1,29,3,JFK,ATL,1630,1628,-2,1905,1855,-10
2025,1,29,3,JFK,ATL,1820,2151,211,2107,17,190
2025,1,29,3,JFK,ATL,2010,2004,-6,2259,2230,-29
2025,1,29,3,JFK,ATL,2130,2125,-5,11,2351,-20
2025,1,29,3,JFK,AUS,700,702,2,1034,1037,3
2025,1,29,3,JFK,AUS,1059,1054,-5,1426,1434,8
2025,1,29,3,JFK,AUS,1259,1251,-8,1646,1614,-32
2025,1,29,3,JFK,AUS,1850,1846,-4,2220,2210,-10
2025,1,29,3,JFK,AUS,1930,1927,-3,2301,2312,11
2025,1,29,3,JFK,BNA,900,851,-9,1049,1026,-23
2025,1,29,3,JFK,BNA,1230,1222,-8,1413,1355,-18
2025,1,29,3,JFK,BNA,1459,1451,-8,1644,1628,-16
2025,1,29,3,JFK,BNA,1530,1520,-10,1715,1707,-8
2025,1,29,3,JFK,BOS,600,550,-10,712,657,-15
2025,1,29,3,JFK,BOS,600,552,-8,730,735,5
2025,1,29,3,JFK,BOS,730,744,14,847,850,3
2025,1,29,3,JFK,BOS,930,918,-12,1046,1012,-34
2025,1,29,3,JFK,BOS,950,944,-6,1110,1043,-27
2025,1,29,3,JFK,BOS,1000,951,-9,1115,1052,-23
2025,1,29,3,JFK,BOS,1330,1328,-2,1445,1431,-14
2025,1,29,3,JFK,BOS,1430,1430,0,1554,1534,-20
2025,1,29,3,JFK,BOS,1555,1555,0,1712,1714,2
2025,1,29,3,JFK,BOS,1735,1731,-4,1900,1850,-10
2025,1,29,3,JFK,BOS,1800,1750,-10,1920,1912,-8
2025,1,29,3,JFK,BOS,2030,2026,-4,2154,2136,-18
2025,1,29,3,JFK,BOS,2100,615,555,2227,717,530
2025,1,29,3,JFK,BOS,2159,2151,-8,2309,2303,-6
2025,1,29,3,JFK,BOS,2259,2253,-6,18,2357,-21
2025,1,29,3,JFK,BQN,1530,1609,39,2022,2033,11
2025,1,29,3,JFK,BQN,2150,2144,-6,242,218,-24
2025,1,29,3,JFK,BUF,630,629,-1,800,757,-3
2025,1,29,3,JFK,BUF,1550,1610,20,1722,1738,16
2025,1,29,3,JFK,BUF,1725,1721,-4,1857,1850,-7
2025,1,29,3,JFK,CHS,959,957,-2,1219,1214,-5
2025,1,29,3,JFK,CHS,1255,1251,-4,1513,1501,-12
2025,1,29,3,JFK,CLE,800,756,-4,1009,956,-13
2025,1,29,3,JFK,CLE,1219,1208,-11,1414,1414,0
2025,1,29,3,JFK,CLT,630,2159,929,841,2400,919
2025,1,29,3,JFK,CLT,800,753,-7,1015,945,-30
2025,1,29,3,JFK,CLT,1200,1159,-1,1408,1353,-15
2025,1,29,3,JFK,CLT,1225,1216,-9,1432,1422,-10
2025,1,29,3,JFK,CLT,1454,1448,-6,1705,1650,-15
2025,1,29,3,JFK,CLT,1930,1924,-6,2143,2139,-4
2025,1,29,3,JFK,CMH,935,928,-7,1134,1121,-13
2025,1,29,3,JFK,CMH,1144,1132,-12,1341,1327,-14
2025,1,29,3,JFK,CMH,1526,1518,-8,1729,1709,-20
2025,1,29,3,JFK,CMH,1630,1620,-10,1828,1825,-3
2025,1,29,3,JFK,CMH,2029,2022,-7,2233,2225,-8
2025,1,29,3,JFK,CVG,850,839,-11,1117,1116,-1
2025,1,29,3,JFK,CVG,1315,1305,-10,1533,1516,-17
2025,1,29,3,JFK,DCA,800,750,-10,932,905,-27
2025,1,29,3,JFK,DCA,855,852,-3,1020,1009,-11
2025,1,29,3,JFK,DCA,1510,1500,-10,1641,1631,-10
2025,1,29,3,JFK,DCA,1628,1624,-4,1800,1750,-10
2025,1,29,3,JFK,DCA,1744,1736,-8,1914,1859,-15
2025,1,29,3,JFK,DEN,830,827,-3,1131,1050,-41
2025,1,29,3,JFK,DEN,1655,1649,-6,1946,1930,-16
2025,1,29,3,JFK,DEN,1900,1852,-8,2138,2145,7
2025,1,29,3,JFK,DFW,800,800,0,1120,1106,-14
2025,1,29,3,JFK,DFW,843,838,-5,1205,1150,-15
2025,1,29,3,JFK,DFW,1430,1426,-4,1746,1734,-12
2025,1,29,3,JFK,DFW,1559,1549,-10,1915,1928,13
2025,1,29,3,JFK,DFW,1750,1835,45,2106,2151,45
2025,1,29,3,JFK,DTW,1650,1729,39,1901,1939,38
2025,1,29,3,JFK,EGE,730,725,-5,1027,1011,-16
2025,1,29,3,JFK,FLL,600,555,-5,904,840,-24
2025,1,29,3,JFK,FLL,700,654,-6,1018,944,-34
2025,1,29,3,JFK,FLL,759,749,-10,1111,1042,-29
2025,1,29,3,JFK,FLL,900,858,-2,1208,1156,-12
2025,1,29,3,JFK,FLL,1115,1113,-2,1428,1356,-32
2025,1,29,3,JFK,FLL,1315,1311,-4,1625,1606,-19
2025,1,29,3,JFK,FLL,1529,1526,-3,1846,1845,-1
2025,1,29,3,JFK,FLL,1600,1552,-8,1912,1917,5
2025,1,29,3,JFK,FLL,1720,1751,31,2036,2051,15
2025,1,29,3,JFK,FLL,1930,1926,-4,2242,2234,-8
2025,1,29,3,JFK,HNL,1000,948,-12,1615,1620,5
2025,1,29,3,JFK,IND,1416,1407,-9,1639,1631,-8
2025,1,29,3,JFK,IND,1440,1430,-10,1704,1658,-6
2025,1,29,3,JFK,IND,1630,1622,-8,1855,1858,3
2025,1,29,3,JFK,IND,1830,1820,-10,2100,2050,-10
2025,1,29,3,JFK,JAX,740,735,-5,1025,958,-27
2025,1,29,3,JFK,JAX,815,814,-1,1057,1040,-17
2025,1,29,3,JFK,JAX,1330,1320,-10,1611,1542,-29
2025,1,29,3,JFK,JAX,1830,1845,15,2111,2130,19
2025,1,29,3,JFK,JAX,1929,1922,-7,2220,2206,-14
2025,1,29,3,JFK,LAS,735,729,-6,1029,1032,3
2025,1,29,3,JFK,LAS,735,731,-4,1042,1003,-39
2025,1,29,3,JFK,LAS,759,750,-9,1058,1040,-18
2025,1,29,3,JFK,LAS,959,1000,1,1249,1243,-6
2025,1,29,3,JFK,LAS,1130,1130,0,1434,1409,-25
2025,1,29,3,JFK,LAS,1615,1606,-9,1923,1841,-42
2025,1,29,3,JFK,LAS,1735,1730,-5,2025,2005,-20
2025,1,29,3,JFK,LAS,1859,1851,-8,2208,2143,-25
2025,1,29,3,JFK,LAS,2059,2049,-10,4,2346,-18
2025,1,29,3,JFK,LAS,2115,2105,-10,28,1,-27
2025,1,29,3,JFK,LAX,600,815,135,929,1131,122
2025,1,29,3,JFK,LAX,659,651,-8,1020,948,-32
2025,1,29,3,JFK,LAX,659,651,-8,1028,1005,-23
2025,1,29,3,JFK,LAX,710,706,-4,1040,957,-43
2025,1,29,3,JFK,LAX,800,752,-8,1129,1104,-25
2025,1,29,3,JFK,LAX,850,847,-3,1226,1154,-32
2025,1,29,3,JFK,LAX,930,921,-9,1250,1207,-43
2025,1,29,3,JFK,LAX,955,950,-5,1326,1255,-31
2025,1,29,3,JFK,LAX,1100,1054,-6,1430,1350,-40
2025,1,29,3,JFK,LAX,1105,1057,-8,1431,1401,-30
2025,1,29,3,JFK,LAX,1129,1122,-7,1446,1425,-21
2025,1,29,3,JFK,LAX,1305,1303,-2,1633,1604,-29
2025,1,29,3,JFK,LAX,1400,1356,-4,1719,1656,-23
2025,1,29,3,JFK,LAX,1534,1528,-6,1903,1830,-33
2025,1,29,3,JFK,LAX,1550,1610,20,1924,1904,-20
2025,1,29,3,JFK,LAX,1645,1636,-9,2008,1931,-37
2025,1,29,3,JFK,LAX,1700,1654,-6,2031,2010,-21
2025,1,29,3,JFK,LAX,1705,1700,-5,2037,2045,8
2025,1,29,3,JFK,LAX,1759,1749,-10,2132,2057,-35
2025,1,29,3,JFK,LAX,1830,1820,-10,2149,2126,-23
2025,1,29,3,JFK,LAX,1929,1945,16,2310,2300,-10
2025,1,29,3,JFK,LAX,2000,2009,9,2333,2312,-21
2025,1,29,3,JFK,LAX,2100,2054,-6,33,2343,-50
2025,1,29,3,JFK,LAX,2130,2120,-10,55,17,-38
2025,1,29,3,JFK,MCI,1120,1110,-10,1353,1334,-19
2025,1,29,3,JFK,MCO,645,648,3,945,939,-6
2025,1,29,3,JFK,MCO,730,730,0,1035,1014,-21
2025,1,29,3,JFK,MCO,910,917,7,1214,1200,-14
2025,1,29,3,JFK,MCO,1100,1056,-4,1400,1351,-9
2025,1,29,3,JFK,MCO,1130,1123,-7,1430,1406,-24
2025,1,29,3,JFK,MCO,1330,1323,-7,1635,1622,-13
2025,1,29,3,JFK,MCO,1359,1357,-2,1659,1657,-2
2025,1,29,3,JFK,MCO,1500,1447,-13,1806,1740,-26
2025,1,29,3,JFK,MCO,1546,1546,0,1854,1850,-4
2025,1,29,3,JFK,MCO,1550,1540,-10,1852,1858,6
2025,1,29,3,JFK,MCO,1730,1818,48,2035,2118,43
2025,1,29,3,JFK,MIA,525,516,-9,839,813,-26
2025,1,29,3,JFK,MIA,630,625,-5,948,933,-15
2025,1,29,3,JFK,MIA,700,658,-2,1022,954,-28
2025,1,29,3,JFK,MIA,738,730,-8,1100,1049,-11
2025,1,29,3,JFK,MIA,901,856,-5,1236,1154,-42
2025,1,29,3,JFK,MIA,950,944,-6,1303,1249,-14
2025,1,29,3,JFK,MIA,1110,1118,8,1435,1420,-15
2025,1,29,3,JFK,MIA,1310,1312,2,1633,1617,-16
2025,1,29,3,JFK,MIA,1330,1326,-4,1650,1627,-23
2025,1,29,3,JFK,MIA,1500,1454,-6,1815,1811,-4
2025,1,29,3,JFK,MIA,1734,1805,31,2056,2106,10
2025,1,29,3,JFK,MIA,1745,1737,-8,2111,2044,-27
2025,1,29,3,JFK,MIA,1821,1820,-1,2145,2132,-13
2025,1,29,3,JFK,MIA,2030,2033,3,2348,2332,-16
2025,1,29,3,JFK,MKE,1750,1746,-4,1939,1943,4
2025,1,29,3,JFK,MSP,1130,1121,-9,1350,1342,-8
2025,1,29,3,JFK,MSY,810,756,-14,1057,1020,-37
2025,1,29,3,JFK,MSY,1622,1613,-9,1903,1837,-26
2025,1,29,3,JFK,ORD,800,755,-5,955,946,-9
2025,1,29,3,JFK,ORD,900,903,3,1047,1058,11
2025,1,29,3,JFK,ORD,1550,1541,-9,1738,1736,-2
2025,1,29,3,JFK,ORD,1555,1551,-4,1750,1744,-6
2025,1,29,3,JFK,ORD,1929,1930,1,2128,2131,3
2025,1,29,3,JFK,ORF,1110,1055,-15,1236,1209,-27
2025,1,29,3,JFK,ORF,1430,1423,-7,1558,1539,-19
2025,1,29,3,JFK,ORF,2159,2152,-7,2329,2332,3
2025,1,29,3,JFK,ORH,1259,1248,-11,1402,1358,-4
2025,1,29,3,JFK,PBI,815,813,-2,1130,1058,-32
2025,1,29,3,JFK,PBI,1030,1030,0,1335,1313,-22
2025,1,29,3,JFK,PBI,1329,1328,-1,1638,1629,-9
2025,1,29,3,JFK,PBI,1509,1503,-6,1815,1813,-2
2025,1,29,3,JFK,PBI,1554,1626,32,1904,1915,11
2025,1,29,3,JFK,PBI,2000,1955,-5,2306,2250,-16
2025,1,29,3,JFK,PDX,1729,1722,-7,2107,2058,-9
2025,1,29,3,JFK,PDX,1959,2015,16,2329,2328,-1
2025,1,29,3,JFK,PHX,630,624,-6,1019,1022,3
2025,1,29,3,JFK,PHX,730,715,-15,1115,1106,-9
2025,1,29,3,JFK,PHX,735,733,-2,1135,1115,-20
2025,1,29,3,JFK,PHX,930,929,-1,1325,1309,-16
2025,1,29,3,JFK,PHX,1259,1254,-5,1649,1625,-24
2025,1,29,3,JFK,PHX,1700,1654,-6,2050,2048,-2
2025,1,29,3,JFK,PHX,1830,1823,-7,2213,2202,-11
2025,1,29,3,JFK,PHX,1950,1943,-7,2359,2337,-22
2025,1,29,3,JFK,PIT,1400,1351,-9,1542,1542,0
2025,1,29,3,JFK,PIT,1516,1508,-8,1708,1653,-15
2025,1,29,3,JFK,PIT,1715,1703,-12,1855,1838,-17
2025,1,29,3,JFK,PIT,2029,2028,-1,2220,2159,-21
2025,1,29,3,JFK,RDU,829,824,-5,1024,957,-27
2025,1,29,3,JFK,RDU,1030,1022,-8,1216,1200,-16
2025,1,29,3,JFK,RDU,1420,1413,-7,1609,1601,-8
2025,1,29,3,JFK,RDU,1510,1458,-12,1701,1648,-13
2025,1,29,3,JFK,RDU,2030,2131,61,2225,2312,47
2025,1,29,3,JFK,RDU,2130,2122,-8,2324,2302,-22
2025,1,29,3,JFK,ROC,1050,1045,-5,1217,1216,-1
2025,1,29,3,JFK,ROC,1430,1435,5,1557,1605,8
2025,1,29,3,JFK,ROC,2155,2151,-4,2326,2322,-4
2025,1,29,3,JFK,ROC,2220,2213,-7,2356,2352,-4
2025,1,29,3,JFK,RSW,600,550,-10,920,837,-43
2025,1,29,3,JFK,RSW,735,732,-3,1056,1042,-14
2025,1,29,3,JFK,RSW,1543,1538,-5,1904,1846,-18
2025,1,29,3,JFK,RSW,1830,1827,-3,2149,2138,-11
2025,1,29,3,JFK,SAN,700,651,-9,1011,1001,-10
2025,1,29,3,JFK,SAN,850,846,-4,1225,1156,-29
2025,1,29,3,JFK,SAN,1630,1613,-17,1945,1917,-28
2025,1,29,3,JFK,SAN,1630,1625,-5,1951,1934,-17
2025,1,29,3,JFK,SAN,1655,1649,-6,2025,1949,-36
2025,1,29,3,JFK,SAN,2057,2050,-7,32,2340,-52
2025,1,29,3,JFK,SAT,800,752,-8,1135,1116,-19
2025,1,29,3,JFK,SAV,1345,1340,-5,1619,1600,-19
2025,1,29,3,JFK,SAV,1859,1851,-8,2141,2125,-16
2025,1,29,3,JFK,SEA,710,732,22,1038,1108,30
2025,1,29,3,JFK,SEA,1130,1125,-5,1458,1453,-5
2025,1,29,3,JFK,SEA,1600,1558,-2,1927,1923,-4
2025,1,29,3,JFK,SEA,1634,1628,-6,1955,1953,-2
2025,1,29,3,JFK,SEA,1900,1857,-3,2225,2254,29
2025,1,29,3,JFK,SFO,600,556,-4,950,933,-17
2025,1,29,3,JFK,SFO,700,650,-10,1052,1017,-35
2025,1,29,3,JFK,SFO,800,749,-11,1140,1105,-35
2025,1,29,3,JFK,SFO,830,824,-6,1234,1144,-50
2025,1,29,3,JFK,SFO,855,852,-3,1252,1210,-42
2025,1,29,3,JFK,SFO,1030,1021,-9,1410,1334,-36
2025,1,29,3,JFK,SFO,1110,1102,-8,1459,1435,-24
2025,1,29,3,JFK,SFO,1200,1157,-3,1537,1518,-19
2025,1,29,3,JFK,SFO,1300,1252,-8,1645,1618,-27
2025,1,29,3,JFK,SFO,1455,1451,-4,1841,1817,-24
2025,1,29,3,JFK,SFO,1600,1848,168,1946,2218,152
2025,1,29,3,JFK,SFO,1659,1649,-10,2038,2010,-28
2025,1,29,3,JFK,SFO,1700,1658,-2,2050,2017,-33
2025,1,29,3,JFK,SFO,1705,1701,-4,2054,2010,-44
2025,1,29,3,JFK,SFO,2030,2020,-10,14,2345,-29
2025,1,29,3,JFK,SFO,2030,2020,-10,22,2328,-54
2025,1,29,3,JFK,SJU,600,605,5,1051,1040,-11
2025,1,29,3,JFK,SJU,800,755,-5,1252,1233,-19
2025,1,29,3,JFK,SJU,800,756,-4,1301,1229,-32
2025,1,29,3,JFK,SJU,1155,1151,-4,1644,1620,-24
2025,1,29,3,JFK,SJU,1200,1153,-7,1655,1629,-26
2025,1,29,3,JFK,SJU,1314,1311,-3,1805,1808,3
2025,1,29,3,JFK,SJU,1459,1459,0,1949,1932,-17
2025,1,29,3,JFK,SJU,2045,2042,-3,142,117,-25
2025,1,29,3,JFK,SJU,2259,2328,29,350,351,1
2025,1,29,3,JFK,SLC,650,649,-1,1027,1010,-17
2025,1,29,3,JFK,SLC,1059,1054,-5,1431,1404,-27
2025,1,29,3,JFK,SLC,1300,1313,13,1633,1620,-13
2025,1,29,3,JFK,SLC,1830,1836,6,2155,2149,-6
2025,1,29,3,JFK,SLC,1838,1930,52,2215,2241,26
2025,1,29,3,JFK,SNA,900,845,-15,1225,1154,-31
2025,1,29,3,JFK,SRQ,630,614,-16,939,927,-12
2025,1,29,3,JFK,STT,840,832,-8,1340,1303,-37
2025,1,29,3,JFK,STT,900,851,-9,1400,1327,-33
2025,1,29,3,JFK,SYR,1815,1910,55,1936,2042,66
2025,1,29,3,JFK,SYR,2230,2224,-6,2355,2355,0
2025,1,29,3,JFK,TPA,730,717,-13,1032,1016,-16
2025,1,29,3,JFK,TPA,1104,1050,-14,1410,1340,-30
2025,1,29,3,JFK,TPA,1128,1124,-4,1436,1418,-18
2025,1,29,3,JFK,TPA,1540,1534,-6,1850,1836,-14
2025,1,29,3,JFK,TPA,1745,1740,-5,2054,2043,-11
2025,1,29,3,JFK,TPA,1959,1959,0,2314,2251,-23
2025,1,30,4,JFK,ATL,600,554,-6,834,827,-7
2025,1,30,4,JFK,ATL,659,651,-8,938,909,-29
2025,1,30,4,JFK,ATL,835,829,-6,1115,1047,-28
2025,1,30,4,JFK,ATL,1100,1053,-7,1341,1326,-15
2025,1,30,4,JFK,ATL,1224,1246,22,1500,1501,1
2025,1,30,4,JFK,ATL,1440,1440,0,1718,1708,-10
2025,1,30,4,JFK,ATL,1630,1646,16,1905,1912,7
2025,1,30,4,JFK,ATL,1820,1815,-5,2107,2049,-18
2025,1,30,4,JFK,ATL,2010,2015,5,2259,2237,-22
2025,1,30,4,JFK,ATL,2130,2123,-7,11,2343,-28
2025,1,30,4,JFK,AUS,700,700,0,1034,1034,0
2025,1,30,4,JFK,AUS,1059,1250,111,1426,1617,111
2025,1,30,4,JFK,AUS,1259,1304,5,1646,1624,-22
2025,1,30,4,JFK,AUS,1850,1858,8,2220,2228,8
2025,1,30,4,JFK,AUS,1930,1925,-5,2301,2256,-5
2025,1,30,4,JFK,BNA,730,725,-5,920,851,-29
2025,1,30,4,JFK,BNA,900,909,9,1049,1037,-12
2025,1,30,4,JFK,BNA,1230,1224,-6,1413,1411,-2
2025,1,30,4,JFK,BNA,1459,1453,-6,1644,1637,-7
2025,1,30,4,JFK,BNA,1530,1525,-5,1715,1708,-7
2025,1,30,4,JFK,BOS,600,550,-10,712,707,-5
2025,1,30,4,JFK,BOS,600,640,40,730,759,29
2025,1,30,4,JFK,BOS,730,722,-8,847,829,-18
2025,1,30,4,JFK,BOS,930,924,-6,1046,1029,-17
2025,1,30,4,JFK,BOS,950,1029,39,1110,1128,18
2025,1,30,4,JFK,BOS,1000,958,-2,1115,1115,0
2025,1,30,4,JFK,BOS,1330,1317,-13,1445,1424,-21
2025,1,30,4,JFK,BOS,1430,1426,-4,1554,1529,-25
2025,1,30,4,JFK,BOS,1555,1554,-1,1712,1702,-10
2025,1,30,4,JFK,BOS,1735,1731,-4,1900,1833,-27
2025,1,30,4,JFK,BOS,1800,1812,12,1920,1915,-5
2025,1,30,4,JFK,BOS,2030,2022,-8,2154,2131,-23
2025,1,30,4,JFK,BOS,2100,18,198,2227,116,169
2025,1,30,4,JFK,BOS,2159,2153,-6,2309,2305,-4
2025,1,30,4,JFK,BOS,2259,2328,29,18,23,5
2025,1,30,4,JFK,BQN,1559,1628,29,2049,2046,-3
2025,1,30,4,JFK,BQN,2150,2150,0,242,215,-27
2025,1,30,4,JFK,BUF,630,621,-9,800,751,-9
2025,1,30,4,JFK,BUF,1550,1608,18,1722,1725,3
2025,1,30,4,JFK,BUF,1725,1717,-8,1857,1841,-16
2025,1,30,4,JFK,CHS,959,953,-6,1219,1155,-24
2025,1,30,4,JFK,CHS,1255,1250,-5,1513,1455,-18
2025,1,30,4,JFK,CLE,800,748,-12,1009,944,-25
2025,1,30,4,JFK,CLE,1219,1213,-6,1414,1415,1
2025,1,30,4,JFK,CLT,630,622,-8,841,810,-31
2025,1,30,4,JFK,CLT,800,757,-3,1015,954,-21
2025,1,30,4,JFK,CLT,1200,1155,-5,1408,1343,-25
2025,1,30,4,JFK,CLT,1225,1221,-4,1432,1419,-13
2025,1,30,4,JFK,CLT,1454,1452,-2,1705,1658,-7
2025,1,30,4,JFK,CLT,1930,1946,16,2143,2135,-8
2025,1,30,4,JFK,CMH,935,926,-9,1134,1125,-9
2025,1,30,4,JFK,CMH,1144,1138,-6,1341,1336,-5
2025,1,30,4,JFK,CMH,1526,1520,-6,1729,1709,-20
2025,1,30,4,JFK,CMH,1630,1617,-13,1828,1812,-16
2025,1,30,4,JFK,CMH,2029,2021,-8,2233,2210,-23
2025,1,30,4,JFK,CVG,850,841,-9,1117,1054,-23
2025,1,30,4,JFK,CVG,1315,1304,-11,1533,1526,-7
2025,1,30,4,JFK,DCA,1510,1508,-2,1641,1621,-20
2025,1,30,4,JFK,DCA,1628,1620,-8,1800,1733,-27
2025,1,30,4,JFK,DCA,1744,1739,-5,1914,1850,-24
2025,1,30,4,JFK,DCA,2029,2027,-2,2200,2133,-27
2025,1,30,4,JFK,DCA,2059,2045,-14,2241,2229,-12
2025,1,30,4,JFK,DEN,830,857,27,1131,1133,2
2025,1,30,4,JFK,DEN,959,952,-7,1245,1235,-10
2025,1,30,4,JFK,DEN,1655,1654,-1,1946,1953,7
2025,1,30,4,JFK,DEN,1900,1859,-1,2138,2120,-18
2025,1,30,4,JFK,DFW,800,757,-3,1120,1214,54
2025,1,30,4,JFK,DFW,843,837,-6,1205,1253,48
2025,1,30,4,JFK,DFW,1430,1504,34,1746,1834,48
2025,1,30,4,JFK,DFW,1559,1910,191,1915,2221,186
2025,1,30,4,JFK,DFW,1750,1752,2,2106,2058,-8
2025,1,30,4,JFK,DTW,1650,1642,-8,1901,1833,-28
2025,1,30,4,JFK,EGE,730,725,-5,1027,1027,0
2025,1,30,4,JFK,FLL,600,556,-4,904,840,-24
2025,1,30,4,JFK,FLL,700,656,-4,1018,953,-25
2025,1,30,4,JFK,FLL,800,755,-5,1112,1058,-14
2025,1,30,4,JFK,FLL,900,904,4,1208,1154,-14
2025,1,30,4,JFK,FLL,1115,1113,-2,1428,1425,-3
2025,1,30,4,JFK,FLL,1315,1313,-2,1625,1603,-22
2025,1,30,4,JFK,FLL,1530,2001,271,1849,2257,248
2025,1,30,4,JFK,FLL,1555,1556,1,1907,1849,-18
2025,1,30,4,JFK,FLL,1720,1715,-5,2036,2013,-23
2025,1,30,4,JFK,FLL,1930,1930,0,2242,2212,-30
2025,1,30,4,JFK,FLL,1955,1953,-2,2318,2245,-33
2025,1,30,4,JFK,HNL,1000,955,-5,1619,1651,32
2025,1,30,4,JFK,IAH,800,753,-7,1112,1108,-4
2025,1,30,4,JFK,IND,1416,1415,-1,1639,1633,-6
2025,1,30,4,JFK,IND,1440,1433,-7,1704,1700,-4
2025,1,30,4,JFK,IND,1630,1622,-8,1855,1851,-4
2025,1,30,4,JFK,IND,1830,1832,2,2100,2047,-13
2025,1,30,4,JFK,JAX,740,738,-2,1025,1006,-19
2025,1,30,4,JFK,JAX,815,805,-10,1057,1037,-20
2025,1,30,4,JFK,JAX,1330,1321,-9,1611,1552,-19
2025,1,30,4,JFK,JAX,1830,1837,7,2111,2106,-5
2025,1,30,4,JFK,JAX,1929,1924,-5,2220,2149,-31
2025,1,30,4,JFK,LAS,735,735,0,1029,1044,15
2025,1,30,4,JFK,LAS,735,749,14,1042,1045,3
2025,1,30,4,JFK,LAS,759,759,0,1058,1100,2
2025,1,30,4,JFK,LAS,959,954,-5,1249,1235,-14
2025,1,30,4,JFK,LAS,1130,1131,1,1434,1426,-8
2025,1,30,4,JFK,LAS,1615,1610,-5,1923,1909,-14
2025,1,30,4,JFK,LAS,1735,1733,-2,2025,2019,-6
2025,1,30,4,JFK,LAS,1859,1916,17,2208,2207,-1
2025,1,30,4,JFK,LAS,2059,2053,-6,4,2354,-10
2025,1,30,4,JFK,LAS,2115,2105,-10,28,2,-26
2025,1,30,4,JFK,LAX,600,552,-8,929,845,-44
2025,1,30,4,JFK,LAX,659,652,-7,1028,1011,-17
2025,1,30,4,JFK,LAX,700,700,0,1021,1007,-14
2025,1,30,4,JFK,LAX,710,705,-5,1040,1025,-15
2025,1,30,4,JFK,LAX,800,755,-5,1129,1108,-21
2025,1,30,4,JFK,LAX,850,848,-2,1226,1206,-20
2025,1,30,4,JFK,LAX,930,922,-8,1250,1221,-29
2025,1,30,4,JFK,LAX,955,948,-7,1326,1303,-23
2025,1,30,4,JFK,LAX,1100,1051,-9,1430,1338,-52
2025,1,30,4,JFK,LAX,1105,1104,-1,1431,1424,-7
2025,1,30,4,JFK,LAX,1129,1120,-9,1446,1422,-24
2025,1,30,4,JFK,LAX,1305,1303,-2,1633,1633,0
2025,1,30,4,JFK,LAX,1400,1404,4,1719,1703,-16
2025,1,30,4,JFK,LAX,1534,1530,-4,1903,1839,-24
2025,1,30,4,JFK,LAX,1550,1542,-8,1924,1904,-20
2025,1,30,4,JFK,LAX,1645,1636,-9,2008,1942,-26
2025,1,30,4,JFK,LAX,1700,1656,-4,2031,2000,-31
2025,1,30,4,JFK,LAX,1705,1656,-9,2037,2102,25
2025,1,30,4,JFK,LAX,1759,1750,-9,2132,2104,-28
2025,1,30,4,JFK,LAX,1815,1816,1,2154,2135,-19
2025,1,30,4,JFK,LAX,1830,1830,0,2149,2148,-1
2025,1,30,4,JFK,LAX,1945,1947,2,2328,2330,2
2025,1,30,4,JFK,LAX,2000,1952,-8,2333,2257,-36
2025,1,30,4,JFK,LAX,2100,2053,-7,33,2340,-53
2025,1,30,4,JFK,LAX,2130,2136,6,55,46,-9
2025,1,30,4,JFK,MCI,1120,1859,459,1353,2141,468
2025,1,30,4,JFK,MCO,645,638,-7,945,930,-15
2025,1,30,4,JFK,MCO,730,728,-2,1035,1009,-26
2025,1,30,4,JFK,MCO,910,915,5,1214,1213,-1
2025,1,30,4,JFK,MCO,1100,1107,7,1400,1402,2
2025,1,30,4,JFK,MCO,1130,1129,-1,1430,1409,-21
2025,1,30,4,JFK,MCO,1330,1333,3,1635,1615,-20
2025,1,30,4,JFK,MCO,1359,1416,17,1659,1657,-2
2025,1,30,4,JFK,MCO,1500,1507,7,1806,1759,-7
2025,1,30,4,JFK,MCO,1543,1621,38,1848,1856,8
2025,1,30,4,JFK,MCO,1550,1547,-3,1852,1840,-12
2025,1,30,4,JFK,MCO,1830,1829,-1,2133,2113,-20
2025,1,30,4,JFK,MCO,1929,1933,4,2236,2208,-28
2025,1,30,4,JFK,MIA,525,523,-2,839,825,-14
2025,1,30,4,JFK,MIA,630,626,-4,948,912,-36
2025,1,30,4,JFK,MIA,700,654,-6,1022,951,-31
2025,1,30,4,JFK,MIA,738,740,2,1100,1045,-15
2025,1,30,4,JFK,MIA,901,859,-2,1236,1213,-23
2025,1,30,4,JFK,MIA,950,945,-5,1303,1228,-35
2025,1,30,4,JFK,MIA,1110,1105,-5,1435,1354,-41
2025,1,30,4,JFK,MIA,1310,1310,0,1633,1606,-27
2025,1,30,4,JFK,MIA,1330,1325,-5,1650,1630,-20
2025,1,30,4,JFK,MIA,1500,1506,6,1815,1805,-10
2025,1,30,4,JFK,MIA,1526,1521,-5,1854,1819,-35
2025,1,30,4,JFK,MIA,1734,1738,4,2056,2105,9
2025,1,30,4,JFK,MIA,1821,1820,-1,2145,2115,-30
2025,1,30,4,JFK,MIA,1955,1950,-5,2327,2247,-40
2025,1,30,4,JFK,MIA,2030,2027,-3,2348,2323,-25
2025,1,30,4,JFK,MKE,1750,1745,-5,1939,1947,8
2025,1,30,4,JFK,MSP,1130,1127,-3,1350,1352,2
2025,1,30,4,JFK,MSY,810,802,-8,1057,1033,-24
2025,1,30,4,JFK,MSY,929,922,-7,1207,1145,-22
2025,1,30,4,JFK,MSY,1622,1613,-9,1903,1827,-36
2025,1,30,4,JFK,ORD,800,758,-2,955,942,-13
2025,1,30,4,JFK,ORD,900,855,-5,1047,1047,0
2025,1,30,4,JFK,ORD,1350,1403,13,1544,1607,23
2025,1,30,4,JFK,ORD,1550,1543,-7,1738,1723,-15
2025,1,30,4,JFK,ORD,1555,1555,0,1750,1759,9
2025,1,30,4,JFK,ORD,1929,2017,48,2128,2208,40
2025,1,30,4,JFK,ORF,1110,1102,-8,1236,1218,-18
2025,1,30,4,JFK,ORF,1430,1424,-6,1558,1540,-18
2025,1,30,4,JFK,ORF,2159,2150,-9,2329,2316,-13
2025,1,30,4,JFK,ORH,1259,1249,-10,1402,1350,-12
2025,1,30,4,JFK,PBI,815,807,-8,1130,1123,-7
2025,1,30,4,JFK,PBI,1030,1027,-3,1335,1313,-22
2025,1,30,4,JFK,PBI,1400,1400,0,1709,1654,-15
2025,1,30,4,JFK,PBI,1509,1508,-1,1815,1811,-4
2025,1,30,4,JFK,PBI,1554,1556,2,1904,1859,-5
2025,1,30,4,JFK,PBI,2000,1954,-6,2306,2231,-35
2025,1,30,4,JFK,PDX,1729,1731,2,2107,2128,21
2025,1,30,4,JFK,PDX,1959,1954,-5,2329,2326,-3
2025,1,30,4,JFK,PHX,630,630,0,1019,1017,-2
2025,1,30,4,JFK,PHX,730,724,-6,1115,1100,-15
2025,1,30,4,JFK,PHX,735,728,-7,1135,1123,-12
2025,1,30,4,JFK,PHX,930,936,6,1325,1313,-12
2025,1,30,4,JFK,PHX,1259,1300,1,1649,1649,0
2025,1,30,4,JFK,PHX,1700,1705,5,2050,2041,-9
2025,1,30,4,JFK,PHX,1830,1824,-6,2213,2246,33
2025,1,30,4,JFK,PHX,1950,1948,-2,2359,2330,-29
2025,1,30,4,JFK,PIT,1400,1420,20,1542,1550,8
2025,1,30,4,JFK,PIT,1516,1508,-8,1708,1646,-22
2025,1,30,4,JFK,PIT,1715,1704,-11,1855,1844,-11
2025,1,30,4,JFK,PIT,2029,2023,-6,2220,2148,-32
2025,1,30,4,JFK,PSP,930,936,6,1237,1245,8
2025,1,30,4,JFK,RDU,832,842,10,1027,1018,-9
2025,1,30,4,JFK,RDU,1030,1022,-8,1216,1200,-16
2025,1,30,4,JFK,RDU,1420,1420,0,1609,1553,-16
2025,1,30,4,JFK,RDU,1510,1500,-10,1701,1644,-17
2025,1,30,4,JFK,RDU,2030,2023,-7,2225,2213,-12
2025,1,30,4,JFK,RDU,2130,2122,-8,2324,2308,-16
2025,1,30,4,JFK,ROC,1050,1043,-7,1217,1213,-4
2025,1,30,4,JFK,ROC,1430,1419,-11,1557,1543,-14
2025,1,30,4,JFK,ROC,2155,2145,-10,2326,2308,-18
2025,1,30,4,JFK,ROC,2220,2205,-15,2356,2334,-22
2025,1,30,4,JFK,RSW,600,556,-4,920,855,-25
2025,1,30,4,JFK,RSW,735,731,-4,1056,1038,-18
2025,1,30,4,JFK,RSW,1543,1702,79,1904,2014,70
2025,1,30,4,JFK,RSW,1750,1803,13,2110,2100,-10
2025,1,30,4,JFK,SAN,700,650,-10,1011,949,-22
2025,1,30,4,JFK,SAN,850,845,-5,1225,1157,-28
2025,1,30,4,JFK,SAN,1630,1616,-14,1945,1918,-27
2025,1,30,4,JFK,SAN,1630,1618,-12,1951,1926,-25
2025,1,30,4,JFK,SAN,1655,1709,14,2025,2013,-12
2025,1,30,4,JFK,SAN,2057,2056,-1,32,2345,-47
2025,1,30,4,JFK,SAT,800,753,-7,1135,1122,-13
2025,1,30,4,JFK,SAV,830,912,42,1100,1126,26
2025,1,30,4,JFK,SAV,1345,1349,4,1619,1607,-12
2025,1,30,4,JFK,SAV,1859,1850,-9,2141,2122,-19
2025,1,30,4,JFK,SEA,710,707,-3,1038,1059,21
2025,1,30,4,JFK,SEA,1130,1124,-6,1458,1452,-6
2025,1,30,4,JFK,SEA,1600,1550,-10,1927,1950,23
2025,1,30,4,JFK,SEA,1634,1645,11,1955,2006,11
2025,1,30,4,JFK,SEA,1900,1856,-4,2225,2230,5
2025,1,30,4,JFK,SFO,600,552,-8,950,915,-35
2025,1,30,4,JFK,SFO,700,656,-4,1052,1026,-26
2025,1,30,4,JFK,SFO,800,753,-7,1140,1137,-3
2025,1,30,4,JFK,SFO,830,854,24,1234,1232,-2
2025,1,30,4,JFK,SFO,855,850,-5,1252,1218,-34
2025,1,30,4,JFK,SFO,1030,1021,-9,1410,1403,-7
2025,1,30,4,JFK,SFO,1110,1107,-3,1459,1452,-7
2025,1,30,4,JFK,SFO,1200,1155,-5,1537,1521,-16
2025,1,30,4,JFK,SFO,1300,1249,-11,1645,1605,-40
2025,1,30,4,JFK,SFO,1455,1442,-13,1841,1840,-1
2025,1,30,4,JFK,SFO,1600,1552,-8,1946,1917,-29
2025,1,30,4,JFK,SFO,1659,1650,-9,2038,2025,-13
2025,1,30,4,JFK,SFO,1700,1659,-1,2050,2038,-12
2025,1,30,4,JFK,SFO,1705,1656,-9,2054,2002,-52
2025,1,30,4,JFK,SFO,1925,1920,-5,2317,2312,-5
2025,1,30,4,JFK,SFO,2030,2019,-11,14,2334,-40
2025,1,30,4,JFK,SFO,2030,2025,-5,22,16,-6
2025,1,30,4,JFK,SJU,600,736,96,1051,1205,74
2025,1,30,4,JFK,SJU,800,756,-4,1252,1232,-20
2025,1,30,4,JFK,SJU,800,759,-1,1301,1221,-40
2025,1,30,4,JFK,SJU,1200,1154,-6,1655,1607,-48
2025,1,30,4,JFK,SJU,1200,1157,-3,1649,1614,-35
2025,1,30,4,JFK,SJU,1314,1310,-4,1805,1741,-24
2025,1,30,4,JFK,SJU,1459,1501,2,1949,1928,-21
2025,1,30,4,JFK,SJU,1859,1859,0,2359,2341,-18
2025,1,30,4,JFK,SJU,2045,2050,5,142,108,-34
2025,1,30,4,JFK,SJU,2259,2248,-11,350,309,-41
2025,1,30,4,JFK,SLC,650,648,-2,1027,1017,-10
2025,1,30,4,JFK,SLC,1059,1054,-5,1431,1405,-26
2025,1,30,4,JFK,SLC,1300,1253,-7,1633,1625,-8
2025,1,30,4,JFK,SLC,1830,1826,-4,2155,2126,-29
2025,1,30,4,JFK,SLC,1838,1838,0,2215,2201,-14
2025,1,30,4,JFK,SNA,900,854,-6,1225,1240,15
2025,1,30,4,JFK,SRQ,630,620,-10,939,920,-19
2025,1,30,4,JFK,STT,840,837,-3,1340,1303,-37
2025,1,30,4,JFK,STT,900,854,-6,1400,1325,-35
2025,1,30,4,JFK,SYR,959,947,-12,1121,1057,-24
2025,1,30,4,JFK,SYR,1815,1803,-12,1936,1931,-5
2025,1,30,4,JFK,SYR,2225,2336,71,2350,50,60
2025,1,30,4,JFK,TPA,730,723,-7,1032,1012,-20
2025,1,30,4,JFK,TPA,730,754,24,1039,1046,7
2025,1,30,4,JFK,TPA,1104,1053,-11,1410,1357,-13
2025,1,30,4,JFK,TPA,1130,1120,-10,1438,1409,-29
2025,1,30,4,JFK,TPA,1540,1539,-1,1850,1821,-29
2025,1,30,4,JFK,TPA,1745,1743,-2,2054,2033,-21
2025,1,30,4,JFK,TPA,1959,1952,-7,2314,2237,-37
2025,1,31,5,JFK,ATL,600,554,-6,834,826,-8
2025,1,31,5,JFK,ATL,659,653,-6,938,916,-22
2025,1,31,5,JFK,ATL,835,829,-6,1115,1050,-25
2025,1,31,5,JFK,ATL,1100,1100,0,1341,1340,-1
2025,1,31,5,JFK,ATL,1224,1230,6,1500,1516,16
2025,1,31,5,JFK,ATL,1440,1438,-2,1718,1714,-4
2025,1,31,5,JFK,ATL,1559,1558,-1,1838,1835,-3
2025,1,31,5,JFK,ATL,1820,1824,4,2107,2057,-10
2025,1,31,5,JFK,ATL,2010,2005,-5,2259,2236,-23
2025,1,31,5,JFK,ATL,2130,2123,-7,11,2357,-14
2025,1,31,5,JFK,AUS,700,653,-7,1034,1025,-9
2025,1,31,5,JFK,AUS,1059,1055,-4,1426,1420,-6
2025,1,31,5,JFK,AUS,1259,1256,-3,1646,1631,-15
2025,1,31,5,JFK,AUS,1850,1849,-1,2220,2157,-23
2025,1,31,5,JFK,AUS,1930,1924,-6,2301,2237,-24
2025,1,31,5,JFK,BNA,730,722,-8,920,908,-12
2025,1,31,5,JFK,BNA,900,850,-10,1049,1020,-29
2025,1,31,5,JFK,BNA,1230,1228,-2,1413,1401,-12
2025,1,31,5,JFK,BNA,1459,1634,95,1644,1818,94
2025,1,31,5,JFK,BNA,1530,1527,-3,1715,1706,-9
2025,1,31,5,JFK,BOS,600,549,-11,712,713,1
2025,1,31,5,JFK,BOS,600,549,-11,730,700,-30
2025,1,31,5,JFK,BOS,730,717,-13,847,829,-18
2025,1,31,5,JFK,BOS,930,920,-10,1046,1032,-14
2025,1,31,5,JFK,BOS,950,946,-4,1110,1047,-23
2025,1,31,5,JFK,BOS,1000,950,-10,1115,1059,-16
2025,1,31,5,JFK,BOS,1330,1321,-9,1445,1446,1
2025,1,31,5,JFK,BOS,1430,1428,-2,1554,1535,-19
2025,1,31,5,JFK,BOS,1555,1552,-3,1712,1650,-22
2025,1,31,5,JFK,BOS,1735,1731,-4,1900,1859,-1
2025,1,31,5,JFK,BOS,1800,1751,-9,1920,1908,-12
2025,1,31,5,JFK,BOS,2030,2027,-3,2154,2141,-13
2025,1,31,5,JFK,BOS,2100,2059,-1,2227,2159,-28
2025,1,31,5,JFK,BOS,2159,2157,-2,2309,2305,-4
2025,1,31,5,JFK,BOS,2259,2252,-7,18,2349,-29
2025,1,31,5,JFK,BQN,1559,1619,20,2049,2040,-9
2025,1,31,5,JFK,BQN,2150,2155,5,242,234,-8
2025,1,31,5,JFK,BUF,630,622,-8,800,754,-6
2025,1,31,5,JFK,BUF,1550,1539,-11,1722,1709,-13
2025,1,31,5,JFK,BUF,1725,1730,5,1857,1909,12
2025,1,31,5,JFK,CHS,959,952,-7,1219,1201,-18
2025,1,31,5,JFK,CHS,1255,1256,1,1513,1524,11
2025,1,31,5,JFK,CLE,800,751,-9,1009,937,-32
2025,1,31,5,JFK,CLE,1219,1206,-13,1414,1416,2
2025,1,31,5,JFK,CLT,630,624,-6,841,817,-24
2025,1,31,5,JFK,CLT,800,756,-4,1015,955,-20
2025,1,31,5,JFK,CLT,1200,1157,-3,1408,1354,-14
2025,1,31,5,JFK,CLT,1225,1219,-6,1432,1447,15
2025,1,31,5,JFK,CLT,1454,1451,-3,1705,1651,-14
2025,1,31,5,JFK,CLT,1930,1927,-3,2143,2128,-15
2025,1,31,5,JFK,CMH,935,925,-10,1134,1124,-10
2025,1,31,5,JFK,CMH,1144,1135,-9,1341,1330,-11
2025,1,31,5,JFK,CMH,1526,1545,19,1729,1727,-2
2025,1,31,5,JFK,CMH,1630,1636,6,1828,1829,1
2025,1,31,5,JFK,CMH,2029,2210,101,2233,8,95
2025,1,31,5,JFK,CVG,1315,1311,-4,1533,1538,5
2025,1,31,5,JFK,DCA,800,809,9,932,941,9
2025,1,31,5,JFK,DCA,855,849,-6,1020,1008,-12
2025,1,31,5,JFK,DCA,1510,1505,-5,1641,1614,-27
2025,1,31,5,JFK,DCA,1630,1817,107,1800,1929,89
2025,1,31,5,JFK,DCA,1744,1737,-7,1914,1902,-12
2025,1,31,5,JFK,DCA,2029,2201,92,2200,2349,109
2025,1,31,5,JFK,DCA,2059,2051,-8,2241,2310,29
2025,1,31,5,JFK,DEN,830,832,2,1131,1053,-38
2025,1,31,5,JFK,DEN,959,958,-1,1245,1205,-40
2025,1,31,5,JFK,DEN,1655,1653,-2,1946,1910,-36
2025,1,31,5,JFK,DEN,1900,1901,1,2138,2128,-10
2025,1,31,5,JFK,DFW,800,800,0,1120,1113,-7
2025,1,31,5,JFK,DFW,843,1126,163,1205,1424,139
2025,1,31,5,JFK,DFW,1430,1430,0,1746,1739,-7
2025,1,31,5,JFK,DFW,1559,1550,-9,1915,1901,-14
2025,1,31,5,JFK,DFW,1750,1753,3,2106,2052,-14
2025,1,31,5,JFK,DTW,1650,1834,104,1901,2045,104
2025,1,31,5,JFK,EGE,730,721,-9,1027,954,-33
2025,1,31,5,JFK,FLL,600,555,-5,904,900,-4
2025,1,31,5,JFK,FLL,700,655,-5,1018,1018,0
2025,1,31,5,JFK,FLL,800,754,-6,1112,1057,-15
2025,1,31,5,JFK,FLL,900,900,0,1208,1158,-10
2025,1,31,5,JFK,FLL,1115,1114,-1,1428,1453,25
2025,1,31,5,JFK,FLL,1315,1327,12,1625,1642,17
2025,1,31,5,JFK,FLL,1530,1536,6,1849,1841,-8
2025,1,31,5,JFK,FLL,1555,1553,-2,1907,1846,-21
2025,1,31,5,JFK,FLL,1720,1716,-4,2036,2017,-19
2025,1,31,5,JFK,FLL,1930,1920,-10,2242,2232,-10
2025,1,31,5,JFK,FLL,1955,1955,0,2318,2314,-4
2025,1,31,5,JFK,HNL,1000,956,-4,1619,1639,20
2025,1,31,5,JFK,HNL,1000,1135,95,1610,1731,81
2025,1,31,5,JFK,IAH,800,758,-2,1112,1122,10
2025,1,31,5,JFK,IND,1416,1614,118,1639,1829,110
2025,1,31,5,JFK,IND,1440,1438,-2,1704,1648,-16
2025,1,31,5,JFK,IND,1630,1640,10,1855,1857,2
2025,1,31,5,JFK,IND,1830,1823,-7,2100,2040,-20
2025,1,31,5,JFK,JAX,740,734,-6,1025,1012,-13
2025,1,31,5,JFK,JAX,815,810,-5,1057,1038,-19
2025,1,31,5,JFK,JAX,1330,1325,-5,1611,1611,0
2025,1,31,5,JFK,JAX,1830,1921,51,2111,2218,67
2025,1,31,5,JFK,JAX,1929,1928,-1,2220,2236,16
2025,1,31,5,JFK,LAS,735,731,-4,1029,1010,-19
2025,1,31,5,JFK,LAS,735,732,-3,1042,958,-44
2025,1,31,5,JFK,LAS,759,753,-6,1058,1022,-36
2025,1,31,5,JFK,LAS,959,952,-7,1249,1210,-39
2025,1,31,5,JFK,LAS,1130,1140,10,1434,1410,-24
2025,1,31,5,JFK,LAS,1615,1615,0,1923,1848,-35
2025,1,31,5,JFK,LAS,1735,1727,-8,2025,2002,-23
2025,1,31,5,JFK,LAS,1859,1943,44,2208,2228,20
2025,1,31,5,JFK,LAS,2059,2057,-2,4,2345,-19
2025,1,31,5,JFK,LAS,2115,2110,-5,28,2345,-43
2025,1,31,5,JFK,LAX,600,626,26,929,946,17
2025,1,31,5,JFK,LAX,659,701,2,1028,958,-30
2025,1,31,5,JFK,LAX,700,700,0,1021,952,-29
2025,1,31,5,JFK,LAX,710,710,0,1040,1010,-30
2025,1,31,5,JFK,LAX,800,815,15,1129,1102,-27
2025,1,31,5,JFK,LAX,850,846,-4,1226,1131,-55
2025,1,31,5,JFK,LAX,930,924,-6,1250,1219,-31
2025,1,31,5,JFK,LAX,955,943,-12,1326,1252,-34
2025,1,31,5,JFK,LAX,1100,1053,-7,1430,1346,-44
2025,1,31,5,JFK,LAX,1105,1102,-3,1431,1350,-41
2025,1,31,5,JFK,LAX,1129,1126,-3,1446,1417,-29
2025,1,31,5,JFK,LAX,1305,1257,-8,1633,1603,-30
2025,1,31,5,JFK,LAX,1400,1402,2,1719,1657,-22
2025,1,31,5,JFK,LAX,1534,1533,-1,1903,1816,-47
2025,1,31,5,JFK,LAX,1550,1544,-6,1924,1841,-43
2025,1,31,5,JFK,LAX,1645,1638,-7,2008,1930,-38
2025,1,31,5,JFK,LAX,1700,1653,-7,2031,1955,-36
2025,1,31,5,JFK,LAX,1705,1744,39,2037,2045,8
2025,1,31,5,JFK,LAX,1759,1752,-7,2132,2048,-44
2025,1,31,5,JFK,LAX,1815,1809,-6,2154,2112,-42
2025,1,31,5,JFK,LAX,1830,1830,0,2149,2123,-26
2025,1,31,5,JFK,LAX,2000,2004,4,2333,2313,-20
2025,1,31,5,JFK,LAX,2100,2059,-1,33,2357,-36
2025,1,31,5,JFK,LAX,2130,2123,-7,55,26,-29
2025,1,31,5,JFK,MCI,1120,1129,9,1353,1405,12
2025,1,31,5,JFK,MCO,645,637,-8,945,922,-23
2025,1,31,5,JFK,MCO,730,1033,183,1035,1318,163
2025,1,31,5,JFK,MCO,910,908,-2,1214,1157,-17
2025,1,31,5,JFK,MCO,1100,1059,-1,1400,1346,-14
2025,1,31,5,JFK,MCO,1130,1126,-4,1430,1427,-3
2025,1,31,5,JFK,MCO,1330,1324,-6,1635,1618,-17
2025,1,31,5,JFK,MCO,1359,1418,19,1659,1727,28
2025,1,31,5,JFK,MCO,1500,1453,-7,1806,1755,-11
2025,1,31,5,JFK,MCO,1543,1538,-5,1848,1834,-14
2025,1,31,5,JFK,MCO,1550,1543,-7,1852,1827,-25
2025,1,31,5,JFK,MCO,1830,1826,-4,2133,2122,-11
2025,1,31,5,JFK,MCO,1929,1925,-4,2236,2238,2
2025,1,31,5,JFK,MIA,525,532,7,839,845,6
2025,1,31,5,JFK,MIA,630,636,6,948,946,-2
2025,1,31,5,JFK,MIA,700,658,-2,1022,950,-32
2025,1,31,5,JFK,MIA,738,735,-3,1100,1058,-2
2025,1,31,5,JFK,MIA,901,901,0,1236,1216,-20
2025,1,31,5,JFK,MIA,950,949,-1,1303,1246,-17
2025,1,31,5,JFK,MIA,1110,1105,-5,1435,1411,-24
2025,1,31,5,JFK,MIA,1310,1300,-10,1633,1615,-18
2025,1,31,5,JFK,MIA,1330,1410,40,1650,1728,38
2025,1,31,5,JFK,MIA,1500,1500,0,1815,1809,-6
2025,1,31,5,JFK,MIA,1526,1529,3,1854,1833,-21
2025,1,31,5,JFK,MIA,1734,1734,0,2056,2107,11
2025,1,31,5,JFK,MIA,1821,1817,-4,2145,2135,-10
2025,1,31,5,JFK,MIA,1955,2001,6,2327,2320,-7
2025,1,31,5,JFK,MIA,2030,2026,-4,2348,2337,-11
2025,1,31,5,JFK,MKE,1750,1758,8,1936,1947,11
2025,1,31,5,JFK,MSP,1130,1127,-3,1350,1352,2
2025,1,31,5,JFK,MSY,810,1045,155,1057,1315,138
2025,1,31,5,JFK,MSY,929,924,-5,1207,1147,-20
2025,1,31,5,JFK,MSY,1622,1620,-2,1903,1904,1
2025,1,31,5,JFK,ORD,800,753,-7,955,1009,14
2025,1,31,5,JFK,ORD,900,856,-4,1047,1037,-10
2025,1,31,5,JFK,ORD,1350,1341,-9,1544,1535,-9
2025,1,31,5,JFK,ORD,1550,1701,71,1738,1848,70
2025,1,31,5,JFK,ORD,1555,1656,61,1750,1858,68
2025,1,31,5,JFK,ORD,1929,1924,-5,2128,2110,-18
2025,1,31,5,JFK,ORF,1110,1102,-8,1236,1223,-13
2025,1,31,5,JFK,ORF,1430,1420,-10,1558,1557,-1
2025,1,31,5,JFK,ORF,2159,2152,-7,2329,2324,-5
2025,1,31,5,JFK,ORH,1259,1259,0,1402,1410,8
2025,1,31,5,JFK,PBI,815,810,-5,1130,1108,-22
2025,1,31,5,JFK,PBI,1030,1040,10,1335,1331,-4
2025,1,31,5,JFK,PBI,1400,1355,-5,1709,1649,-20
2025,1,31,5,JFK,PBI,1509,1502,-7,1815,1810,-5
2025,1,31,5,JFK,PBI,1554,1554,0,1904,1847,-17
2025,1,31,5,JFK,PBI,2000,1959,-1,2306,2320,14
2025,1,31,5,JFK,PDX,1729,1756,27,2107,2134,27
2025,1,31,5,JFK,PDX,1959,1951,-8,2329,2341,12
2025,1,31,5,JFK,PHX,630,628,-2,1019,1021,2
2025,1,31,5,JFK,PHX,730,727,-3,1115,1049,-26
2025,1,31,5,JFK,PHX,735,730,-5,1135,1053,-42
2025,1,31,5,JFK,PHX,930,932,2,1325,1300,-25
2025,1,31,5,JFK,PHX,1259,1257,-2,1649,1645,-4
2025,1,31,5,JFK,PHX,1700,1700,0,2050,2018,-32
2025,1,31,5,JFK,PHX,1830,1824,-6,2213,2143,-30
2025,1,31,5,JFK,PHX,1950,1949,-1,2359,2300,-59
2025,1,31,5,JFK,PIT,1400,1356,-4,1542,1530,-12
2025,1,31,5,JFK,PIT,1516,1657,101,1708,1841,93
2025,1,31,5,JFK,PIT,1715,1707,-8,1855,1858,3
2025,1,31,5,JFK,PIT,2029,2113,44,2220,2241,21
2025,1,31,5,JFK,RDU,832,833,1,1027,1005,-22
2025,1,31,5,JFK,RDU,1030,1415,225,1216,1607,231
2025,1,31,5,JFK,RDU,1420,1412,-8,1609,1549,-20
2025,1,31,5,JFK,RDU,1510,1502,-8,1701,1658,-3
2025,1,31,5,JFK,RDU,2030,2100,30,2225,2252,27
2025,1,31,5,JFK,RDU,2130,2124,-6,2324,2319,-5
2025,1,31,5,JFK,ROC,1050,1041,-9,1217,1206,-11
2025,1,31,5,JFK,ROC,1430,1430,0,1557,1547,-10
2025,1,31,5,JFK,ROC,2155,2149,-6,2326,2307,-19
2025,1,31,5,JFK,ROC,2220,104,164,2356,230,154
2025,1,31,5,JFK,RSW,600,559,-1,920,904,-16
2025,1,31,5,JFK,RSW,735,722,-13,1056,1027,-29
2025,1,31,5,JFK,RSW,1543,1538,-5,1904,1846,-18
2025,1,31,5,JFK,RSW,1750,1746,-4,2110,2101,-9
2025,1,31,5,JFK,SAN,700,652,-8,1011,943,-28
2025,1,31,5,JFK,SAN,850,850,0,1225,1208,-17
2025,1,31,5,JFK,SAN,1630,1623,-7,1945,1911,-34
2025,1,31,5,JFK,SAN,1630,1626,-4,1951,1927,-24
2025,1,31,5,JFK,SAN,1655,1647,-8,2025,1934,-51
2025,1,31,5,JFK,SAN,2057,2052,-5,32,2334,-58
2025,1,31,5,JFK,SAT,800,754,-6,1135,1152,17
2025,1,31,5,JFK,SAV,830,922,52,1100,1147,47
2025,1,31,5,JFK,SAV,1345,1339,-6,1619,1602,-17
2025,1,31,5,JFK,SAV,1859,1851,-8,2141,2135,-6
2025,1,31,5,JFK,SEA,710,705,-5,1038,1051,13
2025,1,31,5,JFK,SEA,1130,1127,-3,1458,1500,2
2025,1,31,5,JFK,SEA,1600,1624,24,1927,2006,39
2025,1,31,5,JFK,SEA,1634,1648,14,1955,2019,24
2025,1,31,5,JFK,SEA,1900,1912,12,2225,2240,15
2025,1,31,5,JFK,SFO,600,556,-4,950,936,-14
2025,1,31,5,JFK,SFO,700,658,-2,1052,1030,-22
2025,1,31,5,JFK,SFO,800,757,-3,1140,1121,-19
2025,1,31,5,JFK,SFO,830,825,-5,1234,1148,-46
2025,1,31,5,JFK,SFO,855,855,0,1252,1227,-25
2025,1,31,5,JFK,SFO,1030,1027,-3,1410,1412,2
2025,1,31,5,JFK,SFO,1110,1106,-4,1459,1437,-22
2025,1,31,5,JFK,SFO,1200,1150,-10,1537,1510,-27
2025,1,31,5,JFK,SFO,1300,1254,-6,1645,1650,5
2025,1,31,5,JFK,SFO,1455,1448,-7,1841,1843,2
2025,1,31,5,JFK,SFO,1600,1601,1,1946,1933,-13
2025,1,31,5,JFK,SFO,1659,1844,105,2038,2251,133
2025,1,31,5,JFK,SFO,1700,1654,-6,2050,2039,-11
2025,1,31,5,JFK,SFO,1705,1701,-4,2054,2048,-6
2025,1,31,5,JFK,SFO,1925,1929,4,2317,2323,6
2025,1,31,5,JFK,SFO,2030,2023,-7,14,2358,-16
2025,1,31,5,JFK,SFO,2030,2026,-4,22,31,9
2025,1,31,5,JFK,SJU,600,553,-7,1051,1016,-35
2025,1,31,5,JFK,SJU,800,754,-6,1252,1220,-32
2025,1,31,5,JFK,SJU,800,755,-5,1301,1232,-29
2025,1,31,5,JFK,SJU,1155,1155,0,1644,1627,-17
2025,1,31,5,JFK,SJU,1200,1152,-8,1655,1633,-22
2025,1,31,5,JFK,SJU,1314,1302,-12,1805,1746,-19
2025,1,31,5,JFK,SJU,1459,1455,-4,1949,1923,-26
2025,1,31,5,JFK,SJU,1859,1908,9,2359,12,13
2025,1,31,5,JFK,SJU,2045,2123,38,142,201,19
2025,1,31,5,JFK,SJU,2259,2302,3,350,331,-19
2025,1,31,5,JFK,SLC,650,652,2,1027,1033,6
2025,1,31,5,JFK,SLC,1059,1059,0,1431,1405,-26
2025,1,31,5,JFK,SLC,1300,1255,-5,1633,1609,-24
2025,1,31,5,JFK,SLC,1830,1832,2,2155,2157,2
2025,1,31,5,JFK,SLC,1838,1830,-8,2215,2201,-14
2025,1,31,5,JFK,SNA,900,853,-7,1225,1207,-18
2025,1,31,5,JFK,SRQ,630,624,-6,939,933,-6
2025,1,31,5,JFK,STT,840,835,-5,1340,1300,-40
2025,1,31,5,JFK,STT,900,853,-7,1400,1322,-38
2025,1,31,5,JFK,SYR,959,1048,49,1121,1155,34
2025,1,31,5,JFK,SYR,1815,1843,28,1936,2006,30
2025,1,31,5,JFK,SYR,2225,2251,26,2350,16,26
2025,1,31,5,JFK,TPA,730,721,-9,1039,1019,-20
2025,1,31,5,JFK,TPA,730,726,-4,1032,1040,8
2025,1,31,5,JFK,TPA,1104,1056,-8,1410,1357,-13
2025,1,31,5,JFK,TPA,1128,1127,-1,1436,1442,6
2025,1,31,5,JFK,TPA,1540,1556,16,1850,1853,3
2025,1,31,5,JFK,TPA,1745,1736,-9,2054,2054,0
2025,1,31,5,JFK,TPA,1959,1956,-3,2314,2307,-7
